{
    "blocks": [
        {
            "apartments": [
                {
                    "area": 59,
                    "floor": 3,
                    "is_repurchased": true,
                    "lease_price_list": [
                        {
                            "lease": 57,
                            "price": 259000
                        }
                    ],
                    "unit": 246
                }
            ],
            "block_code": {
                "block_num": "7",
                "contract": "C5",
                "neighbourhood": "N2"
            },
            "dpd_date": null,
            "flat_type": "3-Room",
            "lcd_date": {
                "year": 1975,
                "month": 1,
                "day": 1,
                "quarter": null,
                "months_since": -508
            },
            "pcd_date": null,
            "quota_chinese": 1,
            "quota_malay": 1,
            "quota_other": 1,
            "street": "MARINE TERRACE",
            "town": "Marine Parade",
            "title": "MARINE TERRACE WALK",
            "lat": 1.30409794254109,
            "long": 103.917275409766,
            "postal": 440007
        },
        {
            "apartments": [
                {
                    "area": 65,
                    "floor": 8,
                    "is_repurchased": true,
                    "lease_price_list": [
                        {
                            "lease": 58,
                            "price": 304000
                        }
                    ],
                    "unit": 202
                }
            ],
            "block_code": {
                "block_num": "66",
                "contract": "C11",
                "neighbourhood": "N2"
            },
            "dpd_date": null,
            "flat_type": "3-Room",
            "lcd_date": {
                "year": 1976,
                "month": 3,
                "day": 1,
                "quarter": null,
                "months_since": -494
            },
            "pcd_date": null,
            "quota_chinese": 1,
            "quota_malay": 1,
            "quota_other": 1,
            "street": "MARINE DRIVE",
            "town": "Marine Parade",
            "title": "MARINE DRIVE GARDENS",
            "lat": 1.30391193028106,
            "long": 103.909740471499,
            "postal": 440066
        }
    ]
}