{
    "blocks": [
        {
            "apartments": [
                {
                    "area": 38,
                    "floor": 5,
                    "is_repurchased": false,
                    "lease_price_list": [
                        {
                            "lease": 15,
                            "price": 30500
                        },
                        {
                            "lease": 20,
                            "price": 36500
                        },
                        {
                            "lease": 25,
                            "price": 41400
                        },
                        {
                            "lease": 30,
                            "price": 45500
                        },
                        {
                            "lease": 35,
                            "price": 49000
                        },
                        {
                            "lease": 40,
                            "price": 51900
                        },
                        {
                            "lease": 45,
                            "price": 54400
                        },
                        {
                            "lease": 99,
                            "price": 90600
                        }
                    ],
                    "unit": 151
                },
                {
                    "area": 38,
                    "floor": 6,
                    "is_repurchased": false,
                    "lease_price_list": [
                        {
                            "lease": 15,
                            "price": 31700
                        },
                        {
                            "lease": 20,
                            "price": 37900
                        },
                        {
                            "lease": 25,
                            "price": 43100
                        },
                        {
                            "lease": 30,
                            "price": 47300
                        },
                        {
                            "lease": 35,
                            "price": 50900
                        },
                        {
                            "lease": 40,
                            "price": 53900
                        },
                        {
                            "lease": 45,
                            "price": 56500
                        },
                        {
                            "lease": 99,
                            "price": 94200
                        }
                    ],
                    "unit": 153
                },
                {
                    "area": 47,
                    "floor": 3,
                    "is_repurchased": false,
                    "lease_price_list": [
                        {
                            "lease": 15,
                            "price": 35900
                        },
                        {
                            "lease": 20,
                            "price": 43000
                        },
                        {
                            "lease": 25,
                            "price": 48900
                        },
                        {
                            "lease": 30,
                            "price": 53700
                        },
                        {
                            "lease": 35,
                            "price": 57700
                        },
                        {
                            "lease": 40,
                            "price": 61200
                        },
                        {
                            "lease": 45,
                            "price": 64100
                        },
                        {
                            "lease": 99,
                            "price": 106900
                        }
                    ],
                    "unit": 155
                },
                {
                    "area": 47,
                    "floor": 15,
                    "is_repurchased": false,
                    "lease_price_list": [
                        {
                            "lease": 15,
                            "price": 42100
                        },
                        {
                            "lease": 20,
                            "price": 50400
                        },
                        {
                            "lease": 25,
                            "price": 57300
                        },
                        {
                            "lease": 30,
                            "price": 62900
                        },
                        {
                            "lease": 35,
                            "price": 67700
                        },
                        {
                            "lease": 40,
                            "price": 71800
                        },
                        {
                            "lease": 45,
                            "price": 75200
                        },
                        {
                            "lease": 99,
                            "price": 125400
                        }
                    ],
                    "unit": 155
                },
                {
                    "area": 47,
                    "floor": 27,
                    "is_repurchased": false,
                    "lease_price_list": [
                        {
                            "lease": 15,
                            "price": 45600
                        },
                        {
                            "lease": 20,
                            "price": 54600
                        },
                        {
                            "lease": 25,
                            "price": 62100
                        },
                        {
                            "lease": 30,
                            "price": 68200
                        },
                        {
                            "lease": 35,
                            "price": 73400
                        },
                        {
                            "lease": 40,
                            "price": 77800
                        },
                        {
                            "lease": 45,
                            "price": 81500
                        },
                        {
                            "lease": 99,
                            "price": 136000
                        }
                    ],
                    "unit": 155
                },
                {
                    "area": 47,
                    "floor": 18,
                    "is_repurchased": false,
                    "lease_price_list": [
                        {
                            "lease": 15,
                            "price": 42900
                        },
                        {
                            "lease": 20,
                            "price": 51400
                        },
                        {
                            "lease": 25,
                            "price": 58400
                        },
                        {
                            "lease": 30,
                            "price": 64100
                        },
                        {
                            "lease": 35,
                            "price": 69000
                        },
                        {
                            "lease": 40,
                            "price": 73100
                        },
                        {
                            "lease": 45,
                            "price": 76600
                        },
                        {
                            "lease": 99,
                            "price": 127800
                        }
                    ],
                    "unit": 157
                },
                {
                    "area": 47,
                    "floor": 10,
                    "is_repurchased": false,
                    "lease_price_list": [
                        {
                            "lease": 15,
                            "price": 40700
                        },
                        {
                            "lease": 20,
                            "price": 48800
                        },
                        {
                            "lease": 25,
                            "price": 55500
                        },
                        {
                            "lease": 30,
                            "price": 60900
                        },
                        {
                            "lease": 35,
                            "price": 65500
                        },
                        {
                            "lease": 40,
                            "price": 69500
                        },
                        {
                            "lease": 45,
                            "price": 72800
                        },
                        {
                            "lease": 99,
                            "price": 121400
                        }
                    ],
                    "unit": 159
                }
            ],
            "block_code": {
                "block_num": "153",
                "contract": "C15",
                "neighbourhood": "N1"
            },
            "dpd_date": {
                "year": 2021,
                "month": 6,
                "day": 30,
                "quarter": null,
                "months_since": 49
            },
            "flat_type": "2-Room Flexi (Short Lease/99-Year Lease)",
            "lcd_date": null,
            "pcd_date": {
                "year": 2020,
                "month": null,
                "day": null,
                "quarter": 2,
                "months_since": 37
            },
            "quota_chinese": 7,
            "quota_malay": 7,
            "quota_other": 7,
            "street": "JALAN TECK WHYE",
            "town": "Choa Chu Kang",
            "title": "TECK WHYE VISTA",
            "lat": 1.37915046300247,
            "long": 103.758556215411,
            "postal": 680153
        },
        {
            "apartments": [
                {
                    "area": 47,
                    "floor": 5,
                    "is_repurchased": false,
                    "lease_price_list": [
                        {
                            "lease": 15,
                            "price": 37600
                        },
                        {
                            "lease": 20,
                            "price": 44700
                        },
                        {
                            "lease": 25,
                            "price": 50600
                        },
                        {
                            "lease": 30,
                            "price": 55500
                        },
                        {
                            "lease": 35,
                            "price": 59600
                        },
                        {
                            "lease": 40,
                            "price": 63000
                        },
                        {
                            "lease": 45,
                            "price": 66000
                        },
                        {
                            "lease": 97,
                            "price": 108700
                        }
                    ],
                    "unit": 365
                }
            ],
            "block_code": {
                "block_num": "166B",
                "contract": "C12",
                "neighbourhood": "N1"
            },
            "dpd_date": null,
            "flat_type": "2-Room Flexi (Short Lease/99-Year Lease)",
            "lcd_date": {
                "year": 2015,
                "month": 2,
                "day": 1,
                "quarter": null,
                "months_since": -27
            },
            "pcd_date": null,
            "quota_chinese": 1,
            "quota_malay": 1,
            "quota_other": 0,
            "street": "TECK WHYE CRESCENT",
            "town": "Choa Chu Kang",
            "title": "TECK WHYE CREST",
            "lat": 1.38315989308267,
            "long": 103.753400918803,
            "postal": 682166
        },
        {
            "apartments": [
                {
                    "area": 47,
                    "floor": 7,
                    "is_repurchased": false,
                    "lease_price_list": [
                        {
                            "lease": 15,
                            "price": 39700
                        },
                        {
                            "lease": 20,
                            "price": 47500
                        },
                        {
                            "lease": 25,
                            "price": 53900
                        },
                        {
                            "lease": 30,
                            "price": 59200
                        },
                        {
                            "lease": 35,
                            "price": 63700
                        },
                        {
                            "lease": 40,
                            "price": 67500
                        },
                        {
                            "lease": 45,
                            "price": 70700
                        },
                        {
                            "lease": 99,
                            "price": 117800
                        }
                    ],
                    "unit": 644
                }
            ],
            "block_code": {
                "block_num": "809B",
                "contract": "C4",
                "neighbourhood": "N8"
            },
            "dpd_date": null,
            "flat_type": "2-Room Flexi (Short Lease/99-Year Lease)",
            "lcd_date": {
                "year": 2017,
                "month": 4,
                "day": 1,
                "quarter": null,
                "months_since": -1
            },
            "pcd_date": null,
            "quota_chinese": 1,
            "quota_malay": 1,
            "quota_other": 1,
            "street": "CHOA CHU KANG AVENUE 1",
            "town": "Choa Chu Kang",
            "title": "KEAT HONG AXIS",
            "lat": 1.37476188616127,
            "long": 103.744965122728,
            "postal": 682809
        }
    ]
}