{
    "blocks": [
        {
            "apartments": [
                {
                    "area": 60,
                    "floor": 4,
                    "is_repurchased": false,
                    "lease_price_list": [
                        {
                            "lease": 67,
                            "price": 186000
                        }
                    ],
                    "unit": 283
                },
                {
                    "area": 60,
                    "floor": 2,
                    "is_repurchased": false,
                    "lease_price_list": [
                        {
                            "lease": 67,
                            "price": 184000
                        }
                    ],
                    "unit": 285
                },
                {
                    "area": 67,
                    "floor": 2,
                    "is_repurchased": false,
                    "lease_price_list": [
                        {
                            "lease": 67,
                            "price": 197000
                        }
                    ],
                    "unit": 329
                }
            ],
            "block_code": {
                "block_num": "108",
                "contract": "C2",
                "neighbourhood": "N1"
            },
            "dpd_date": null,
            "flat_type": "3-Room (income ceiling $6,000)",
            "lcd_date": {
                "year": 1985,
                "month": 1,
                "day": 1,
                "quarter": null,
                "months_since": -388
            },
            "pcd_date": null,
            "quota_chinese": 3,
            "quota_malay": 3,
            "quota_other": 3,
            "street": "YISHUN RING ROAD",
            "town": "Yishun",
            "title": "NIL",
            "lat": 1.43231478151589,
            "long": 103.829075794233,
            "postal": 760108
        },
        {
            "apartments": [
                {
                    "area": 68,
                    "floor": 2,
                    "is_repurchased": true,
                    "lease_price_list": [
                        {
                            "lease": 67,
                            "price": 221000
                        }
                    ],
                    "unit": 44
                }
            ],
            "block_code": {
                "block_num": "152",
                "contract": "C13",
                "neighbourhood": "N1"
            },
            "dpd_date": null,
            "flat_type": "3-Room (income ceiling $6,000)",
            "lcd_date": {
                "year": 1985,
                "month": 3,
                "day": 1,
                "quarter": null,
                "months_since": -386
            },
            "pcd_date": null,
            "quota_chinese": 1,
            "quota_malay": 1,
            "quota_other": 1,
            "street": "YISHUN STREET 11",
            "town": "Yishun",
            "title": "HDB-YISHUN",
            "lat": 1.43103977540872,
            "long": 103.834755026459,
            "postal": 760152
        },
        {
            "apartments": [
                {
                    "area": 74,
                    "floor": 9,
                    "is_repurchased": true,
                    "lease_price_list": [
                        {
                            "lease": 69,
                            "price": 198000
                        }
                    ],
                    "unit": 120
                }
            ],
            "block_code": {
                "block_num": "284",
                "contract": "C11",
                "neighbourhood": "N2"
            },
            "dpd_date": null,
            "flat_type": "3-Room (income ceiling $6,000)",
            "lcd_date": {
                "year": 1987,
                "month": 8,
                "day": 1,
                "quarter": null,
                "months_since": -357
            },
            "pcd_date": null,
            "quota_chinese": 1,
            "quota_malay": 1,
            "quota_other": 1,
            "street": "YISHUN AVENUE 6",
            "town": "Yishun",
            "title": "HDB-YISHUN",
            "lat": 1.43969859742698,
            "long": 103.838828469463,
            "postal": 760284
        },
        {
            "apartments": [
                {
                    "area": 67,
                    "floor": 8,
                    "is_repurchased": false,
                    "lease_price_list": [
                        {
                            "lease": 97,
                            "price": 209900
                        }
                    ],
                    "unit": 77
                },
                {
                    "area": 67,
                    "floor": 7,
                    "is_repurchased": false,
                    "lease_price_list": [
                        {
                            "lease": 97,
                            "price": 210300
                        }
                    ],
                    "unit": 79
                }
            ],
            "block_code": {
                "block_num": "335A",
                "contract": "C21",
                "neighbourhood": "N3"
            },
            "dpd_date": null,
            "flat_type": "3-Room (income ceiling $6,000)",
            "lcd_date": {
                "year": 2015,
                "month": 11,
                "day": 1,
                "quarter": null,
                "months_since": -18
            },
            "pcd_date": null,
            "quota_chinese": 2,
            "quota_malay": 2,
            "quota_other": 0,
            "street": "YISHUN STREET 31",
            "town": "Yishun",
            "title": "YISHUN RIVERWALK",
            "lat": 1.43328052675088,
            "long": 103.844436750229,
            "postal": 761335
        },
        {
            "apartments": [
                {
                    "area": 67,
                    "floor": 10,
                    "is_repurchased": false,
                    "lease_price_list": [
                        {
                            "lease": 97,
                            "price": 203700
                        }
                    ],
                    "unit": 601
                }
            ],
            "block_code": {
                "block_num": "431B",
                "contract": "C7",
                "neighbourhood": "N4"
            },
            "dpd_date": null,
            "flat_type": "3-Room (income ceiling $6,000)",
            "lcd_date": {
                "year": 2015,
                "month": 9,
                "day": 1,
                "quarter": null,
                "months_since": -20
            },
            "pcd_date": null,
            "quota_chinese": 1,
            "quota_malay": 1,
            "quota_other": 0,
            "street": "YISHUN AVENUE 1",
            "town": "Yishun",
            "title": "VISTA SPRING @ YISHUN",
            "lat": 1.42033318022592,
            "long": 103.847102448565,
            "postal": 762431
        },
        {
            "apartments": [
                {
                    "area": 67,
                    "floor": 9,
                    "is_repurchased": false,
                    "lease_price_list": [
                        {
                            "lease": 97,
                            "price": 202700
                        }
                    ],
                    "unit": 579
                }
            ],
            "block_code": {
                "block_num": "431C",
                "contract": "C7",
                "neighbourhood": "N4"
            },
            "dpd_date": null,
            "flat_type": "3-Room (income ceiling $6,000)",
            "lcd_date": {
                "year": 2015,
                "month": 9,
                "day": 1,
                "quarter": null,
                "months_since": -20
            },
            "pcd_date": null,
            "quota_chinese": 1,
            "quota_malay": 0,
            "quota_other": 0,
            "street": "YISHUN AVENUE 1",
            "town": "Yishun",
            "title": "VISTA SPRING @ YISHUN",
            "lat": 1.42019719250118,
            "long": 103.84650450091,
            "postal": 763431
        },
        {
            "apartments": [
                {
                    "area": 67,
                    "floor": 9,
                    "is_repurchased": false,
                    "lease_price_list": [
                        {
                            "lease": 99,
                            "price": 207900
                        }
                    ],
                    "unit": 484
                }
            ],
            "block_code": {
                "block_num": "501A",
                "contract": "C1",
                "neighbourhood": "N5"
            },
            "dpd_date": null,
            "flat_type": "3-Room (income ceiling $6,000)",
            "lcd_date": {
                "year": 2018,
                "month": 1,
                "day": 1,
                "quarter": null,
                "months_since": 8
            },
            "pcd_date": null,
            "quota_chinese": 1,
            "quota_malay": 1,
            "quota_other": 0,
            "street": "YISHUN STREET 51",
            "town": "Yishun",
            "title": "PALM BREEZE @ YISHUN",
            "lat": 1.41658108381253,
            "long": 103.840452461694,
            "postal": 761501
        },
        {
            "apartments": [
                {
                    "area": 68,
                    "floor": 11,
                    "is_repurchased": false,
                    "lease_price_list": [
                        {
                            "lease": 99,
                            "price": 202800
                        }
                    ],
                    "unit": 138
                },
                {
                    "area": 68,
                    "floor": 12,
                    "is_repurchased": false,
                    "lease_price_list": [
                        {
                            "lease": 99,
                            "price": 203800
                        }
                    ],
                    "unit": 138
                },
                {
                    "area": 68,
                    "floor": 8,
                    "is_repurchased": false,
                    "lease_price_list": [
                        {
                            "lease": 99,
                            "price": 199800
                        }
                    ],
                    "unit": 140
                },
                {
                    "area": 68,
                    "floor": 3,
                    "is_repurchased": false,
                    "lease_price_list": [
                        {
                            "lease": 99,
                            "price": 186300
                        }
                    ],
                    "unit": 142
                },
                {
                    "area": 68,
                    "floor": 10,
                    "is_repurchased": false,
                    "lease_price_list": [
                        {
                            "lease": 99,
                            "price": 201800
                        }
                    ],
                    "unit": 146
                }
            ],
            "block_code": {
                "block_num": "506B",
                "contract": "C4",
                "neighbourhood": "N5"
            },
            "dpd_date": null,
            "flat_type": "3-Room (income ceiling $6,000)",
            "lcd_date": {
                "year": 2018,
                "month": 4,
                "day": 1,
                "quarter": null,
                "months_since": 11
            },
            "pcd_date": null,
            "quota_chinese": 5,
            "quota_malay": 1,
            "quota_other": 0,
            "street": "YISHUN AVENUE 4",
            "town": "Yishun",
            "title": "ANGSANA BREEZE @ YISHUN",
            "lat": 1.41581792749072,
            "long": 103.840677928722,
            "postal": 762506
        },
        {
            "apartments": [
                {
                    "area": 68,
                    "floor": 10,
                    "is_repurchased": false,
                    "lease_price_list": [
                        {
                            "lease": 99,
                            "price": 201800
                        }
                    ],
                    "unit": 114
                },
                {
                    "area": 68,
                    "floor": 11,
                    "is_repurchased": false,
                    "lease_price_list": [
                        {
                            "lease": 99,
                            "price": 202800
                        }
                    ],
                    "unit": 116
                },
                {
                    "area": 68,
                    "floor": 13,
                    "is_repurchased": false,
                    "lease_price_list": [
                        {
                            "lease": 99,
                            "price": 207100
                        }
                    ],
                    "unit": 118
                }
            ],
            "block_code": {
                "block_num": "506C",
                "contract": "C4",
                "neighbourhood": "N5"
            },
            "dpd_date": null,
            "flat_type": "3-Room (income ceiling $6,000)",
            "lcd_date": {
                "year": 2018,
                "month": 4,
                "day": 1,
                "quarter": null,
                "months_since": 11
            },
            "pcd_date": null,
            "quota_chinese": 3,
            "quota_malay": 3,
            "quota_other": 1,
            "street": "YISHUN AVENUE 4",
            "town": "Yishun",
            "title": "ANGSANA BREEZE @ YISHUN",
            "lat": 1.41544715803729,
            "long": 103.840453933477,
            "postal": 763506
        },
        {
            "apartments": [
                {
                    "area": 68,
                    "floor": 8,
                    "is_repurchased": false,
                    "lease_price_list": [
                        {
                            "lease": 99,
                            "price": 199800
                        }
                    ],
                    "unit": 104
                }
            ],
            "block_code": {
                "block_num": "507A",
                "contract": "C4",
                "neighbourhood": "N5"
            },
            "dpd_date": null,
            "flat_type": "3-Room (income ceiling $6,000)",
            "lcd_date": {
                "year": 2018,
                "month": 4,
                "day": 1,
                "quarter": null,
                "months_since": 11
            },
            "pcd_date": null,
            "quota_chinese": 1,
            "quota_malay": 1,
            "quota_other": 0,
            "street": "YISHUN AVENUE 4",
            "town": "Yishun",
            "title": "ANGSANA BREEZE @ YISHUN",
            "lat": 1.41528579220047,
            "long": 103.839846819606,
            "postal": 761507
        },
        {
            "apartments": [
                {
                    "area": 68,
                    "floor": 10,
                    "is_repurchased": false,
                    "lease_price_list": [
                        {
                            "lease": 99,
                            "price": 201800
                        }
                    ],
                    "unit": 82
                },
                {
                    "area": 68,
                    "floor": 13,
                    "is_repurchased": false,
                    "lease_price_list": [
                        {
                            "lease": 99,
                            "price": 203800
                        }
                    ],
                    "unit": 82
                }
            ],
            "block_code": {
                "block_num": "508A",
                "contract": "C4",
                "neighbourhood": "N5"
            },
            "dpd_date": null,
            "flat_type": "3-Room (income ceiling $6,000)",
            "lcd_date": {
                "year": 2018,
                "month": 4,
                "day": 1,
                "quarter": null,
                "months_since": 11
            },
            "pcd_date": null,
            "quota_chinese": 2,
            "quota_malay": 2,
            "quota_other": 0,
            "street": "YISHUN AVENUE 4",
            "town": "Yishun",
            "title": "ANGSANA BREEZE @ YISHUN",
            "lat": 1.41477557437493,
            "long": 103.839550401283,
            "postal": 761508
        },
        {
            "apartments": [
                {
                    "area": 68,
                    "floor": 13,
                    "is_repurchased": false,
                    "lease_price_list": [
                        {
                            "lease": 99,
                            "price": 207900
                        }
                    ],
                    "unit": 413
                }
            ],
            "block_code": {
                "block_num": "511A",
                "contract": "C6",
                "neighbourhood": "N5"
            },
            "dpd_date": null,
            "flat_type": "3-Room (income ceiling $6,000)",
            "lcd_date": {
                "year": 2017,
                "month": 8,
                "day": 1,
                "quarter": null,
                "months_since": 3
            },
            "pcd_date": null,
            "quota_chinese": 1,
            "quota_malay": 1,
            "quota_other": 1,
            "street": "YISHUN STREET 51",
            "town": "Yishun",
            "title": "OLEANDER BREEZE @ YISHUN",
            "lat": 1.41566783698477,
            "long": 103.8414467223,
            "postal": 761511
        },
        {
            "apartments": [
                {
                    "area": 68,
                    "floor": 5,
                    "is_repurchased": false,
                    "lease_price_list": [
                        {
                            "lease": 99,
                            "price": 196400
                        }
                    ],
                    "unit": 451
                },
                {
                    "area": 68,
                    "floor": 11,
                    "is_repurchased": false,
                    "lease_price_list": [
                        {
                            "lease": 99,
                            "price": 206900
                        }
                    ],
                    "unit": 453
                }
            ],
            "block_code": {
                "block_num": "511C",
                "contract": "C6",
                "neighbourhood": "N5"
            },
            "dpd_date": null,
            "flat_type": "3-Room (income ceiling $6,000)",
            "lcd_date": {
                "year": 2017,
                "month": 8,
                "day": 1,
                "quarter": null,
                "months_since": 3
            },
            "pcd_date": null,
            "quota_chinese": 2,
            "quota_malay": 2,
            "quota_other": 0,
            "street": "YISHUN STREET 51",
            "town": "Yishun",
            "title": "OLEANDER BREEZE @ YISHUN",
            "lat": 1.41530042037476,
            "long": 103.842596288674,
            "postal": 763511
        },
        {
            "apartments": [
                {
                    "area": 68,
                    "floor": 12,
                    "is_repurchased": false,
                    "lease_price_list": [
                        {
                            "lease": 99,
                            "price": 207900
                        }
                    ],
                    "unit": 507
                }
            ],
            "block_code": {
                "block_num": "512A",
                "contract": "C6",
                "neighbourhood": "N5"
            },
            "dpd_date": null,
            "flat_type": "3-Room (income ceiling $6,000)",
            "lcd_date": {
                "year": 2017,
                "month": 8,
                "day": 1,
                "quarter": null,
                "months_since": 3
            },
            "pcd_date": null,
            "quota_chinese": 1,
            "quota_malay": 1,
            "quota_other": 1,
            "street": "YISHUN STREET 51",
            "town": "Yishun",
            "title": "OLEANDER BREEZE @ YISHUN",
            "lat": 1.41427601038773,
            "long": 103.841120715272,
            "postal": 761512
        },
        {
            "apartments": [
                {
                    "area": 68,
                    "floor": 13,
                    "is_repurchased": false,
                    "lease_price_list": [
                        {
                            "lease": 99,
                            "price": 191600
                        }
                    ],
                    "unit": 600
                },
                {
                    "area": 68,
                    "floor": 8,
                    "is_repurchased": false,
                    "lease_price_list": [
                        {
                            "lease": 99,
                            "price": 187800
                        }
                    ],
                    "unit": 610
                }
            ],
            "block_code": {
                "block_num": "671A",
                "contract": "C19",
                "neighbourhood": "N6"
            },
            "dpd_date": null,
            "flat_type": "3-Room (income ceiling $6,000)",
            "lcd_date": {
                "year": 2018,
                "month": 1,
                "day": 1,
                "quarter": null,
                "months_since": 8
            },
            "pcd_date": null,
            "quota_chinese": 2,
            "quota_malay": 1,
            "quota_other": 1,
            "street": "YISHUN AVENUE 4",
            "town": "Yishun",
            "title": "VINE GROVE @ YISHUN",
            "lat": 1.41897568011425,
            "long": 103.842333395726,
            "postal": 761671
        },
        {
            "apartments": [
                {
                    "area": 68,
                    "floor": 10,
                    "is_repurchased": false,
                    "lease_price_list": [
                        {
                            "lease": 99,
                            "price": 186700
                        }
                    ],
                    "unit": 508
                },
                {
                    "area": 68,
                    "floor": 13,
                    "is_repurchased": false,
                    "lease_price_list": [
                        {
                            "lease": 99,
                            "price": 185400
                        }
                    ],
                    "unit": 508
                }
            ],
            "block_code": {
                "block_num": "672A",
                "contract": "C19",
                "neighbourhood": "N6"
            },
            "dpd_date": null,
            "flat_type": "3-Room (income ceiling $6,000)",
            "lcd_date": {
                "year": 2018,
                "month": 1,
                "day": 1,
                "quarter": null,
                "months_since": 8
            },
            "pcd_date": null,
            "quota_chinese": 2,
            "quota_malay": 2,
            "quota_other": 2,
            "street": "YISHUN AVENUE 4",
            "town": "Yishun",
            "title": "VINE GROVE @ YISHUN",
            "lat": 1.41875267193096,
            "long": 103.84138862703,
            "postal": 761672
        },
        {
            "apartments": [
                {
                    "area": 68,
                    "floor": 9,
                    "is_repurchased": false,
                    "lease_price_list": [
                        {
                            "lease": 99,
                            "price": 185700
                        }
                    ],
                    "unit": 530
                }
            ],
            "block_code": {
                "block_num": "672B",
                "contract": "C19",
                "neighbourhood": "N6"
            },
            "dpd_date": null,
            "flat_type": "3-Room (income ceiling $6,000)",
            "lcd_date": {
                "year": 2018,
                "month": 1,
                "day": 1,
                "quarter": null,
                "months_since": 8
            },
            "pcd_date": null,
            "quota_chinese": 1,
            "quota_malay": 1,
            "quota_other": 1,
            "street": "YISHUN AVENUE 4",
            "town": "Yishun",
            "title": "VINE GROVE @ YISHUN",
            "lat": 1.4185908072813,
            "long": 103.841823925238,
            "postal": 762672
        },
        {
            "apartments": [
                {
                    "area": 68,
                    "floor": 13,
                    "is_repurchased": false,
                    "lease_price_list": [
                        {
                            "lease": 99,
                            "price": 185600
                        }
                    ],
                    "unit": 566
                }
            ],
            "block_code": {
                "block_num": "672C",
                "contract": "C19",
                "neighbourhood": "N6"
            },
            "dpd_date": null,
            "flat_type": "3-Room (income ceiling $6,000)",
            "lcd_date": {
                "year": 2018,
                "month": 1,
                "day": 1,
                "quarter": null,
                "months_since": 8
            },
            "pcd_date": null,
            "quota_chinese": 1,
            "quota_malay": 1,
            "quota_other": 0,
            "street": "YISHUN AVENUE 4",
            "town": "Yishun",
            "title": "VINE GROVE @ YISHUN",
            "lat": 1.41836093867259,
            "long": 103.842650670571,
            "postal": 763672
        },
        {
            "apartments": [
                {
                    "area": 68,
                    "floor": 12,
                    "is_repurchased": false,
                    "lease_price_list": [
                        {
                            "lease": 99,
                            "price": 188100
                        }
                    ],
                    "unit": 802
                }
            ],
            "block_code": {
                "block_num": "675C",
                "contract": "C17",
                "neighbourhood": "N6"
            },
            "dpd_date": {
                "year": 2018,
                "month": 10,
                "day": 31,
                "quarter": null,
                "months_since": 17
            },
            "flat_type": "3-Room (income ceiling $6,000)",
            "lcd_date": null,
            "pcd_date": {
                "year": 2017,
                "month": 5,
                "day": null,
                "quarter": null,
                "months_since": 0
            },
            "quota_chinese": 1,
            "quota_malay": 1,
            "quota_other": 1,
            "street": "YISHUN AVENUE 4",
            "town": "Yishun",
            "title": "FERN GROVE @ YISHUN",
            "lat": 1.41942653983801,
            "long": 103.842181861126,
            "postal": 763675
        },
        {
            "apartments": [
                {
                    "area": 68,
                    "floor": 5,
                    "is_repurchased": false,
                    "lease_price_list": [
                        {
                            "lease": 99,
                            "price": 176600
                        }
                    ],
                    "unit": 814
                },
                {
                    "area": 68,
                    "floor": 13,
                    "is_repurchased": false,
                    "lease_price_list": [
                        {
                            "lease": 99,
                            "price": 191500
                        }
                    ],
                    "unit": 822
                },
                {
                    "area": 68,
                    "floor": 2,
                    "is_repurchased": false,
                    "lease_price_list": [
                        {
                            "lease": 99,
                            "price": 167600
                        }
                    ],
                    "unit": 834
                }
            ],
            "block_code": {
                "block_num": "675D",
                "contract": "C17",
                "neighbourhood": "N6"
            },
            "dpd_date": {
                "year": 2018,
                "month": 10,
                "day": 31,
                "quarter": null,
                "months_since": 17
            },
            "flat_type": "3-Room (income ceiling $6,000)",
            "lcd_date": null,
            "pcd_date": {
                "year": 2017,
                "month": 9,
                "day": null,
                "quarter": null,
                "months_since": 4
            },
            "quota_chinese": 3,
            "quota_malay": 3,
            "quota_other": 1,
            "street": "YISHUN AVENUE 4",
            "town": "Yishun",
            "title": "FERN GROVE @ YISHUN",
            "lat": 1.41973599096205,
            "long": 103.84270367205,
            "postal": 764675
        },
        {
            "apartments": [
                {
                    "area": 72,
                    "floor": 1,
                    "is_repurchased": false,
                    "lease_price_list": [
                        {
                            "lease": 66,
                            "price": 209000
                        }
                    ],
                    "unit": 286
                }
            ],
            "block_code": {
                "block_num": "702",
                "contract": "C1",
                "neighbourhood": "N7"
            },
            "dpd_date": null,
            "flat_type": "3-Room (income ceiling $6,000)",
            "lcd_date": {
                "year": 1984,
                "month": 6,
                "day": 1,
                "quarter": null,
                "months_since": -395
            },
            "pcd_date": null,
            "quota_chinese": 1,
            "quota_malay": 1,
            "quota_other": 1,
            "street": "YISHUN AVENUE 5",
            "town": "Yishun",
            "title": "NIL",
            "lat": 1.42981540483617,
            "long": 103.829467215859,
            "postal": 760702
        },
        {
            "apartments": [
                {
                    "area": 67,
                    "floor": 4,
                    "is_repurchased": true,
                    "lease_price_list": [
                        {
                            "lease": 66,
                            "price": 234000
                        }
                    ],
                    "unit": 197
                }
            ],
            "block_code": {
                "block_num": "744",
                "contract": "C7",
                "neighbourhood": "N7"
            },
            "dpd_date": null,
            "flat_type": "3-Room (income ceiling $6,000)",
            "lcd_date": {
                "year": 1984,
                "month": 8,
                "day": 1,
                "quarter": null,
                "months_since": -393
            },
            "pcd_date": null,
            "quota_chinese": 1,
            "quota_malay": 1,
            "quota_other": 1,
            "street": "YISHUN STREET 72",
            "town": "Yishun",
            "title": "NEE SOON CENTRAL SPRING",
            "lat": 1.42934172944692,
            "long": 103.834049245985,
            "postal": 760744
        },
        {
            "apartments": [
                {
                    "area": 67,
                    "floor": 11,
                    "is_repurchased": false,
                    "lease_price_list": [
                        {
                            "lease": 99,
                            "price": 235700
                        }
                    ],
                    "unit": 4413
                },
                {
                    "area": 67,
                    "floor": 8,
                    "is_repurchased": false,
                    "lease_price_list": [
                        {
                            "lease": 99,
                            "price": 236600
                        }
                    ],
                    "unit": 4415
                }
            ],
            "block_code": {
                "block_num": "813A",
                "contract": "C15",
                "neighbourhood": "N8"
            },
            "dpd_date": null,
            "flat_type": "3-Room (income ceiling $6,000)",
            "lcd_date": {
                "year": 2018,
                "month": 5,
                "day": 1,
                "quarter": null,
                "months_since": 12
            },
            "pcd_date": null,
            "quota_chinese": 2,
            "quota_malay": 2,
            "quota_other": 2,
            "street": "YISHUN RING ROAD",
            "town": "Yishun",
            "title": "KHATIB COURT",
            "lat": 1.41826583640092,
            "long": 103.832595506981,
            "postal": 761813
        },
        {
            "apartments": [
                {
                    "area": 67,
                    "floor": 13,
                    "is_repurchased": false,
                    "lease_price_list": [
                        {
                            "lease": 99,
                            "price": 241600
                        }
                    ],
                    "unit": 4447
                }
            ],
            "block_code": {
                "block_num": "813B",
                "contract": "C15",
                "neighbourhood": "N8"
            },
            "dpd_date": null,
            "flat_type": "3-Room (income ceiling $6,000)",
            "lcd_date": {
                "year": 2018,
                "month": 5,
                "day": 1,
                "quarter": null,
                "months_since": 12
            },
            "pcd_date": null,
            "quota_chinese": 1,
            "quota_malay": 1,
            "quota_other": 1,
            "street": "YISHUN RING ROAD",
            "town": "Yishun",
            "title": "KHATIB COURT",
            "lat": 1.41738958748617,
            "long": 103.832369658329,
            "postal": 762813
        }
    ]
}