[{
    "apartments": [
        {
            "area": 43.0,
            "floor": 9,
            "is_repurchased": true,
            "lease_price_list": [
                {
                    "lease": "15",
                    "price": 71700
                },
                {
                    "lease": "20",
                    "price": 86000
                },
                {
                    "lease": "25",
                    "price": 97800
                },
                {
                    "lease": "30",
                    "price": 107500
                },
                {
                    "lease": "35",
                    "price": 115700
                },
                {
                    "lease": "40",
                    "price": 122700
                },
                {
                    "lease": "45",
                    "price": 128600
                },
                {
                    "lease": "Remaining",
                    "price": 182000
                }
            ],
            "unit": 24
        }
    ],
    "block_code": {
        "block_num": "52",
        "contract": "C2",
        "neighbourhood": "N2"
    },
    "dpd_date": "NA (Keys Available)",
    "flat_type": "2-Room Flexi (Short Lease/99-Year Lease)",
    "lcd_date": "01 Jun 1983",
    "pcd_date": "-",
    "quota_chinese": 1,
    "quota_malay": 1,
    "quota_other": 1,
    "street": "LOR 6 TOA PAYOH",
    "town": "Toa Payoh"
},
{
    "apartments": [
        {
            "area": 43.0,
            "floor": 8,
            "is_repurchased": false,
            "lease_price_list": [
                {
                    "lease": null,
                    "price": 183000
                }
            ],
            "unit": 178
        }
    ],
    "block_code": {
        "block_num": "55",
        "contract": "C6",
        "neighbourhood": "N2"
    },
    "dpd_date": "NA (Keys Available)",
    "flat_type": "2-Room Flexi (Short Lease/99-Year Lease)",
    "lcd_date": "01 Jun 1967",
    "pcd_date": "-",
    "quota_chinese": 1,
    "quota_malay": 1,
    "quota_other": 1,
    "street": "LOR 5 TOA PAYOH",
    "town": "Toa Payoh"
},
{
    "apartments": [
        {
            "area": 45.0,
            "floor": 5,
            "is_repurchased": false,
            "lease_price_list": [
                {
                    "lease": null,
                    "price": 180000
                }
            ],
            "unit": 51
        }
    ],
    "block_code": {
        "block_num": "58",
        "contract": "C6",
        "neighbourhood": "N2"
    },
    "dpd_date": "NA (Keys Available)",
    "flat_type": "2-Room Flexi (Short Lease/99-Year Lease)",
    "lcd_date": "01 Jun 1967",
    "pcd_date": "-",
    "quota_chinese": 1,
    "quota_malay": 1,
    "quota_other": 1,
    "street": "LOR 4 TOA PAYOH",
    "town": "Toa Payoh"
}]
