[{
    "apartments": [
        {
            "area": 68.0,
            "floor": 6,
            "is_repurchased": false,
            "lease_price_list": [
                {
                    "lease": null,
                    "price": 312200
                }
            ],
            "unit": 61
        },
        {
            "area": 68.0,
            "floor": 14,
            "is_repurchased": false,
            "lease_price_list": [
                {
                    "lease": null,
                    "price": 323000
                }
            ],
            "unit": 63
        },
        {
            "area": 68.0,
            "floor": 8,
            "is_repurchased": false,
            "lease_price_list": [
                {
                    "lease": null,
                    "price": 317100
                }
            ],
            "unit": 65
        }
    ],
    "block_code": {
        "block_num": "7",
        "contract": "C8A",
        "neighbourhood": "N8"
    },
    "dpd_date": "NA (Keys Available)",
    "flat_type": "3-Room",
    "lcd_date": "01 Feb 2017",
    "pcd_date": "-",
    "quota_chinese": 3,
    "quota_malay": 1,
    "quota_other": 1,
    "street": "UPP ALJUNIED LANE",
    "town": "Toa Payoh"
},
{
    "apartments": [
        {
            "area": 68.0,
            "floor": 3,
            "is_repurchased": false,
            "lease_price_list": [
                {
                    "lease": null,
                    "price": 275700
                }
            ],
            "unit": 20
        }
    ],
    "block_code": {
        "block_num": "9",
        "contract": "C8B",
        "neighbourhood": "N8"
    },
    "dpd_date": "NA (Keys Available)",
    "flat_type": "3-Room",
    "lcd_date": "01 Feb 2017",
    "pcd_date": "-",
    "quota_chinese": 0,
    "quota_malay": 0,
    "quota_other": 1,
    "street": "JOO SENG RD",
    "town": "Toa Payoh"
},
{
    "apartments": [
        {
            "area": 66.0,
            "floor": 6,
            "is_repurchased": true,
            "lease_price_list": [
                {
                    "lease": null,
                    "price": 189000
                }
            ],
            "unit": 471
        }
    ],
    "block_code": {
        "block_num": "12",
        "contract": "C4",
        "neighbourhood": "N1"
    },
    "dpd_date": "NA (Keys Available)",
    "flat_type": "3-Room",
    "lcd_date": "01 Jul 1970",
    "pcd_date": "-",
    "quota_chinese": 1,
    "quota_malay": 1,
    "quota_other": 1,
    "street": "LOR 7 TOA PAYOH",
    "town": "Toa Payoh"
},
{
    "apartments": [
        {
            "area": 63.0,
            "floor": 2,
            "is_repurchased": true,
            "lease_price_list": [
                {
                    "lease": null,
                    "price": 197000
                }
            ],
            "unit": 72
        },
        {
            "area": 73.0,
            "floor": 15,
            "is_repurchased": true,
            "lease_price_list": [
                {
                    "lease": null,
                    "price": 224000
                }
            ],
            "unit": 86
        }
    ],
    "block_code": {
        "block_num": "51",
        "contract": "C6",
        "neighbourhood": "N2"
    },
    "dpd_date": "NA (Keys Available)",
    "flat_type": "3-Room",
    "lcd_date": "01 Jun 1983",
    "pcd_date": "-",
    "quota_chinese": 2,
    "quota_malay": 2,
    "quota_other": 2,
    "street": "LOR 6 TOA PAYOH",
    "town": "Toa Payoh"
},
{
    "apartments": [
        {
            "area": 61.0,
            "floor": 7,
            "is_repurchased": true,
            "lease_price_list": [
                {
                    "lease": null,
                    "price": 203300
                }
            ],
            "unit": 232
        }
    ],
    "block_code": {
        "block_num": "57",
        "contract": "C6A",
        "neighbourhood": "N2"
    },
    "dpd_date": "NA (Keys Available)",
    "flat_type": "3-Room",
    "lcd_date": "01 Jan 1973",
    "pcd_date": "-",
    "quota_chinese": 0,
    "quota_malay": 1,
    "quota_other": 1,
    "street": "LOR 5 TOA PAYOH",
    "town": "Toa Payoh"
},
{
    "apartments": [
        {
            "area": 57.0,
            "floor": 9,
            "is_repurchased": false,
            "lease_price_list": [
                {
                    "lease": null,
                    "price": 201000
                }
            ],
            "unit": 57
        }
    ],
    "block_code": {
        "block_num": "58",
        "contract": "C6",
        "neighbourhood": "N2"
    },
    "dpd_date": "NA (Keys Available)",
    "flat_type": "3-Room",
    "lcd_date": "01 Jun 1967",
    "pcd_date": "-",
    "quota_chinese": 1,
    "quota_malay": 1,
    "quota_other": 1,
    "street": "LOR 4 TOA PAYOH",
    "town": "Toa Payoh"
},
{
    "apartments": [
        {
            "area": 68.0,
            "floor": 15,
            "is_repurchased": false,
            "lease_price_list": [
                {
                    "lease": null,
                    "price": 277400
                }
            ],
            "unit": 316
        }
    ],
    "block_code": {
        "block_num": "85A",
        "contract": "C9",
        "neighbourhood": "N3"
    },
    "dpd_date": "NA (Keys Available)",
    "flat_type": "3-Room",
    "lcd_date": "01 Jan 1972",
    "pcd_date": "-",
    "quota_chinese": 0,
    "quota_malay": 1,
    "quota_other": 1,
    "street": "LOR 4 TOA PAYOH",
    "town": "Toa Payoh"
},
{
    "apartments": [
        {
            "area": 68.0,
            "floor": 2,
            "is_repurchased": true,
            "lease_price_list": [
                {
                    "lease": null,
                    "price": 258400
                }
            ],
            "unit": 374
        }
    ],
    "block_code": {
        "block_num": "85C",
        "contract": "C9",
        "neighbourhood": "N3"
    },
    "dpd_date": "NA (Keys Available)",
    "flat_type": "3-Room",
    "lcd_date": "01 Jan 1972",
    "pcd_date": "-",
    "quota_chinese": 0,
    "quota_malay": 1,
    "quota_other": 1,
    "street": "LOR 4 TOA PAYOH",
    "town": "Toa Payoh"
},
{
    "apartments": [
        {
            "area": 68.0,
            "floor": 16,
            "is_repurchased": true,
            "lease_price_list": [
                {
                    "lease": null,
                    "price": 250800
                }
            ],
            "unit": 34
        }
    ],
    "block_code": {
        "block_num": "96",
        "contract": "C3",
        "neighbourhood": "N3"
    },
    "dpd_date": "NA (Keys Available)",
    "flat_type": "3-Room",
    "lcd_date": "01 Jan 1970",
    "pcd_date": "-",
    "quota_chinese": 0,
    "quota_malay": 1,
    "quota_other": 1,
    "street": "LOR 3 TOA PAYOH",
    "town": "Toa Payoh"
},
{
    "apartments": [
        {
            "area": 68.0,
            "floor": 11,
            "is_repurchased": true,
            "lease_price_list": [
                {
                    "lease": null,
                    "price": 250800
                }
            ],
            "unit": 287
        }
    ],
    "block_code": {
        "block_num": "100",
        "contract": "C3",
        "neighbourhood": "N3"
    },
    "dpd_date": "NA (Keys Available)",
    "flat_type": "3-Room",
    "lcd_date": "01 Jan 1970",
    "pcd_date": "-",
    "quota_chinese": 0,
    "quota_malay": 1,
    "quota_other": 1,
    "street": "LOR 1 TOA PAYOH",
    "town": "Toa Payoh"
},
{
    "apartments": [
        {
            "area": 74.0,
            "floor": 3,
            "is_repurchased": true,
            "lease_price_list": [
                {
                    "lease": null,
                    "price": 274000
                }
            ],
            "unit": 456
        }
    ],
    "block_code": {
        "block_num": "106",
        "contract": "C5",
        "neighbourhood": "N7"
    },
    "dpd_date": "NA (Keys Available)",
    "flat_type": "3-Room",
    "lcd_date": "01 Jul 1984",
    "pcd_date": "-",
    "quota_chinese": 1,
    "quota_malay": 1,
    "quota_other": 1,
    "street": "POTONG PASIR AVE 1",
    "town": "Toa Payoh"
},
{
    "apartments": [
        {
            "area": 67.0,
            "floor": 8,
            "is_repurchased": true,
            "lease_price_list": [
                {
                    "lease": null,
                    "price": 224000
                }
            ],
            "unit": 926
        }
    ],
    "block_code": {
        "block_num": "117",
        "contract": "C6",
        "neighbourhood": "N7"
    },
    "dpd_date": "NA (Keys Available)",
    "flat_type": "3-Room",
    "lcd_date": "01 Oct 1984",
    "pcd_date": "-",
    "quota_chinese": 1,
    "quota_malay": 1,
    "quota_other": 1,
    "street": "POTONG PASIR AVE 1",
    "town": "Toa Payoh"
},
{
    "apartments": [
        {
            "area": 68.0,
            "floor": 18,
            "is_repurchased": false,
            "lease_price_list": [
                {
                    "lease": null,
                    "price": 344900
                }
            ],
            "unit": 534
        }
    ],
    "block_code": {
        "block_num": "131A",
        "contract": "C28",
        "neighbourhood": "N4"
    },
    "dpd_date": "31 Jul 2018",
    "flat_type": "3-Room",
    "lcd_date": "-",
    "pcd_date": "07/2017",
    "quota_chinese": 1,
    "quota_malay": 1,
    "quota_other": 1,
    "street": "LOR 1 TOA PAYOH",
    "town": "Toa Payoh"
},
{
    "apartments": [
        {
            "area": 67.0,
            "floor": 3,
            "is_repurchased": true,
            "lease_price_list": [
                {
                    "lease": null,
                    "price": 188000
                }
            ],
            "unit": 408
        }
    ],
    "block_code": {
        "block_num": "194",
        "contract": "C10",
        "neighbourhood": "N6"
    },
    "dpd_date": "NA (Keys Available)",
    "flat_type": "3-Room",
    "lcd_date": "01 Jul 1973",
    "pcd_date": "-",
    "quota_chinese": 1,
    "quota_malay": 1,
    "quota_other": 1,
    "street": "KIM KEAT AVE",
    "town": "Toa Payoh"
},
{
    "apartments": [
        {
            "area": 66.0,
            "floor": 11,
            "is_repurchased": true,
            "lease_price_list": [
                {
                    "lease": null,
                    "price": 198000
                }
            ],
            "unit": 382
        }
    ],
    "block_code": {
        "block_num": "195",
        "contract": "C10",
        "neighbourhood": "N6"
    },
    "dpd_date": "NA (Keys Available)",
    "flat_type": "3-Room",
    "lcd_date": "01 Jul 1973",
    "pcd_date": "-",
    "quota_chinese": 1,
    "quota_malay": 1,
    "quota_other": 1,
    "street": "KIM KEAT AVE",
    "town": "Toa Payoh"
},
{
    "apartments": [
        {
            "area": 65.0,
            "floor": 4,
            "is_repurchased": true,
            "lease_price_list": [
                {
                    "lease": null,
                    "price": 194000
                }
            ],
            "unit": 236
        }
    ],
    "block_code": {
        "block_num": "232",
        "contract": "C14",
        "neighbourhood": "N1"
    },
    "dpd_date": "NA (Keys Available)",
    "flat_type": "3-Room",
    "lcd_date": "01 Nov 1976",
    "pcd_date": "-",
    "quota_chinese": 1,
    "quota_malay": 1,
    "quota_other": 1,
    "street": "LOR 8 TOA PAYOH",
    "town": "Toa Payoh"
},
{
    "apartments": [
        {
            "area": 65.0,
            "floor": 11,
            "is_repurchased": true,
            "lease_price_list": [
                {
                    "lease": null,
                    "price": 198500
                }
            ],
            "unit": 290
        }
    ],
    "block_code": {
        "block_num": "234",
        "contract": "C14",
        "neighbourhood": "N1"
    },
    "dpd_date": "NA (Keys Available)",
    "flat_type": "3-Room",
    "lcd_date": "01 Sep 1976",
    "pcd_date": "-",
    "quota_chinese": 0,
    "quota_malay": 1,
    "quota_other": 1,
    "street": "LOR 8 TOA PAYOH",
    "town": "Toa Payoh"
},
{
    "apartments": [
        {
            "area": 68.0,
            "floor": 3,
            "is_repurchased": false,
            "lease_price_list": [
                {
                    "lease": null,
                    "price": 281200
                }
            ],
            "unit": 12
        },
        {
            "area": 68.0,
            "floor": 9,
            "is_repurchased": false,
            "lease_price_list": [
                {
                    "lease": null,
                    "price": 316500
                }
            ],
            "unit": 12
        },
        {
            "area": 68.0,
            "floor": 32,
            "is_repurchased": false,
            "lease_price_list": [
                {
                    "lease": null,
                    "price": 348400
                }
            ],
            "unit": 12
        }
    ],
    "block_code": {
        "block_num": "262",
        "contract": "C23A",
        "neighbourhood": "N2"
    },
    "dpd_date": "30 Nov 2019",
    "flat_type": "3-Room",
    "lcd_date": "-",
    "pcd_date": "4Q/2018",
    "quota_chinese": 3,
    "quota_malay": 3,
    "quota_other": 3,
    "street": "TOA PAYOH EAST",
    "town": "Toa Payoh"
},
{
    "apartments": [
        {
            "area": 68.0,
            "floor": 18,
            "is_repurchased": false,
            "lease_price_list": [
                {
                    "lease": null,
                    "price": 334400
                }
            ],
            "unit": 24
        }
    ],
    "block_code": {
        "block_num": "263",
        "contract": "C23A",
        "neighbourhood": "N2"
    },
    "dpd_date": "30 Nov 2019",
    "flat_type": "3-Room",
    "lcd_date": "-",
    "pcd_date": "4Q/2018",
    "quota_chinese": 1,
    "quota_malay": 1,
    "quota_other": 1,
    "street": "TOA PAYOH EAST",
    "town": "Toa Payoh"
}]
