[{
    "apartments": [
        {
            "area": 93.0,
            "floor": 12,
            "is_repurchased": false,
            "lease_price_list": [
                {
                    "lease": null,
                    "price": 527200
                }
            ],
            "unit": 500
        },
        {
            "area": 93.0,
            "floor": 22,
            "is_repurchased": false,
            "lease_price_list": [
                {
                    "lease": null,
                    "price": 546200
                }
            ],
            "unit": 500
        },
        {
            "area": 93.0,
            "floor": 5,
            "is_repurchased": false,
            "lease_price_list": [
                {
                    "lease": null,
                    "price": 494000
                }
            ],
            "unit": 504
        },
        {
            "area": 93.0,
            "floor": 25,
            "is_repurchased": false,
            "lease_price_list": [
                {
                    "lease": null,
                    "price": 553900
                }
            ],
            "unit": 504
        }
    ],
    "block_code": {
        "block_num": "130A",
        "contract": "C28",
        "neighbourhood": "N4"
    },
    "dpd_date": "NA (Keys Available)",
    "flat_type": "4-Room",
    "lcd_date": "01 Aug 2018",
    "pcd_date": "-",
    "quota_chinese": 2,
    "quota_malay": 4,
    "quota_other": 4,
    "street": "LOR 1 TOA PAYOH",
    "town": "Toa Payoh"
},
{
    "apartments": [
        {
            "area": 93.0,
            "floor": 30,
            "is_repurchased": false,
            "lease_price_list": [
                {
                    "lease": null,
                    "price": 569400
                }
            ],
            "unit": 514
        },
        {
            "area": 93.0,
            "floor": 26,
            "is_repurchased": false,
            "lease_price_list": [
                {
                    "lease": null,
                    "price": 555300
                }
            ],
            "unit": 520
        },
        {
            "area": 93.0,
            "floor": 10,
            "is_repurchased": false,
            "lease_price_list": [
                {
                    "lease": null,
                    "price": 541400
                }
            ],
            "unit": 522
        }
    ],
    "block_code": {
        "block_num": "130B",
        "contract": "C28",
        "neighbourhood": "N4"
    },
    "dpd_date": "NA (Keys Available)",
    "flat_type": "4-Room",
    "lcd_date": "01 Aug 2018",
    "pcd_date": "-",
    "quota_chinese": 2,
    "quota_malay": 3,
    "quota_other": 3,
    "street": "LOR 1 TOA PAYOH",
    "town": "Toa Payoh"
},
{
    "apartments": [
        {
            "area": 93.0,
            "floor": 35,
            "is_repurchased": false,
            "lease_price_list": [
                {
                    "lease": null,
                    "price": 567800
                }
            ],
            "unit": 532
        }
    ],
    "block_code": {
        "block_num": "131A",
        "contract": "C28",
        "neighbourhood": "N4"
    },
    "dpd_date": "31 Jul 2018",
    "flat_type": "4-Room",
    "lcd_date": "-",
    "pcd_date": "07/2017",
    "quota_chinese": 1,
    "quota_malay": 1,
    "quota_other": 1,
    "street": "LOR 1 TOA PAYOH",
    "town": "Toa Payoh"
},
{
    "apartments": [
        {
            "area": 93.0,
            "floor": 11,
            "is_repurchased": false,
            "lease_price_list": [
                {
                    "lease": null,
                    "price": 534200
                }
            ],
            "unit": 548
        }
    ],
    "block_code": {
        "block_num": "131B",
        "contract": "C28",
        "neighbourhood": "N4"
    },
    "dpd_date": "31 Jul 2018",
    "flat_type": "4-Room",
    "lcd_date": "-",
    "pcd_date": "07/2017",
    "quota_chinese": 1,
    "quota_malay": 1,
    "quota_other": 1,
    "street": "LOR 1 TOA PAYOH",
    "town": "Toa Payoh"
},
{
    "apartments": [
        {
            "area": 82.0,
            "floor": 9,
            "is_repurchased": true,
            "lease_price_list": [
                {
                    "lease": null,
                    "price": 288800
                }
            ],
            "unit": 112
        }
    ],
    "block_code": {
        "block_num": "226",
        "contract": "C12",
        "neighbourhood": "N1"
    },
    "dpd_date": "NA (Keys Available)",
    "flat_type": "4-Room",
    "lcd_date": "01 May 1976",
    "pcd_date": "-",
    "quota_chinese": 0,
    "quota_malay": 1,
    "quota_other": 1,
    "street": "LOR 8 TOA PAYOH",
    "town": "Toa Payoh"
},
{
    "apartments": [
        {
            "area": 82.0,
            "floor": 11,
            "is_repurchased": true,
            "lease_price_list": [
                {
                    "lease": null,
                    "price": 281200
                }
            ],
            "unit": 156
        }
    ],
    "block_code": {
        "block_num": "228",
        "contract": "C13",
        "neighbourhood": "N1"
    },
    "dpd_date": "NA (Keys Available)",
    "flat_type": "4-Room",
    "lcd_date": "01 Sep 1976",
    "pcd_date": "-",
    "quota_chinese": 0,
    "quota_malay": 1,
    "quota_other": 1,
    "street": "LOR 8 TOA PAYOH",
    "town": "Toa Payoh"
},
{
    "apartments": [
        {
            "area": 93.0,
            "floor": 31,
            "is_repurchased": false,
            "lease_price_list": [
                {
                    "lease": null,
                    "price": 501300
                }
            ],
            "unit": 6
        },
        {
            "area": 93.0,
            "floor": 13,
            "is_repurchased": false,
            "lease_price_list": [
                {
                    "lease": null,
                    "price": 481400
                }
            ],
            "unit": 8
        }
    ],
    "block_code": {
        "block_num": "261",
        "contract": "C23A",
        "neighbourhood": "N2"
    },
    "dpd_date": "30 Nov 2019",
    "flat_type": "4-Room",
    "lcd_date": "-",
    "pcd_date": "4Q/2018",
    "quota_chinese": 2,
    "quota_malay": 2,
    "quota_other": 2,
    "street": "TOA PAYOH EAST",
    "town": "Toa Payoh"
},
{
    "apartments": [
        {
            "area": 93.0,
            "floor": 25,
            "is_repurchased": false,
            "lease_price_list": [
                {
                    "lease": null,
                    "price": 492400
                }
            ],
            "unit": 28
        },
        {
            "area": 93.0,
            "floor": 4,
            "is_repurchased": false,
            "lease_price_list": [
                {
                    "lease": null,
                    "price": 430400
                }
            ],
            "unit": 30
        }
    ],
    "block_code": {
        "block_num": "264",
        "contract": "C23A",
        "neighbourhood": "N2"
    },
    "dpd_date": "30 Nov 2019",
    "flat_type": "4-Room",
    "lcd_date": "-",
    "pcd_date": "4Q/2018",
    "quota_chinese": 2,
    "quota_malay": 2,
    "quota_other": 2,
    "street": "TOA PAYOH EAST",
    "town": "Toa Payoh"
}]
