[{
    "apartments": [
        {
            "area": 110.0,
            "floor": 10,
            "is_repurchased": true,
            "lease_price_list": [
                {
                    "lease": null,
                    "price": 765000
                }
            ],
            "unit": 18
        }
    ],
    "block_code": {
        "block_num": "138B",
        "contract": "PH1",
        "neighbourhood": "N4"
    },
    "dpd_date": "NA (Keys Available)",
    "flat_type": "5-Room",
    "lcd_date": "23 Apr 2012",
    "pcd_date": "-",
    "quota_chinese": 1,
    "quota_malay": 1,
    "quota_other": 1,
    "street": "LOR 1A TOA PAYOH",
    "town": "Toa Payoh"
},
{
    "apartments": [
        {
            "area": 124.0,
            "floor": 2,
            "is_repurchased": true,
            "lease_price_list": [
                {
                    "lease": null,
                    "price": 638000
                }
            ],
            "unit": 1154
        }
    ],
    "block_code": {
        "block_num": "172",
        "contract": "RC3",
        "neighbourhood": "N4"
    },
    "dpd_date": "NA (Keys Available)",
    "flat_type": "5-Room",
    "lcd_date": "01 Apr 1995",
    "pcd_date": "-",
    "quota_chinese": 1,
    "quota_malay": 1,
    "quota_other": 1,
    "street": "LOR 1 TOA PAYOH",
    "town": "Toa Payoh"
}]
