[{
    "apartments": [
        {
            "area": 47.0,
            "floor": 9,
            "is_repurchased": true,
            "lease_price_list": [
                {
                    "lease": null,
                    "price": 199000
                }
            ],
            "unit": 4476
        }
    ],
    "block_code": {
        "block_num": "28",
        "contract": "C6",
        "neighbourhood": "N8"
    },
    "dpd_date": "NA (Keys Available)",
    "flat_type": "2-Room Flexi (Short Lease/99-Year Lease)",
    "lcd_date": "01 Jun 1967",
    "pcd_date": "-",
    "quota_chinese": 1,
    "quota_malay": 1,
    "quota_other": 1,
    "street": "JLN BT MERAH",
    "town": "Bukit Merah"
},
{
    "apartments": [
        {
            "area": 47.0,
            "floor": 6,
            "is_repurchased": false,
            "lease_price_list": [
                {
                    "lease": "15",
                    "price": 84800
                },
                {
                    "lease": "20",
                    "price": 101200
                },
                {
                    "lease": "25",
                    "price": 114700
                },
                {
                    "lease": "30",
                    "price": 125800
                },
                {
                    "lease": "35",
                    "price": 135200
                },
                {
                    "lease": "40",
                    "price": 143200
                },
                {
                    "lease": "45",
                    "price": 149900
                },
                {
                    "lease": "99",
                    "price": 248700
                }
            ],
            "unit": 14
        }
    ],
    "block_code": {
        "block_num": "95A",
        "contract": "RC53",
        "neighbourhood": "N6"
    },
    "dpd_date": "30 Apr 2019",
    "flat_type": "2-Room Flexi (Short Lease/99-Year Lease)",
    "lcd_date": "-",
    "pcd_date": "2Q/2018",
    "quota_chinese": 1,
    "quota_malay": 1,
    "quota_other": 1,
    "street": "HENDERSON RD",
    "town": "Bukit Merah"
}]
