[{
    "apartments": [
        {
            "area": 62.0,
            "floor": 6,
            "is_repurchased": false,
            "lease_price_list": [
                {
                    "lease": null,
                    "price": 388100
                }
            ],
            "unit": 527
        }
    ],
    "block_code": {
        "block_num": "10A",
        "contract": "R37B",
        "neighbourhood": "N5"
    },
    "dpd_date": "NA (Keys Available)",
    "flat_type": "3-Room",
    "lcd_date": "01 Jan 2016",
    "pcd_date": "-",
    "quota_chinese": 1,
    "quota_malay": 1,
    "quota_other": 1,
    "street": "BOON TIONG RD",
    "town": "Bukit Merah"
},
{
    "apartments": [
        {
            "area": 70.0,
            "floor": 2,
            "is_repurchased": true,
            "lease_price_list": [
                {
                    "lease": null,
                    "price": 289000
                }
            ],
            "unit": 608
        }
    ],
    "block_code": {
        "block_num": "42",
        "contract": "C3",
        "neighbourhood": "N2"
    },
    "dpd_date": "NA (Keys Available)",
    "flat_type": "3-Room",
    "lcd_date": "01 Apr 1976",
    "pcd_date": "-",
    "quota_chinese": 1,
    "quota_malay": 1,
    "quota_other": 1,
    "street": "TELOK BLANGAH RISE",
    "town": "Bukit Merah"
},
{
    "apartments": [
        {
            "area": 68.0,
            "floor": 9,
            "is_repurchased": false,
            "lease_price_list": [
                {
                    "lease": null,
                    "price": 352500
                }
            ],
            "unit": 515
        }
    ],
    "block_code": {
        "block_num": "70A",
        "contract": "C52",
        "neighbourhood": "N1"
    },
    "dpd_date": "NA (Keys Available)",
    "flat_type": "3-Room",
    "lcd_date": "01 May 2017",
    "pcd_date": "-",
    "quota_chinese": 1,
    "quota_malay": 1,
    "quota_other": 1,
    "street": "TELOK BLANGAH HTS",
    "town": "Bukit Merah"
},
{
    "apartments": [
        {
            "area": 68.0,
            "floor": 21,
            "is_repurchased": false,
            "lease_price_list": [
                {
                    "lease": null,
                    "price": 373700
                }
            ],
            "unit": 519
        }
    ],
    "block_code": {
        "block_num": "70B",
        "contract": "C52",
        "neighbourhood": "N1"
    },
    "dpd_date": "NA (Keys Available)",
    "flat_type": "3-Room",
    "lcd_date": "01 May 2017",
    "pcd_date": "-",
    "quota_chinese": 1,
    "quota_malay": 1,
    "quota_other": 1,
    "street": "TELOK BLANGAH HTS",
    "town": "Bukit Merah"
},
{
    "apartments": [
        {
            "area": 68.0,
            "floor": 9,
            "is_repurchased": false,
            "lease_price_list": [
                {
                    "lease": null,
                    "price": 342000
                }
            ],
            "unit": 253
        },
        {
            "area": 68.0,
            "floor": 10,
            "is_repurchased": false,
            "lease_price_list": [
                {
                    "lease": null,
                    "price": 346000
                }
            ],
            "unit": 253
        },
        {
            "area": 68.0,
            "floor": 11,
            "is_repurchased": false,
            "lease_price_list": [
                {
                    "lease": null,
                    "price": 347000
                }
            ],
            "unit": 253
        },
        {
            "area": 68.0,
            "floor": 12,
            "is_repurchased": false,
            "lease_price_list": [
                {
                    "lease": null,
                    "price": 348000
                }
            ],
            "unit": 253
        },
        {
            "area": 68.0,
            "floor": 13,
            "is_repurchased": false,
            "lease_price_list": [
                {
                    "lease": null,
                    "price": 349000
                }
            ],
            "unit": 253
        }
    ],
    "block_code": {
        "block_num": "90A",
        "contract": "C50",
        "neighbourhood": "N1"
    },
    "dpd_date": "30 Nov 2018",
    "flat_type": "3-Room",
    "lcd_date": "-",
    "pcd_date": "4Q/2017",
    "quota_chinese": 2,
    "quota_malay": 5,
    "quota_other": 5,
    "street": "TELOK BLANGAH ST 31",
    "town": "Bukit Merah"
},
{
    "apartments": [
        {
            "area": 68.0,
            "floor": 3,
            "is_repurchased": false,
            "lease_price_list": [
                {
                    "lease": null,
                    "price": 306500
                }
            ],
            "unit": 211
        },
        {
            "area": 68.0,
            "floor": 4,
            "is_repurchased": false,
            "lease_price_list": [
                {
                    "lease": null,
                    "price": 309500
                }
            ],
            "unit": 211
        },
        {
            "area": 68.0,
            "floor": 6,
            "is_repurchased": false,
            "lease_price_list": [
                {
                    "lease": null,
                    "price": 315000
                }
            ],
            "unit": 211
        },
        {
            "area": 68.0,
            "floor": 7,
            "is_repurchased": false,
            "lease_price_list": [
                {
                    "lease": null,
                    "price": 317500
                }
            ],
            "unit": 211
        },
        {
            "area": 68.0,
            "floor": 4,
            "is_repurchased": false,
            "lease_price_list": [
                {
                    "lease": null,
                    "price": 309500
                }
            ],
            "unit": 213
        },
        {
            "area": 68.0,
            "floor": 5,
            "is_repurchased": false,
            "lease_price_list": [
                {
                    "lease": null,
                    "price": 312500
                }
            ],
            "unit": 213
        },
        {
            "area": 68.0,
            "floor": 6,
            "is_repurchased": false,
            "lease_price_list": [
                {
                    "lease": null,
                    "price": 315000
                }
            ],
            "unit": 213
        },
        {
            "area": 68.0,
            "floor": 3,
            "is_repurchased": false,
            "lease_price_list": [
                {
                    "lease": null,
                    "price": 318500
                }
            ],
            "unit": 215
        },
        {
            "area": 68.0,
            "floor": 4,
            "is_repurchased": false,
            "lease_price_list": [
                {
                    "lease": null,
                    "price": 321500
                }
            ],
            "unit": 217
        },
        {
            "area": 68.0,
            "floor": 5,
            "is_repurchased": false,
            "lease_price_list": [
                {
                    "lease": null,
                    "price": 330500
                }
            ],
            "unit": 217
        },
        {
            "area": 68.0,
            "floor": 23,
            "is_repurchased": false,
            "lease_price_list": [
                {
                    "lease": null,
                    "price": 359000
                }
            ],
            "unit": 217
        },
        {
            "area": 68.0,
            "floor": 26,
            "is_repurchased": false,
            "lease_price_list": [
                {
                    "lease": null,
                    "price": 365300
                }
            ],
            "unit": 217
        }
    ],
    "block_code": {
        "block_num": "91A",
        "contract": "C50",
        "neighbourhood": "N1"
    },
    "dpd_date": "30 Nov 2018",
    "flat_type": "3-Room",
    "lcd_date": "-",
    "pcd_date": "10/2017",
    "quota_chinese": 4,
    "quota_malay": 12,
    "quota_other": 12,
    "street": "TELOK BLANGAH ST 31",
    "town": "Bukit Merah"
},
{
    "apartments": [
        {
            "area": 68.0,
            "floor": 24,
            "is_repurchased": false,
            "lease_price_list": [
                {
                    "lease": null,
                    "price": 369300
                }
            ],
            "unit": 219
        },
        {
            "area": 68.0,
            "floor": 3,
            "is_repurchased": false,
            "lease_price_list": [
                {
                    "lease": null,
                    "price": 318500
                }
            ],
            "unit": 221
        },
        {
            "area": 68.0,
            "floor": 11,
            "is_repurchased": false,
            "lease_price_list": [
                {
                    "lease": null,
                    "price": 356300
                }
            ],
            "unit": 221
        },
        {
            "area": 68.0,
            "floor": 26,
            "is_repurchased": false,
            "lease_price_list": [
                {
                    "lease": null,
                    "price": 371300
                }
            ],
            "unit": 221
        }
    ],
    "block_code": {
        "block_num": "92A",
        "contract": "C50",
        "neighbourhood": "N1"
    },
    "dpd_date": "30 Nov 2018",
    "flat_type": "3-Room",
    "lcd_date": "-",
    "pcd_date": "07/2017",
    "quota_chinese": 2,
    "quota_malay": 4,
    "quota_other": 4,
    "street": "TELOK BLANGAH ST 31",
    "town": "Bukit Merah"
},
{
    "apartments": [
        {
            "area": 68.0,
            "floor": 3,
            "is_repurchased": false,
            "lease_price_list": [
                {
                    "lease": null,
                    "price": 324500
                }
            ],
            "unit": 201
        },
        {
            "area": 68.0,
            "floor": 6,
            "is_repurchased": false,
            "lease_price_list": [
                {
                    "lease": null,
                    "price": 333000
                }
            ],
            "unit": 201
        }
    ],
    "block_code": {
        "block_num": "92B",
        "contract": "C50",
        "neighbourhood": "N1"
    },
    "dpd_date": "30 Nov 2018",
    "flat_type": "3-Room",
    "lcd_date": "-",
    "pcd_date": "4Q/2017",
    "quota_chinese": 1,
    "quota_malay": 2,
    "quota_other": 2,
    "street": "TELOK BLANGAH ST 31",
    "town": "Bukit Merah"
},
{
    "apartments": [
        {
            "area": 68.0,
            "floor": 16,
            "is_repurchased": false,
            "lease_price_list": [
                {
                    "lease": null,
                    "price": 355300
                }
            ],
            "unit": 163
        },
        {
            "area": 68.0,
            "floor": 29,
            "is_repurchased": false,
            "lease_price_list": [
                {
                    "lease": null,
                    "price": 374300
                }
            ],
            "unit": 165
        }
    ],
    "block_code": {
        "block_num": "93A",
        "contract": "C50",
        "neighbourhood": "N1"
    },
    "dpd_date": "30 Nov 2018",
    "flat_type": "3-Room",
    "lcd_date": "-",
    "pcd_date": "10/2017",
    "quota_chinese": 2,
    "quota_malay": 2,
    "quota_other": 2,
    "street": "TELOK BLANGAH ST 31",
    "town": "Bukit Merah"
},
{
    "apartments": [
        {
            "area": 68.0,
            "floor": 3,
            "is_repurchased": false,
            "lease_price_list": [
                {
                    "lease": null,
                    "price": 324500
                }
            ],
            "unit": 179
        }
    ],
    "block_code": {
        "block_num": "93B",
        "contract": "C50",
        "neighbourhood": "N1"
    },
    "dpd_date": "30 Nov 2018",
    "flat_type": "3-Room",
    "lcd_date": "-",
    "pcd_date": "4Q/2017",
    "quota_chinese": 0,
    "quota_malay": 1,
    "quota_other": 1,
    "street": "TELOK BLANGAH ST 31",
    "town": "Bukit Merah"
},
{
    "apartments": [
        {
            "area": 68.0,
            "floor": 4,
            "is_repurchased": false,
            "lease_price_list": [
                {
                    "lease": null,
                    "price": 354700
                }
            ],
            "unit": 30
        }
    ],
    "block_code": {
        "block_num": "95B",
        "contract": "RC53",
        "neighbourhood": "N6"
    },
    "dpd_date": "30 Apr 2019",
    "flat_type": "3-Room",
    "lcd_date": "-",
    "pcd_date": "2Q/2018",
    "quota_chinese": 1,
    "quota_malay": 1,
    "quota_other": 1,
    "street": "HENDERSON RD",
    "town": "Bukit Merah"
},
{
    "apartments": [
        {
            "area": 68.0,
            "floor": 15,
            "is_repurchased": false,
            "lease_price_list": [
                {
                    "lease": null,
                    "price": 394400
                }
            ],
            "unit": 46
        }
    ],
    "block_code": {
        "block_num": "95C",
        "contract": "RC53",
        "neighbourhood": "N6"
    },
    "dpd_date": "30 Apr 2019",
    "flat_type": "3-Room",
    "lcd_date": "-",
    "pcd_date": "2Q/2018",
    "quota_chinese": 1,
    "quota_malay": 1,
    "quota_other": 1,
    "street": "HENDERSON RD",
    "town": "Bukit Merah"
},
{
    "apartments": [
        {
            "area": 67.0,
            "floor": 10,
            "is_repurchased": false,
            "lease_price_list": [
                {
                    "lease": null,
                    "price": 329500
                }
            ],
            "unit": 607
        },
        {
            "area": 67.0,
            "floor": 19,
            "is_repurchased": false,
            "lease_price_list": [
                {
                    "lease": null,
                    "price": 346700
                }
            ],
            "unit": 609
        },
        {
            "area": 67.0,
            "floor": 20,
            "is_repurchased": false,
            "lease_price_list": [
                {
                    "lease": null,
                    "price": 344400
                }
            ],
            "unit": 609
        },
        {
            "area": 67.0,
            "floor": 19,
            "is_repurchased": false,
            "lease_price_list": [
                {
                    "lease": null,
                    "price": 332500
                }
            ],
            "unit": 615
        }
    ],
    "block_code": {
        "block_num": "105A",
        "contract": "C19C",
        "neighbourhood": "N1"
    },
    "dpd_date": "NA (Keys Available)",
    "flat_type": "3-Room",
    "lcd_date": "01 Nov 2017",
    "pcd_date": "-",
    "quota_chinese": 4,
    "quota_malay": 4,
    "quota_other": 4,
    "street": "DEPOT RD",
    "town": "Bukit Merah"
},
{
    "apartments": [
        {
            "area": 67.0,
            "floor": 6,
            "is_repurchased": false,
            "lease_price_list": [
                {
                    "lease": null,
                    "price": 325300
                }
            ],
            "unit": 617
        },
        {
            "area": 67.0,
            "floor": 8,
            "is_repurchased": false,
            "lease_price_list": [
                {
                    "lease": null,
                    "price": 330300
                }
            ],
            "unit": 617
        }
    ],
    "block_code": {
        "block_num": "110A",
        "contract": "C19D",
        "neighbourhood": "N1"
    },
    "dpd_date": "NA (Keys Available)",
    "flat_type": "3-Room",
    "lcd_date": "01 Nov 2017",
    "pcd_date": "-",
    "quota_chinese": 1,
    "quota_malay": 2,
    "quota_other": 2,
    "street": "DEPOT RD",
    "town": "Bukit Merah"
},
{
    "apartments": [
        {
            "area": 65.0,
            "floor": 9,
            "is_repurchased": false,
            "lease_price_list": [
                {
                    "lease": null,
                    "price": 279300
                }
            ],
            "unit": 53
        }
    ],
    "block_code": {
        "block_num": "119",
        "contract": "C3",
        "neighbourhood": "N6"
    },
    "dpd_date": "NA (Keys Available)",
    "flat_type": "3-Room",
    "lcd_date": "01 Jan 1983",
    "pcd_date": "-",
    "quota_chinese": 0,
    "quota_malay": 1,
    "quota_other": 1,
    "street": "BT MERAH VIEW",
    "town": "Bukit Merah"
}]
