[{
    "apartments": [
        {
            "area": 84.0,
            "floor": 2,
            "is_repurchased": true,
            "lease_price_list": [
                {
                    "lease": null,
                    "price": 380000
                }
            ],
            "unit": 113
        }
    ],
    "block_code": {
        "block_num": "49",
        "contract": "C11",
        "neighbourhood": "N8"
    },
    "dpd_date": "NA (Keys Available)",
    "flat_type": "4-Room",
    "lcd_date": "01 Jul 1986",
    "pcd_date": "-",
    "quota_chinese": 1,
    "quota_malay": 1,
    "quota_other": 1,
    "street": "HOY FATT RD",
    "town": "Bukit Merah"
},
{
    "apartments": [
        {
            "area": 89.0,
            "floor": 6,
            "is_repurchased": true,
            "lease_price_list": [
                {
                    "lease": null,
                    "price": 584200
                }
            ],
            "unit": 158
        }
    ],
    "block_code": {
        "block_num": "57",
        "contract": "RC23",
        "neighbourhood": "N5"
    },
    "dpd_date": "NA (Keys Available)",
    "flat_type": "4-Room",
    "lcd_date": "01 May 2013",
    "pcd_date": "-",
    "quota_chinese": 0,
    "quota_malay": 1,
    "quota_other": 1,
    "street": "HAVELOCK RD",
    "town": "Bukit Merah"
},
{
    "apartments": [
        {
            "area": 93.0,
            "floor": 19,
            "is_repurchased": false,
            "lease_price_list": [
                {
                    "lease": null,
                    "price": 543400
                }
            ],
            "unit": 503
        },
        {
            "area": 93.0,
            "floor": 25,
            "is_repurchased": false,
            "lease_price_list": [
                {
                    "lease": null,
                    "price": 545300
                }
            ],
            "unit": 503
        },
        {
            "area": 93.0,
            "floor": 14,
            "is_repurchased": false,
            "lease_price_list": [
                {
                    "lease": null,
                    "price": 511100
                }
            ],
            "unit": 507
        }
    ],
    "block_code": {
        "block_num": "70A",
        "contract": "C52",
        "neighbourhood": "N1"
    },
    "dpd_date": "NA (Keys Available)",
    "flat_type": "4-Room",
    "lcd_date": "01 May 2017",
    "pcd_date": "-",
    "quota_chinese": 0,
    "quota_malay": 3,
    "quota_other": 3,
    "street": "TELOK BLANGAH HTS",
    "town": "Bukit Merah"
},
{
    "apartments": [
        {
            "area": 93.0,
            "floor": 3,
            "is_repurchased": false,
            "lease_price_list": [
                {
                    "lease": null,
                    "price": 506200
                }
            ],
            "unit": 521
        },
        {
            "area": 93.0,
            "floor": 16,
            "is_repurchased": false,
            "lease_price_list": [
                {
                    "lease": null,
                    "price": 536100
                }
            ],
            "unit": 527
        }
    ],
    "block_code": {
        "block_num": "70B",
        "contract": "C52",
        "neighbourhood": "N1"
    },
    "dpd_date": "NA (Keys Available)",
    "flat_type": "4-Room",
    "lcd_date": "01 May 2017",
    "pcd_date": "-",
    "quota_chinese": 2,
    "quota_malay": 2,
    "quota_other": 2,
    "street": "TELOK BLANGAH HTS",
    "town": "Bukit Merah"
},
{
    "apartments": [
        {
            "area": 93.0,
            "floor": 3,
            "is_repurchased": false,
            "lease_price_list": [
                {
                    "lease": null,
                    "price": 483700
                }
            ],
            "unit": 537
        },
        {
            "area": 93.0,
            "floor": 21,
            "is_repurchased": false,
            "lease_price_list": [
                {
                    "lease": null,
                    "price": 542300
                }
            ],
            "unit": 537
        },
        {
            "area": 93.0,
            "floor": 2,
            "is_repurchased": false,
            "lease_price_list": [
                {
                    "lease": null,
                    "price": 488100
                }
            ],
            "unit": 539
        },
        {
            "area": 93.0,
            "floor": 2,
            "is_repurchased": false,
            "lease_price_list": [
                {
                    "lease": null,
                    "price": 479400
                }
            ],
            "unit": 541
        },
        {
            "area": 93.0,
            "floor": 3,
            "is_repurchased": false,
            "lease_price_list": [
                {
                    "lease": null,
                    "price": 483700
                }
            ],
            "unit": 541
        }
    ],
    "block_code": {
        "block_num": "70C",
        "contract": "C52",
        "neighbourhood": "N1"
    },
    "dpd_date": "NA (Keys Available)",
    "flat_type": "4-Room",
    "lcd_date": "01 May 2017",
    "pcd_date": "-",
    "quota_chinese": 1,
    "quota_malay": 5,
    "quota_other": 5,
    "street": "TELOK BLANGAH HTS",
    "town": "Bukit Merah"
},
{
    "apartments": [
        {
            "area": 93.0,
            "floor": 15,
            "is_repurchased": false,
            "lease_price_list": [
                {
                    "lease": null,
                    "price": 521700
                }
            ],
            "unit": 241
        },
        {
            "area": 93.0,
            "floor": 9,
            "is_repurchased": false,
            "lease_price_list": [
                {
                    "lease": null,
                    "price": 531300
                }
            ],
            "unit": 243
        },
        {
            "area": 93.0,
            "floor": 28,
            "is_repurchased": false,
            "lease_price_list": [
                {
                    "lease": null,
                    "price": 566800
                }
            ],
            "unit": 249
        }
    ],
    "block_code": {
        "block_num": "90A",
        "contract": "C50",
        "neighbourhood": "N1"
    },
    "dpd_date": "30 Nov 2018",
    "flat_type": "4-Room",
    "lcd_date": "-",
    "pcd_date": "4Q/2017",
    "quota_chinese": 3,
    "quota_malay": 3,
    "quota_other": 3,
    "street": "TELOK BLANGAH ST 31",
    "town": "Bukit Merah"
},
{
    "apartments": [
        {
            "area": 93.0,
            "floor": 15,
            "is_repurchased": false,
            "lease_price_list": [
                {
                    "lease": null,
                    "price": 535700
                }
            ],
            "unit": 237
        }
    ],
    "block_code": {
        "block_num": "90B",
        "contract": "C50",
        "neighbourhood": "N1"
    },
    "dpd_date": "30 Nov 2018",
    "flat_type": "4-Room",
    "lcd_date": "-",
    "pcd_date": "07/2017",
    "quota_chinese": 0,
    "quota_malay": 1,
    "quota_other": 1,
    "street": "TELOK BLANGAH ST 31",
    "town": "Bukit Merah"
},
{
    "apartments": [
        {
            "area": 93.0,
            "floor": 5,
            "is_repurchased": false,
            "lease_price_list": [
                {
                    "lease": null,
                    "price": 496900
                }
            ],
            "unit": 203
        },
        {
            "area": 93.0,
            "floor": 12,
            "is_repurchased": false,
            "lease_price_list": [
                {
                    "lease": null,
                    "price": 513000
                }
            ],
            "unit": 209
        }
    ],
    "block_code": {
        "block_num": "91A",
        "contract": "C50",
        "neighbourhood": "N1"
    },
    "dpd_date": "30 Nov 2018",
    "flat_type": "4-Room",
    "lcd_date": "-",
    "pcd_date": "10/2017",
    "quota_chinese": 1,
    "quota_malay": 2,
    "quota_other": 2,
    "street": "TELOK BLANGAH ST 31",
    "town": "Bukit Merah"
},
{
    "apartments": [
        {
            "area": 93.0,
            "floor": 4,
            "is_repurchased": false,
            "lease_price_list": [
                {
                    "lease": null,
                    "price": 492400
                }
            ],
            "unit": 187
        },
        {
            "area": 93.0,
            "floor": 12,
            "is_repurchased": false,
            "lease_price_list": [
                {
                    "lease": null,
                    "price": 531500
                }
            ],
            "unit": 191
        },
        {
            "area": 93.0,
            "floor": 27,
            "is_repurchased": false,
            "lease_price_list": [
                {
                    "lease": null,
                    "price": 547500
                }
            ],
            "unit": 191
        }
    ],
    "block_code": {
        "block_num": "92B",
        "contract": "C50",
        "neighbourhood": "N1"
    },
    "dpd_date": "30 Nov 2018",
    "flat_type": "4-Room",
    "lcd_date": "-",
    "pcd_date": "4Q/2017",
    "quota_chinese": 0,
    "quota_malay": 3,
    "quota_other": 3,
    "street": "TELOK BLANGAH ST 31",
    "town": "Bukit Merah"
},
{
    "apartments": [
        {
            "area": 93.0,
            "floor": 5,
            "is_repurchased": false,
            "lease_price_list": [
                {
                    "lease": null,
                    "price": 470000
                }
            ],
            "unit": 151
        },
        {
            "area": 93.0,
            "floor": 24,
            "is_repurchased": false,
            "lease_price_list": [
                {
                    "lease": null,
                    "price": 547800
                }
            ],
            "unit": 151
        },
        {
            "area": 93.0,
            "floor": 30,
            "is_repurchased": false,
            "lease_price_list": [
                {
                    "lease": null,
                    "price": 554800
                }
            ],
            "unit": 151
        },
        {
            "area": 93.0,
            "floor": 8,
            "is_repurchased": false,
            "lease_price_list": [
                {
                    "lease": null,
                    "price": 516900
                }
            ],
            "unit": 155
        }
    ],
    "block_code": {
        "block_num": "93A",
        "contract": "C50",
        "neighbourhood": "N1"
    },
    "dpd_date": "30 Nov 2018",
    "flat_type": "4-Room",
    "lcd_date": "-",
    "pcd_date": "10/2017",
    "quota_chinese": 4,
    "quota_malay": 4,
    "quota_other": 4,
    "street": "TELOK BLANGAH ST 31",
    "town": "Bukit Merah"
},
{
    "apartments": [
        {
            "area": 93.0,
            "floor": 23,
            "is_repurchased": false,
            "lease_price_list": [
                {
                    "lease": null,
                    "price": 546400
                }
            ],
            "unit": 169
        },
        {
            "area": 93.0,
            "floor": 11,
            "is_repurchased": false,
            "lease_price_list": [
                {
                    "lease": null,
                    "price": 520600
                }
            ],
            "unit": 173
        },
        {
            "area": 93.0,
            "floor": 26,
            "is_repurchased": false,
            "lease_price_list": [
                {
                    "lease": null,
                    "price": 541600
                }
            ],
            "unit": 173
        },
        {
            "area": 93.0,
            "floor": 18,
            "is_repurchased": false,
            "lease_price_list": [
                {
                    "lease": null,
                    "price": 534900
                }
            ],
            "unit": 177
        },
        {
            "area": 93.0,
            "floor": 12,
            "is_repurchased": false,
            "lease_price_list": [
                {
                    "lease": null,
                    "price": 527000
                }
            ],
            "unit": 183
        },
        {
            "area": 93.0,
            "floor": 8,
            "is_repurchased": false,
            "lease_price_list": [
                {
                    "lease": null,
                    "price": 507400
                }
            ],
            "unit": 185
        }
    ],
    "block_code": {
        "block_num": "93B",
        "contract": "C50",
        "neighbourhood": "N1"
    },
    "dpd_date": "30 Nov 2018",
    "flat_type": "4-Room",
    "lcd_date": "-",
    "pcd_date": "4Q/2017",
    "quota_chinese": 3,
    "quota_malay": 6,
    "quota_other": 6,
    "street": "TELOK BLANGAH ST 31",
    "town": "Bukit Merah"
},
{
    "apartments": [
        {
            "area": 93.0,
            "floor": 14,
            "is_repurchased": false,
            "lease_price_list": [
                {
                    "lease": null,
                    "price": 587300
                }
            ],
            "unit": 8
        },
        {
            "area": 93.0,
            "floor": 30,
            "is_repurchased": false,
            "lease_price_list": [
                {
                    "lease": null,
                    "price": 619000
                }
            ],
            "unit": 8
        }
    ],
    "block_code": {
        "block_num": "95A",
        "contract": "RC53",
        "neighbourhood": "N6"
    },
    "dpd_date": "30 Apr 2019",
    "flat_type": "4-Room",
    "lcd_date": "-",
    "pcd_date": "2Q/2018",
    "quota_chinese": 2,
    "quota_malay": 2,
    "quota_other": 2,
    "street": "HENDERSON RD",
    "town": "Bukit Merah"
},
{
    "apartments": [
        {
            "area": 93.0,
            "floor": 33,
            "is_repurchased": false,
            "lease_price_list": [
                {
                    "lease": null,
                    "price": 613900
                }
            ],
            "unit": 24
        }
    ],
    "block_code": {
        "block_num": "95B",
        "contract": "RC53",
        "neighbourhood": "N6"
    },
    "dpd_date": "30 Apr 2019",
    "flat_type": "4-Room",
    "lcd_date": "-",
    "pcd_date": "2Q/2018",
    "quota_chinese": 1,
    "quota_malay": 1,
    "quota_other": 1,
    "street": "HENDERSON RD",
    "town": "Bukit Merah"
},
{
    "apartments": [
        {
            "area": 93.0,
            "floor": 7,
            "is_repurchased": false,
            "lease_price_list": [
                {
                    "lease": null,
                    "price": 566100
                }
            ],
            "unit": 70
        },
        {
            "area": 93.0,
            "floor": 37,
            "is_repurchased": false,
            "lease_price_list": [
                {
                    "lease": null,
                    "price": 638100
                }
            ],
            "unit": 70
        },
        {
            "area": 93.0,
            "floor": 8,
            "is_repurchased": false,
            "lease_price_list": [
                {
                    "lease": null,
                    "price": 569600
                }
            ],
            "unit": 72
        }
    ],
    "block_code": {
        "block_num": "96B",
        "contract": "RC53",
        "neighbourhood": "N6"
    },
    "dpd_date": "30 Apr 2019",
    "flat_type": "4-Room",
    "lcd_date": "-",
    "pcd_date": "2Q/2018",
    "quota_chinese": 1,
    "quota_malay": 3,
    "quota_other": 3,
    "street": "HENDERSON RD",
    "town": "Bukit Merah"
},
{
    "apartments": [
        {
            "area": 92.0,
            "floor": 4,
            "is_repurchased": false,
            "lease_price_list": [
                {
                    "lease": null,
                    "price": 470100
                }
            ],
            "unit": 613
        },
        {
            "area": 92.0,
            "floor": 8,
            "is_repurchased": false,
            "lease_price_list": [
                {
                    "lease": null,
                    "price": 485100
                }
            ],
            "unit": 613
        }
    ],
    "block_code": {
        "block_num": "105A",
        "contract": "C19C",
        "neighbourhood": "N1"
    },
    "dpd_date": "NA (Keys Available)",
    "flat_type": "4-Room",
    "lcd_date": "01 Nov 2017",
    "pcd_date": "-",
    "quota_chinese": 2,
    "quota_malay": 2,
    "quota_other": 2,
    "street": "DEPOT RD",
    "town": "Bukit Merah"
},
{
    "apartments": [
        {
            "area": 92.0,
            "floor": 5,
            "is_repurchased": false,
            "lease_price_list": [
                {
                    "lease": null,
                    "price": 479600
                }
            ],
            "unit": 621
        },
        {
            "area": 92.0,
            "floor": 7,
            "is_repurchased": false,
            "lease_price_list": [
                {
                    "lease": null,
                    "price": 486600
                }
            ],
            "unit": 621
        },
        {
            "area": 92.0,
            "floor": 17,
            "is_repurchased": false,
            "lease_price_list": [
                {
                    "lease": null,
                    "price": 502700
                }
            ],
            "unit": 621
        },
        {
            "area": 92.0,
            "floor": 15,
            "is_repurchased": false,
            "lease_price_list": [
                {
                    "lease": null,
                    "price": 503200
                }
            ],
            "unit": 625
        },
        {
            "area": 92.0,
            "floor": 5,
            "is_repurchased": false,
            "lease_price_list": [
                {
                    "lease": null,
                    "price": 482900
                }
            ],
            "unit": 627
        }
    ],
    "block_code": {
        "block_num": "110A",
        "contract": "C19D",
        "neighbourhood": "N1"
    },
    "dpd_date": "NA (Keys Available)",
    "flat_type": "4-Room",
    "lcd_date": "01 Nov 2017",
    "pcd_date": "-",
    "quota_chinese": 4,
    "quota_malay": 5,
    "quota_other": 5,
    "street": "DEPOT RD",
    "town": "Bukit Merah"
}]
