[{
    "apartments": [
        {
            "area": 112.0,
            "floor": 2,
            "is_repurchased": false,
            "lease_price_list": [
                {
                    "lease": null,
                    "price": 701900
                }
            ],
            "unit": 513
        }
    ],
    "block_code": {
        "block_num": "9B",
        "contract": "R37B",
        "neighbourhood": "N5"
    },
    "dpd_date": "NA (Keys Available)",
    "flat_type": "5-Room",
    "lcd_date": "01 Jan 2016",
    "pcd_date": "-",
    "quota_chinese": 1,
    "quota_malay": 1,
    "quota_other": 1,
    "street": "BOON TIONG RD",
    "town": "Bukit Merah"
},
{
    "apartments": [
        {
            "area": 113.0,
            "floor": 31,
            "is_repurchased": false,
            "lease_price_list": [
                {
                    "lease": null,
                    "price": 748700
                }
            ],
            "unit": 38
        }
    ],
    "block_code": {
        "block_num": "95C",
        "contract": "RC53",
        "neighbourhood": "N6"
    },
    "dpd_date": "30 Apr 2019",
    "flat_type": "5-Room",
    "lcd_date": "-",
    "pcd_date": "2Q/2018",
    "quota_chinese": 0,
    "quota_malay": 1,
    "quota_other": 1,
    "street": "HENDERSON RD",
    "town": "Bukit Merah"
},
{
    "apartments": [
        {
            "area": 113.0,
            "floor": 6,
            "is_repurchased": false,
            "lease_price_list": [
                {
                    "lease": null,
                    "price": 714600
                }
            ],
            "unit": 54
        },
        {
            "area": 113.0,
            "floor": 16,
            "is_repurchased": false,
            "lease_price_list": [
                {
                    "lease": null,
                    "price": 736400
                }
            ],
            "unit": 54
        },
        {
            "area": 113.0,
            "floor": 32,
            "is_repurchased": false,
            "lease_price_list": [
                {
                    "lease": null,
                    "price": 762000
                }
            ],
            "unit": 56
        }
    ],
    "block_code": {
        "block_num": "96A",
        "contract": "RC53",
        "neighbourhood": "N6"
    },
    "dpd_date": "30 Apr 2019",
    "flat_type": "5-Room",
    "lcd_date": "-",
    "pcd_date": "2Q/2018",
    "quota_chinese": 2,
    "quota_malay": 3,
    "quota_other": 3,
    "street": "HENDERSON RD",
    "town": "Bukit Merah"
},
{
    "apartments": [
        {
            "area": 110.0,
            "floor": 4,
            "is_repurchased": false,
            "lease_price_list": [
                {
                    "lease": null,
                    "price": 627400
                }
            ],
            "unit": 121
        }
    ],
    "block_code": {
        "block_num": "118C",
        "contract": "RC33",
        "neighbourhood": "N4"
    },
    "dpd_date": "NA (Keys Available)",
    "flat_type": "5-Room",
    "lcd_date": "01 Jan 2003",
    "pcd_date": "-",
    "quota_chinese": 0,
    "quota_malay": 1,
    "quota_other": 1,
    "street": "JLN MEMBINA",
    "town": "Bukit Merah"
}]
