[{
    "apartments": [
        {
            "area": 44.0,
            "floor": 9,
            "is_repurchased": false,
            "lease_price_list": [
                {
                    "lease": null,
                    "price": 179500
                }
            ],
            "unit": 170
        }
    ],
    "block_code": {
        "block_num": "8",
        "contract": "C0",
        "neighbourhood": "N4"
    },
    "dpd_date": "NA (Keys Available)",
    "flat_type": "2-Room Flexi (Short Lease/99-Year Lease)",
    "lcd_date": "01 May 1978",
    "pcd_date": "-",
    "quota_chinese": 0,
    "quota_malay": 1,
    "quota_other": 1,
    "street": "LOR LEW LIAN",
    "town": "Serangoon"
}]
