[{
    "apartments": [
        {
            "area": 75.0,
            "floor": 1,
            "is_repurchased": true,
            "lease_price_list": [
                {
                    "lease": null,
                    "price": 239000
                }
            ],
            "unit": 278
        }
    ],
    "block_code": {
        "block_num": "221",
        "contract": "C2",
        "neighbourhood": "N2"
    },
    "dpd_date": "NA (Keys Available)",
    "flat_type": "3-Room",
    "lcd_date": "01 Dec 1984",
    "pcd_date": "-",
    "quota_chinese": 1,
    "quota_malay": 1,
    "quota_other": 1,
    "street": "SERANGOON AVE 4",
    "town": "Serangoon"
}]
