[{
    "apartments": [
        {
            "area": 83.0,
            "floor": 4,
            "is_repurchased": true,
            "lease_price_list": [
                {
                    "lease": null,
                    "price": 404700
                }
            ],
            "unit": 220
        }
    ],
    "block_code": {
        "block_num": "208",
        "contract": "C8",
        "neighbourhood": "N3"
    },
    "dpd_date": "NA (Keys Available)",
    "flat_type": "4-Room",
    "lcd_date": "01 Nov 1985",
    "pcd_date": "-",
    "quota_chinese": 0,
    "quota_malay": 1,
    "quota_other": 1,
    "street": "SERANGOON CTRL",
    "town": "Serangoon"
},
{
    "apartments": [
        {
            "area": 100.0,
            "floor": 6,
            "is_repurchased": true,
            "lease_price_list": [
                {
                    "lease": null,
                    "price": 334000
                }
            ],
            "unit": 93
        }
    ],
    "block_code": {
        "block_num": "554",
        "contract": "C17",
        "neighbourhood": "N5"
    },
    "dpd_date": "NA (Keys Available)",
    "flat_type": "4-Room",
    "lcd_date": "01 Aug 1997",
    "pcd_date": "-",
    "quota_chinese": 1,
    "quota_malay": 1,
    "quota_other": 1,
    "street": "SERANGOON NTH AVE 3",
    "town": "Serangoon"
}]
