[{
    "apartments": [
        {
            "area": 121.0,
            "floor": 6,
            "is_repurchased": true,
            "lease_price_list": [
                {
                    "lease": null,
                    "price": 373300
                }
            ],
            "unit": 491
        }
    ],
    "block_code": {
        "block_num": "116",
        "contract": "C2",
        "neighbourhood": "N1"
    },
    "dpd_date": "NA (Keys Available)",
    "flat_type": "5-Room",
    "lcd_date": "01 Jan 1986",
    "pcd_date": "-",
    "quota_chinese": 0,
    "quota_malay": 1,
    "quota_other": 1,
    "street": "SERANGOON NTH AVE 1",
    "town": "Serangoon"
},
{
    "apartments": [
        {
            "area": 121.0,
            "floor": 4,
            "is_repurchased": true,
            "lease_price_list": [
                {
                    "lease": null,
                    "price": 568100
                }
            ],
            "unit": 182
        }
    ],
    "block_code": {
        "block_num": "242",
        "contract": "C7",
        "neighbourhood": "N3"
    },
    "dpd_date": "NA (Keys Available)",
    "flat_type": "5-Room",
    "lcd_date": "01 May 1986",
    "pcd_date": "-",
    "quota_chinese": 0,
    "quota_malay": 1,
    "quota_other": 1,
    "street": "SERANGOON AVE 3",
    "town": "Serangoon"
},
{
    "apartments": [
        {
            "area": 115.0,
            "floor": 2,
            "is_repurchased": true,
            "lease_price_list": [
                {
                    "lease": null,
                    "price": 620300
                }
            ],
            "unit": 44
        }
    ],
    "block_code": {
        "block_num": "256",
        "contract": "C12",
        "neighbourhood": "N3"
    },
    "dpd_date": "NA (Keys Available)",
    "flat_type": "5-Room",
    "lcd_date": "01 May 1999",
    "pcd_date": "-",
    "quota_chinese": 0,
    "quota_malay": 1,
    "quota_other": 1,
    "street": "SERANGOON CTRL DR",
    "town": "Serangoon"
}]
