[{
    "apartments": [
        {
            "area": 67.0,
            "floor": 12,
            "is_repurchased": true,
            "lease_price_list": [
                {
                    "lease": null,
                    "price": 196900
                }
            ],
            "unit": 519
        }
    ],
    "block_code": {
        "block_num": "886A",
        "contract": "C20",
        "neighbourhood": "N8"
    },
    "dpd_date": "NA (Keys Available)",
    "flat_type": "3-Room (income ceiling $12,000)",
    "lcd_date": "01 Feb 2015",
    "pcd_date": "-",
    "quota_chinese": 1,
    "quota_malay": 0,
    "quota_other": 1,
    "street": "WOODLANDS DR 50",
    "town": "Woodlands"
}]
