[{
    "apartments": [
        {
            "area": 67.0,
            "floor": 14,
            "is_repurchased": false,
            "lease_price_list": [
                {
                    "lease": null,
                    "price": 230800
                }
            ],
            "unit": 2202
        }
    ],
    "block_code": {
        "block_num": "180A",
        "contract": "C19",
        "neighbourhood": "N1"
    },
    "dpd_date": "NA (Keys Available)",
    "flat_type": "3-Room (income ceiling $6,000)",
    "lcd_date": "01 Jul 2015",
    "pcd_date": "-",
    "quota_chinese": 1,
    "quota_malay": 1,
    "quota_other": 1,
    "street": "MARSILING RD",
    "town": "Woodlands"
},
{
    "apartments": [
        {
            "area": 66.0,
            "floor": 20,
            "is_repurchased": false,
            "lease_price_list": [
                {
                    "lease": null,
                    "price": 241500
                }
            ],
            "unit": 2226
        }
    ],
    "block_code": {
        "block_num": "180B",
        "contract": "C19",
        "neighbourhood": "N1"
    },
    "dpd_date": "NA (Keys Available)",
    "flat_type": "3-Room (income ceiling $6,000)",
    "lcd_date": "01 Jul 2015",
    "pcd_date": "-",
    "quota_chinese": 1,
    "quota_malay": 1,
    "quota_other": 0,
    "street": "MARSILING RD",
    "town": "Woodlands"
},
{
    "apartments": [
        {
            "area": 68.0,
            "floor": 20,
            "is_repurchased": false,
            "lease_price_list": [
                {
                    "lease": null,
                    "price": 185700
                }
            ],
            "unit": 677
        }
    ],
    "block_code": {
        "block_num": "185B",
        "contract": "C26",
        "neighbourhood": "N1"
    },
    "dpd_date": "30 Sep 2019",
    "flat_type": "3-Room (income ceiling $6,000)",
    "lcd_date": "-",
    "pcd_date": "3Q/2018",
    "quota_chinese": 1,
    "quota_malay": 1,
    "quota_other": 1,
    "street": "WOODLANDS ST 13",
    "town": "Woodlands"
},
{
    "apartments": [
        {
            "area": 68.0,
            "floor": 3,
            "is_repurchased": true,
            "lease_price_list": [
                {
                    "lease": null,
                    "price": 191000
                }
            ],
            "unit": 170
        }
    ],
    "block_code": {
        "block_num": "203",
        "contract": "C8",
        "neighbourhood": "N2"
    },
    "dpd_date": "NA (Keys Available)",
    "flat_type": "3-Room (income ceiling $6,000)",
    "lcd_date": "01 Oct 1981",
    "pcd_date": "-",
    "quota_chinese": 1,
    "quota_malay": 0,
    "quota_other": 0,
    "street": "MARSILING DR",
    "town": "Woodlands"
},
{
    "apartments": [
        {
            "area": 67.0,
            "floor": 8,
            "is_repurchased": false,
            "lease_price_list": [
                {
                    "lease": null,
                    "price": 222500
                }
            ],
            "unit": 319
        }
    ],
    "block_code": {
        "block_num": "302A",
        "contract": "C14",
        "neighbourhood": "N3"
    },
    "dpd_date": "NA (Keys Available)",
    "flat_type": "3-Room (income ceiling $6,000)",
    "lcd_date": "01 Oct 2016",
    "pcd_date": "-",
    "quota_chinese": 1,
    "quota_malay": 1,
    "quota_other": 0,
    "street": "WOODLANDS ST 31",
    "town": "Woodlands"
},
{
    "apartments": [
        {
            "area": 68.0,
            "floor": 7,
            "is_repurchased": false,
            "lease_price_list": [
                {
                    "lease": null,
                    "price": 179000
                }
            ],
            "unit": 733
        }
    ],
    "block_code": {
        "block_num": "693B",
        "contract": "C22",
        "neighbourhood": "N6"
    },
    "dpd_date": "31 Aug 2018",
    "flat_type": "3-Room (income ceiling $6,000)",
    "lcd_date": "-",
    "pcd_date": "08/2017",
    "quota_chinese": 1,
    "quota_malay": 1,
    "quota_other": 1,
    "street": "WOODLANDS AVE 6",
    "town": "Woodlands"
},
{
    "apartments": [
        {
            "area": 68.0,
            "floor": 12,
            "is_repurchased": false,
            "lease_price_list": [
                {
                    "lease": null,
                    "price": 182600
                }
            ],
            "unit": 50
        }
    ],
    "block_code": {
        "block_num": "694C",
        "contract": "C22",
        "neighbourhood": "N6"
    },
    "dpd_date": "31 Aug 2018",
    "flat_type": "3-Room (income ceiling $6,000)",
    "lcd_date": "-",
    "pcd_date": "3Q/2017",
    "quota_chinese": 1,
    "quota_malay": 0,
    "quota_other": 1,
    "street": "WOODLANDS DR 62",
    "town": "Woodlands"
}]
