[{
    "apartments": [
        {
            "area": 93.0,
            "floor": 8,
            "is_repurchased": false,
            "lease_price_list": [
                {
                    "lease": null,
                    "price": 279300
                }
            ],
            "unit": 625
        },
        {
            "area": 93.0,
            "floor": 13,
            "is_repurchased": false,
            "lease_price_list": [
                {
                    "lease": null,
                    "price": 286300
                }
            ],
            "unit": 625
        }
    ],
    "block_code": {
        "block_num": "183B",
        "contract": "C26",
        "neighbourhood": "N1"
    },
    "dpd_date": "30 Sep 2019",
    "flat_type": "4-Room",
    "lcd_date": "-",
    "pcd_date": "3Q/2018",
    "quota_chinese": 2,
    "quota_malay": 2,
    "quota_other": 2,
    "street": "WOODLANDS ST 13",
    "town": "Woodlands"
},
{
    "apartments": [
        {
            "area": 93.0,
            "floor": 4,
            "is_repurchased": false,
            "lease_price_list": [
                {
                    "lease": null,
                    "price": 246700
                }
            ],
            "unit": 671
        },
        {
            "area": 93.0,
            "floor": 10,
            "is_repurchased": false,
            "lease_price_list": [
                {
                    "lease": null,
                    "price": 277500
                }
            ],
            "unit": 671
        },
        {
            "area": 93.0,
            "floor": 29,
            "is_repurchased": false,
            "lease_price_list": [
                {
                    "lease": null,
                    "price": 311800
                }
            ],
            "unit": 673
        }
    ],
    "block_code": {
        "block_num": "185B",
        "contract": "C26",
        "neighbourhood": "N1"
    },
    "dpd_date": "30 Sep 2019",
    "flat_type": "4-Room",
    "lcd_date": "-",
    "pcd_date": "3Q/2018",
    "quota_chinese": 3,
    "quota_malay": 2,
    "quota_other": 2,
    "street": "WOODLANDS ST 13",
    "town": "Woodlands"
},
{
    "apartments": [
        {
            "area": 93.0,
            "floor": 9,
            "is_repurchased": false,
            "lease_price_list": [
                {
                    "lease": null,
                    "price": 286000
                }
            ],
            "unit": 653
        }
    ],
    "block_code": {
        "block_num": "185C",
        "contract": "C26",
        "neighbourhood": "N1"
    },
    "dpd_date": "30 Sep 2019",
    "flat_type": "4-Room",
    "lcd_date": "-",
    "pcd_date": "3Q/2018",
    "quota_chinese": 1,
    "quota_malay": 1,
    "quota_other": 1,
    "street": "WOODLANDS ST 13",
    "town": "Woodlands"
},
{
    "apartments": [
        {
            "area": 93.0,
            "floor": 6,
            "is_repurchased": false,
            "lease_price_list": [
                {
                    "lease": null,
                    "price": 269500
                }
            ],
            "unit": 626
        },
        {
            "area": 93.0,
            "floor": 8,
            "is_repurchased": false,
            "lease_price_list": [
                {
                    "lease": null,
                    "price": 270800
                }
            ],
            "unit": 628
        }
    ],
    "block_code": {
        "block_num": "573A",
        "contract": "C16",
        "neighbourhood": "N5"
    },
    "dpd_date": "31 May 2018",
    "flat_type": "4-Room",
    "lcd_date": "-",
    "pcd_date": "07/2017",
    "quota_chinese": 2,
    "quota_malay": 2,
    "quota_other": 0,
    "street": "WOODLANDS DR 16",
    "town": "Woodlands"
},
{
    "apartments": [
        {
            "area": 93.0,
            "floor": 2,
            "is_repurchased": false,
            "lease_price_list": [
                {
                    "lease": null,
                    "price": 246800
                }
            ],
            "unit": 654
        },
        {
            "area": 93.0,
            "floor": 11,
            "is_repurchased": false,
            "lease_price_list": [
                {
                    "lease": null,
                    "price": 275600
                }
            ],
            "unit": 654
        }
    ],
    "block_code": {
        "block_num": "573B",
        "contract": "C16",
        "neighbourhood": "N5"
    },
    "dpd_date": "31 May 2018",
    "flat_type": "4-Room",
    "lcd_date": "-",
    "pcd_date": "06/2017",
    "quota_chinese": 2,
    "quota_malay": 1,
    "quota_other": 0,
    "street": "WOODLANDS DR 16",
    "town": "Woodlands"
},
{
    "apartments": [
        {
            "area": 93.0,
            "floor": 2,
            "is_repurchased": false,
            "lease_price_list": [
                {
                    "lease": null,
                    "price": 251900
                }
            ],
            "unit": 700
        },
        {
            "area": 93.0,
            "floor": 8,
            "is_repurchased": false,
            "lease_price_list": [
                {
                    "lease": null,
                    "price": 270800
                }
            ],
            "unit": 700
        },
        {
            "area": 93.0,
            "floor": 10,
            "is_repurchased": false,
            "lease_price_list": [
                {
                    "lease": null,
                    "price": 273600
                }
            ],
            "unit": 704
        },
        {
            "area": 93.0,
            "floor": 4,
            "is_repurchased": false,
            "lease_price_list": [
                {
                    "lease": null,
                    "price": 256400
                }
            ],
            "unit": 712
        },
        {
            "area": 93.0,
            "floor": 9,
            "is_repurchased": false,
            "lease_price_list": [
                {
                    "lease": null,
                    "price": 277300
                }
            ],
            "unit": 712
        }
    ],
    "block_code": {
        "block_num": "574A",
        "contract": "C16",
        "neighbourhood": "N5"
    },
    "dpd_date": "31 May 2018",
    "flat_type": "4-Room",
    "lcd_date": "-",
    "pcd_date": "05/2017",
    "quota_chinese": 5,
    "quota_malay": 2,
    "quota_other": 2,
    "street": "WOODLANDS DR 16",
    "town": "Woodlands"
},
{
    "apartments": [
        {
            "area": 93.0,
            "floor": 9,
            "is_repurchased": false,
            "lease_price_list": [
                {
                    "lease": null,
                    "price": 272200
                }
            ],
            "unit": 748
        }
    ],
    "block_code": {
        "block_num": "574B",
        "contract": "C16",
        "neighbourhood": "N5"
    },
    "dpd_date": "NA (Keys Available)",
    "flat_type": "4-Room",
    "lcd_date": "01 Jun 2018",
    "pcd_date": "-",
    "quota_chinese": 1,
    "quota_malay": 1,
    "quota_other": 0,
    "street": "WOODLANDS DR 16",
    "town": "Woodlands"
},
{
    "apartments": [
        {
            "area": 93.0,
            "floor": 4,
            "is_repurchased": false,
            "lease_price_list": [
                {
                    "lease": null,
                    "price": 294800
                }
            ],
            "unit": 15
        },
        {
            "area": 93.0,
            "floor": 3,
            "is_repurchased": false,
            "lease_price_list": [
                {
                    "lease": null,
                    "price": 289000
                }
            ],
            "unit": 19
        },
        {
            "area": 93.0,
            "floor": 7,
            "is_repurchased": false,
            "lease_price_list": [
                {
                    "lease": null,
                    "price": 301200
                }
            ],
            "unit": 21
        }
    ],
    "block_code": {
        "block_num": "691A",
        "contract": "C6",
        "neighbourhood": "N6"
    },
    "dpd_date": "31 May 2018",
    "flat_type": "4-Room",
    "lcd_date": "-",
    "pcd_date": "06/2017",
    "quota_chinese": 3,
    "quota_malay": 2,
    "quota_other": 0,
    "street": "WOODLANDS DR 73",
    "town": "Woodlands"
},
{
    "apartments": [
        {
            "area": 93.0,
            "floor": 7,
            "is_repurchased": false,
            "lease_price_list": [
                {
                    "lease": null,
                    "price": 278400
                }
            ],
            "unit": 29
        },
        {
            "area": 93.0,
            "floor": 9,
            "is_repurchased": false,
            "lease_price_list": [
                {
                    "lease": null,
                    "price": 298500
                }
            ],
            "unit": 29
        },
        {
            "area": 93.0,
            "floor": 12,
            "is_repurchased": false,
            "lease_price_list": [
                {
                    "lease": null,
                    "price": 301400
                }
            ],
            "unit": 39
        }
    ],
    "block_code": {
        "block_num": "691B",
        "contract": "C6",
        "neighbourhood": "N6"
    },
    "dpd_date": "31 May 2018",
    "flat_type": "4-Room",
    "lcd_date": "-",
    "pcd_date": "05/2017",
    "quota_chinese": 3,
    "quota_malay": 1,
    "quota_other": 1,
    "street": "WOODLANDS DR 73",
    "town": "Woodlands"
},
{
    "apartments": [
        {
            "area": 93.0,
            "floor": 7,
            "is_repurchased": false,
            "lease_price_list": [
                {
                    "lease": null,
                    "price": 302500
                }
            ],
            "unit": 47
        },
        {
            "area": 93.0,
            "floor": 2,
            "is_repurchased": false,
            "lease_price_list": [
                {
                    "lease": null,
                    "price": 268000
                }
            ],
            "unit": 49
        }
    ],
    "block_code": {
        "block_num": "691C",
        "contract": "C6",
        "neighbourhood": "N6"
    },
    "dpd_date": "31 May 2018",
    "flat_type": "4-Room",
    "lcd_date": "-",
    "pcd_date": "06/2017",
    "quota_chinese": 2,
    "quota_malay": 2,
    "quota_other": 1,
    "street": "WOODLANDS DR 73",
    "town": "Woodlands"
},
{
    "apartments": [
        {
            "area": 93.0,
            "floor": 11,
            "is_repurchased": false,
            "lease_price_list": [
                {
                    "lease": null,
                    "price": 305100
                }
            ],
            "unit": 55
        }
    ],
    "block_code": {
        "block_num": "691D",
        "contract": "C6",
        "neighbourhood": "N6"
    },
    "dpd_date": "31 May 2018",
    "flat_type": "4-Room",
    "lcd_date": "-",
    "pcd_date": "06/2017",
    "quota_chinese": 1,
    "quota_malay": 1,
    "quota_other": 0,
    "street": "WOODLANDS DR 73",
    "town": "Woodlands"
},
{
    "apartments": [
        {
            "area": 92.0,
            "floor": 11,
            "is_repurchased": false,
            "lease_price_list": [
                {
                    "lease": null,
                    "price": 284700
                }
            ],
            "unit": 725
        },
        {
            "area": 92.0,
            "floor": 10,
            "is_repurchased": false,
            "lease_price_list": [
                {
                    "lease": null,
                    "price": 288300
                }
            ],
            "unit": 731
        }
    ],
    "block_code": {
        "block_num": "693B",
        "contract": "C22",
        "neighbourhood": "N6"
    },
    "dpd_date": "31 Aug 2018",
    "flat_type": "4-Room",
    "lcd_date": "-",
    "pcd_date": "08/2017",
    "quota_chinese": 2,
    "quota_malay": 2,
    "quota_other": 1,
    "street": "WOODLANDS AVE 6",
    "town": "Woodlands"
},
{
    "apartments": [
        {
            "area": 93.0,
            "floor": 7,
            "is_repurchased": false,
            "lease_price_list": [
                {
                    "lease": null,
                    "price": 281700
                }
            ],
            "unit": 32
        }
    ],
    "block_code": {
        "block_num": "694B",
        "contract": "C22",
        "neighbourhood": "N6"
    },
    "dpd_date": "31 Aug 2018",
    "flat_type": "4-Room",
    "lcd_date": "-",
    "pcd_date": "08/2017",
    "quota_chinese": 1,
    "quota_malay": 1,
    "quota_other": 1,
    "street": "WOODLANDS DR 62",
    "town": "Woodlands"
},
{
    "apartments": [
        {
            "area": 93.0,
            "floor": 4,
            "is_repurchased": false,
            "lease_price_list": [
                {
                    "lease": null,
                    "price": 275200
                }
            ],
            "unit": 56
        }
    ],
    "block_code": {
        "block_num": "694C",
        "contract": "C22",
        "neighbourhood": "N6"
    },
    "dpd_date": "31 Aug 2018",
    "flat_type": "4-Room",
    "lcd_date": "-",
    "pcd_date": "3Q/2017",
    "quota_chinese": 1,
    "quota_malay": 1,
    "quota_other": 1,
    "street": "WOODLANDS DR 62",
    "town": "Woodlands"
},
{
    "apartments": [
        {
            "area": 92.0,
            "floor": 9,
            "is_repurchased": false,
            "lease_price_list": [
                {
                    "lease": null,
                    "price": 276600
                }
            ],
            "unit": 92
        }
    ],
    "block_code": {
        "block_num": "694D",
        "contract": "C22",
        "neighbourhood": "N6"
    },
    "dpd_date": "31 Aug 2018",
    "flat_type": "4-Room",
    "lcd_date": "-",
    "pcd_date": "3Q/2017",
    "quota_chinese": 1,
    "quota_malay": 1,
    "quota_other": 1,
    "street": "WOODLANDS DR 62",
    "town": "Woodlands"
},
{
    "apartments": [
        {
            "area": 88.0,
            "floor": 5,
            "is_repurchased": false,
            "lease_price_list": [
                {
                    "lease": null,
                    "price": 284000
                }
            ],
            "unit": 10
        }
    ],
    "block_code": {
        "block_num": "717A",
        "contract": "C34",
        "neighbourhood": "N7"
    },
    "dpd_date": "NA (Keys Available)",
    "flat_type": "4-Room",
    "lcd_date": "01 Dec 2017",
    "pcd_date": "-",
    "quota_chinese": 1,
    "quota_malay": 1,
    "quota_other": 1,
    "street": "WOODLANDS DR 70",
    "town": "Woodlands"
},
{
    "apartments": [
        {
            "area": 88.0,
            "floor": 4,
            "is_repurchased": false,
            "lease_price_list": [
                {
                    "lease": null,
                    "price": 279500
                }
            ],
            "unit": 24
        },
        {
            "area": 88.0,
            "floor": 13,
            "is_repurchased": false,
            "lease_price_list": [
                {
                    "lease": null,
                    "price": 301500
                }
            ],
            "unit": 24
        },
        {
            "area": 88.0,
            "floor": 12,
            "is_repurchased": false,
            "lease_price_list": [
                {
                    "lease": null,
                    "price": 295400
                }
            ],
            "unit": 26
        }
    ],
    "block_code": {
        "block_num": "717B",
        "contract": "C34",
        "neighbourhood": "N7"
    },
    "dpd_date": "NA (Keys Available)",
    "flat_type": "4-Room",
    "lcd_date": "01 Dec 2017",
    "pcd_date": "-",
    "quota_chinese": 3,
    "quota_malay": 3,
    "quota_other": 3,
    "street": "WOODLANDS DR 70",
    "town": "Woodlands"
},
{
    "apartments": [
        {
            "area": 92.0,
            "floor": 12,
            "is_repurchased": true,
            "lease_price_list": [
                {
                    "lease": null,
                    "price": 281300
                }
            ],
            "unit": 67
        }
    ],
    "block_code": {
        "block_num": "780D",
        "contract": "C26",
        "neighbourhood": "N7"
    },
    "dpd_date": "NA (Keys Available)",
    "flat_type": "4-Room",
    "lcd_date": "01 Jul 2015",
    "pcd_date": "-",
    "quota_chinese": 1,
    "quota_malay": 1,
    "quota_other": 0,
    "street": "WOODLANDS CRES",
    "town": "Woodlands"
},
{
    "apartments": [
        {
            "area": 93.0,
            "floor": 15,
            "is_repurchased": false,
            "lease_price_list": [
                {
                    "lease": null,
                    "price": 287600
                }
            ],
            "unit": 47
        }
    ],
    "block_code": {
        "block_num": "783A",
        "contract": "C29",
        "neighbourhood": "N7"
    },
    "dpd_date": "30 Jun 2018",
    "flat_type": "4-Room",
    "lcd_date": "-",
    "pcd_date": "07/2017",
    "quota_chinese": 1,
    "quota_malay": 0,
    "quota_other": 0,
    "street": "WOODLANDS RISE",
    "town": "Woodlands"
},
{
    "apartments": [
        {
            "area": 93.0,
            "floor": 9,
            "is_repurchased": false,
            "lease_price_list": [
                {
                    "lease": null,
                    "price": 283800
                }
            ],
            "unit": 35
        }
    ],
    "block_code": {
        "block_num": "783B",
        "contract": "C29",
        "neighbourhood": "N7"
    },
    "dpd_date": "30 Jun 2018",
    "flat_type": "4-Room",
    "lcd_date": "-",
    "pcd_date": "07/2017",
    "quota_chinese": 1,
    "quota_malay": 0,
    "quota_other": 0,
    "street": "WOODLANDS RISE",
    "town": "Woodlands"
},
{
    "apartments": [
        {
            "area": 93.0,
            "floor": 16,
            "is_repurchased": false,
            "lease_price_list": [
                {
                    "lease": null,
                    "price": 287700
                }
            ],
            "unit": 7
        },
        {
            "area": 93.0,
            "floor": 15,
            "is_repurchased": false,
            "lease_price_list": [
                {
                    "lease": null,
                    "price": 282700
                }
            ],
            "unit": 11
        }
    ],
    "block_code": {
        "block_num": "783C",
        "contract": "C29",
        "neighbourhood": "N7"
    },
    "dpd_date": "30 Jun 2018",
    "flat_type": "4-Room",
    "lcd_date": "-",
    "pcd_date": "07/2017",
    "quota_chinese": 2,
    "quota_malay": 0,
    "quota_other": 0,
    "street": "WOODLANDS RISE",
    "town": "Woodlands"
},
{
    "apartments": [
        {
            "area": 93.0,
            "floor": 12,
            "is_repurchased": false,
            "lease_price_list": [
                {
                    "lease": null,
                    "price": 297000
                }
            ],
            "unit": 19
        }
    ],
    "block_code": {
        "block_num": "783D",
        "contract": "C29",
        "neighbourhood": "N7"
    },
    "dpd_date": "30 Jun 2018",
    "flat_type": "4-Room",
    "lcd_date": "-",
    "pcd_date": "07/2017",
    "quota_chinese": 1,
    "quota_malay": 1,
    "quota_other": 1,
    "street": "WOODLANDS RISE",
    "town": "Woodlands"
},
{
    "apartments": [
        {
            "area": 93.0,
            "floor": 14,
            "is_repurchased": false,
            "lease_price_list": [
                {
                    "lease": null,
                    "price": 289400
                }
            ],
            "unit": 2
        }
    ],
    "block_code": {
        "block_num": "784A",
        "contract": "C30",
        "neighbourhood": "N7"
    },
    "dpd_date": "30 Jun 2018",
    "flat_type": "4-Room",
    "lcd_date": "-",
    "pcd_date": "05/2017",
    "quota_chinese": 1,
    "quota_malay": 1,
    "quota_other": 1,
    "street": "WOODLANDS RISE",
    "town": "Woodlands"
},
{
    "apartments": [
        {
            "area": 93.0,
            "floor": 7,
            "is_repurchased": false,
            "lease_price_list": [
                {
                    "lease": null,
                    "price": 264900
                }
            ],
            "unit": 24
        }
    ],
    "block_code": {
        "block_num": "784B",
        "contract": "C30",
        "neighbourhood": "N7"
    },
    "dpd_date": "30 Jun 2018",
    "flat_type": "4-Room",
    "lcd_date": "-",
    "pcd_date": "05/2017",
    "quota_chinese": 1,
    "quota_malay": 0,
    "quota_other": 0,
    "street": "WOODLANDS RISE",
    "town": "Woodlands"
},
{
    "apartments": [
        {
            "area": 93.0,
            "floor": 7,
            "is_repurchased": false,
            "lease_price_list": [
                {
                    "lease": null,
                    "price": 260300
                }
            ],
            "unit": 88
        },
        {
            "area": 93.0,
            "floor": 12,
            "is_repurchased": false,
            "lease_price_list": [
                {
                    "lease": null,
                    "price": 274000
                }
            ],
            "unit": 92
        }
    ],
    "block_code": {
        "block_num": "785B",
        "contract": "C30",
        "neighbourhood": "N7"
    },
    "dpd_date": "NA (Keys Available)",
    "flat_type": "4-Room",
    "lcd_date": "01 Jul 2018",
    "pcd_date": "-",
    "quota_chinese": 2,
    "quota_malay": 1,
    "quota_other": 2,
    "street": "WOODLANDS RISE",
    "town": "Woodlands"
},
{
    "apartments": [
        {
            "area": 93.0,
            "floor": 10,
            "is_repurchased": false,
            "lease_price_list": [
                {
                    "lease": null,
                    "price": 266600
                }
            ],
            "unit": 64
        },
        {
            "area": 93.0,
            "floor": 11,
            "is_repurchased": false,
            "lease_price_list": [
                {
                    "lease": null,
                    "price": 273000
                }
            ],
            "unit": 64
        }
    ],
    "block_code": {
        "block_num": "785C",
        "contract": "C30",
        "neighbourhood": "N7"
    },
    "dpd_date": "NA (Keys Available)",
    "flat_type": "4-Room",
    "lcd_date": "01 Jul 2018",
    "pcd_date": "-",
    "quota_chinese": 2,
    "quota_malay": 2,
    "quota_other": 1,
    "street": "WOODLANDS RISE",
    "town": "Woodlands"
},
{
    "apartments": [
        {
            "area": 93.0,
            "floor": 6,
            "is_repurchased": false,
            "lease_price_list": [
                {
                    "lease": null,
                    "price": 279200
                }
            ],
            "unit": 221
        },
        {
            "area": 93.0,
            "floor": 14,
            "is_repurchased": false,
            "lease_price_list": [
                {
                    "lease": null,
                    "price": 314700
                }
            ],
            "unit": 221
        },
        {
            "area": 93.0,
            "floor": 12,
            "is_repurchased": false,
            "lease_price_list": [
                {
                    "lease": null,
                    "price": 306900
                }
            ],
            "unit": 223
        }
    ],
    "block_code": {
        "block_num": "889A",
        "contract": "C21",
        "neighbourhood": "N8"
    },
    "dpd_date": "NA (Keys Available)",
    "flat_type": "4-Room",
    "lcd_date": "01 Jul 2017",
    "pcd_date": "-",
    "quota_chinese": 3,
    "quota_malay": 3,
    "quota_other": 2,
    "street": "WOODLANDS DR 50",
    "town": "Woodlands"
},
{
    "apartments": [
        {
            "area": 93.0,
            "floor": 11,
            "is_repurchased": false,
            "lease_price_list": [
                {
                    "lease": null,
                    "price": 300500
                }
            ],
            "unit": 261
        },
        {
            "area": 93.0,
            "floor": 10,
            "is_repurchased": false,
            "lease_price_list": [
                {
                    "lease": null,
                    "price": 299100
                }
            ],
            "unit": 269
        }
    ],
    "block_code": {
        "block_num": "889D",
        "contract": "C21",
        "neighbourhood": "N8"
    },
    "dpd_date": "NA (Keys Available)",
    "flat_type": "4-Room",
    "lcd_date": "01 Jul 2017",
    "pcd_date": "-",
    "quota_chinese": 2,
    "quota_malay": 2,
    "quota_other": 2,
    "street": "WOODLANDS DR 50",
    "town": "Woodlands"
},
{
    "apartments": [
        {
            "area": 93.0,
            "floor": 15,
            "is_repurchased": false,
            "lease_price_list": [
                {
                    "lease": null,
                    "price": 308600
                }
            ],
            "unit": 293
        },
        {
            "area": 93.0,
            "floor": 2,
            "is_repurchased": false,
            "lease_price_list": [
                {
                    "lease": null,
                    "price": 267200
                }
            ],
            "unit": 301
        }
    ],
    "block_code": {
        "block_num": "890B",
        "contract": "C21",
        "neighbourhood": "N8"
    },
    "dpd_date": "NA (Keys Available)",
    "flat_type": "4-Room",
    "lcd_date": "01 Jul 2017",
    "pcd_date": "-",
    "quota_chinese": 2,
    "quota_malay": 2,
    "quota_other": 2,
    "street": "WOODLANDS DR 50",
    "town": "Woodlands"
}]
