[{
    "apartments": [
        {
            "area": 113.0,
            "floor": 12,
            "is_repurchased": false,
            "lease_price_list": [
                {
                    "lease": null,
                    "price": 360700
                }
            ],
            "unit": 749
        },
        {
            "area": 113.0,
            "floor": 15,
            "is_repurchased": false,
            "lease_price_list": [
                {
                    "lease": null,
                    "price": 364500
                }
            ],
            "unit": 749
        }
    ],
    "block_code": {
        "block_num": "182B",
        "contract": "C26",
        "neighbourhood": "N1"
    },
    "dpd_date": "30 Sep 2019",
    "flat_type": "5-Room/3Gen",
    "lcd_date": "-",
    "pcd_date": "3Q/2018",
    "quota_chinese": 2,
    "quota_malay": 2,
    "quota_other": 2,
    "street": "WOODLANDS ST 13",
    "town": "Woodlands"
},
{
    "apartments": [
        {
            "area": 113.0,
            "floor": 21,
            "is_repurchased": false,
            "lease_price_list": [
                {
                    "lease": null,
                    "price": 379900
                }
            ],
            "unit": 629
        },
        {
            "area": 113.0,
            "floor": 7,
            "is_repurchased": false,
            "lease_price_list": [
                {
                    "lease": null,
                    "price": 355600
                }
            ],
            "unit": 637
        }
    ],
    "block_code": {
        "block_num": "183A",
        "contract": "C26",
        "neighbourhood": "N1"
    },
    "dpd_date": "30 Sep 2019",
    "flat_type": "5-Room/3Gen",
    "lcd_date": "-",
    "pcd_date": "3Q/2018",
    "quota_chinese": 2,
    "quota_malay": 2,
    "quota_other": 2,
    "street": "WOODLANDS ST 13",
    "town": "Woodlands"
},
{
    "apartments": [
        {
            "area": 120.0,
            "floor": 6,
            "is_repurchased": false,
            "lease_price_list": [
                {
                    "lease": null,
                    "price": 357500
                }
            ],
            "unit": 617
        }
    ],
    "block_code": {
        "block_num": "183B",
        "contract": "C26",
        "neighbourhood": "N1"
    },
    "dpd_date": "30 Sep 2019",
    "flat_type": "5-Room/3Gen",
    "lcd_date": "-",
    "pcd_date": "3Q/2018",
    "quota_chinese": 1,
    "quota_malay": 1,
    "quota_other": 1,
    "street": "WOODLANDS ST 13",
    "town": "Woodlands"
},
{
    "apartments": [
        {
            "area": 113.0,
            "floor": 6,
            "is_repurchased": false,
            "lease_price_list": [
                {
                    "lease": null,
                    "price": 360700
                }
            ],
            "unit": 11
        }
    ],
    "block_code": {
        "block_num": "691A",
        "contract": "C6",
        "neighbourhood": "N6"
    },
    "dpd_date": "31 May 2018",
    "flat_type": "5-Room/3Gen",
    "lcd_date": "-",
    "pcd_date": "06/2017",
    "quota_chinese": 1,
    "quota_malay": 1,
    "quota_other": 0,
    "street": "WOODLANDS DR 73",
    "town": "Woodlands"
},
{
    "apartments": [
        {
            "area": 113.0,
            "floor": 11,
            "is_repurchased": false,
            "lease_price_list": [
                {
                    "lease": null,
                    "price": 382300
                }
            ],
            "unit": 31
        }
    ],
    "block_code": {
        "block_num": "691B",
        "contract": "C6",
        "neighbourhood": "N6"
    },
    "dpd_date": "31 May 2018",
    "flat_type": "5-Room/3Gen",
    "lcd_date": "-",
    "pcd_date": "05/2017",
    "quota_chinese": 1,
    "quota_malay": 1,
    "quota_other": 1,
    "street": "WOODLANDS DR 73",
    "town": "Woodlands"
},
{
    "apartments": [
        {
            "area": 113.0,
            "floor": 14,
            "is_repurchased": false,
            "lease_price_list": [
                {
                    "lease": null,
                    "price": 393500
                }
            ],
            "unit": 65
        }
    ],
    "block_code": {
        "block_num": "691D",
        "contract": "C6",
        "neighbourhood": "N6"
    },
    "dpd_date": "31 May 2018",
    "flat_type": "5-Room/3Gen",
    "lcd_date": "-",
    "pcd_date": "06/2017",
    "quota_chinese": 1,
    "quota_malay": 1,
    "quota_other": 0,
    "street": "WOODLANDS DR 73",
    "town": "Woodlands"
},
{
    "apartments": [
        {
            "area": 113.0,
            "floor": 2,
            "is_repurchased": false,
            "lease_price_list": [
                {
                    "lease": null,
                    "price": 311900
                }
            ],
            "unit": 705
        }
    ],
    "block_code": {
        "block_num": "693A",
        "contract": "C22",
        "neighbourhood": "N6"
    },
    "dpd_date": "31 Aug 2018",
    "flat_type": "5-Room/3Gen",
    "lcd_date": "-",
    "pcd_date": "07/2017",
    "quota_chinese": 1,
    "quota_malay": 1,
    "quota_other": 0,
    "street": "WOODLANDS AVE 6",
    "town": "Woodlands"
},
{
    "apartments": [
        {
            "area": 113.0,
            "floor": 4,
            "is_repurchased": false,
            "lease_price_list": [
                {
                    "lease": null,
                    "price": 342600
                }
            ],
            "unit": 20
        },
        {
            "area": 113.0,
            "floor": 9,
            "is_repurchased": false,
            "lease_price_list": [
                {
                    "lease": null,
                    "price": 369300
                }
            ],
            "unit": 20
        }
    ],
    "block_code": {
        "block_num": "694A",
        "contract": "C22",
        "neighbourhood": "N6"
    },
    "dpd_date": "31 Aug 2018",
    "flat_type": "5-Room/3Gen",
    "lcd_date": "-",
    "pcd_date": "07/2017",
    "quota_chinese": 2,
    "quota_malay": 2,
    "quota_other": 1,
    "street": "WOODLANDS DR 62",
    "town": "Woodlands"
},
{
    "apartments": [
        {
            "area": 113.0,
            "floor": 8,
            "is_repurchased": false,
            "lease_price_list": [
                {
                    "lease": null,
                    "price": 380200
                }
            ],
            "unit": 6
        },
        {
            "area": 113.0,
            "floor": 9,
            "is_repurchased": false,
            "lease_price_list": [
                {
                    "lease": null,
                    "price": 381800
                }
            ],
            "unit": 6
        },
        {
            "area": 113.0,
            "floor": 9,
            "is_repurchased": false,
            "lease_price_list": [
                {
                    "lease": null,
                    "price": 400700
                }
            ],
            "unit": 8
        }
    ],
    "block_code": {
        "block_num": "717A",
        "contract": "C34",
        "neighbourhood": "N7"
    },
    "dpd_date": "NA (Keys Available)",
    "flat_type": "5-Room/3Gen",
    "lcd_date": "01 Dec 2017",
    "pcd_date": "-",
    "quota_chinese": 3,
    "quota_malay": 3,
    "quota_other": 1,
    "street": "WOODLANDS DR 70",
    "town": "Woodlands"
},
{
    "apartments": [
        {
            "area": 112.0,
            "floor": 14,
            "is_repurchased": false,
            "lease_price_list": [
                {
                    "lease": null,
                    "price": 343800
                }
            ],
            "unit": 369
        }
    ],
    "block_code": {
        "block_num": "782E",
        "contract": "C28",
        "neighbourhood": "N7"
    },
    "dpd_date": "NA (Keys Available)",
    "flat_type": "5-Room/3Gen",
    "lcd_date": "01 Jun 2015",
    "pcd_date": "-",
    "quota_chinese": 1,
    "quota_malay": 1,
    "quota_other": 1,
    "street": "WOODLANDS CRES",
    "town": "Woodlands"
},
{
    "apartments": [
        {
            "area": 113.0,
            "floor": 3,
            "is_repurchased": false,
            "lease_price_list": [
                {
                    "lease": null,
                    "price": 323800
                }
            ],
            "unit": 3
        },
        {
            "area": 113.0,
            "floor": 9,
            "is_repurchased": false,
            "lease_price_list": [
                {
                    "lease": null,
                    "price": 353700
                }
            ],
            "unit": 13
        }
    ],
    "block_code": {
        "block_num": "783C",
        "contract": "C29",
        "neighbourhood": "N7"
    },
    "dpd_date": "30 Jun 2018",
    "flat_type": "5-Room/3Gen",
    "lcd_date": "-",
    "pcd_date": "07/2017",
    "quota_chinese": 2,
    "quota_malay": 1,
    "quota_other": 0,
    "street": "WOODLANDS RISE",
    "town": "Woodlands"
},
{
    "apartments": [
        {
            "area": 113.0,
            "floor": 13,
            "is_repurchased": false,
            "lease_price_list": [
                {
                    "lease": null,
                    "price": 351800
                }
            ],
            "unit": 27
        }
    ],
    "block_code": {
        "block_num": "783D",
        "contract": "C29",
        "neighbourhood": "N7"
    },
    "dpd_date": "30 Jun 2018",
    "flat_type": "5-Room/3Gen",
    "lcd_date": "-",
    "pcd_date": "07/2017",
    "quota_chinese": 1,
    "quota_malay": 0,
    "quota_other": 0,
    "street": "WOODLANDS RISE",
    "town": "Woodlands"
},
{
    "apartments": [
        {
            "area": 113.0,
            "floor": 6,
            "is_repurchased": false,
            "lease_price_list": [
                {
                    "lease": null,
                    "price": 323200
                }
            ],
            "unit": 8
        }
    ],
    "block_code": {
        "block_num": "784A",
        "contract": "C30",
        "neighbourhood": "N7"
    },
    "dpd_date": "30 Jun 2018",
    "flat_type": "5-Room/3Gen",
    "lcd_date": "-",
    "pcd_date": "05/2017",
    "quota_chinese": 1,
    "quota_malay": 1,
    "quota_other": 1,
    "street": "WOODLANDS RISE",
    "town": "Woodlands"
},
{
    "apartments": [
        {
            "area": 113.0,
            "floor": 8,
            "is_repurchased": false,
            "lease_price_list": [
                {
                    "lease": null,
                    "price": 327300
                }
            ],
            "unit": 74
        },
        {
            "area": 113.0,
            "floor": 6,
            "is_repurchased": false,
            "lease_price_list": [
                {
                    "lease": null,
                    "price": 318300
                }
            ],
            "unit": 76
        },
        {
            "area": 113.0,
            "floor": 7,
            "is_repurchased": false,
            "lease_price_list": [
                {
                    "lease": null,
                    "price": 322800
                }
            ],
            "unit": 76
        },
        {
            "area": 113.0,
            "floor": 11,
            "is_repurchased": false,
            "lease_price_list": [
                {
                    "lease": null,
                    "price": 326000
                }
            ],
            "unit": 76
        }
    ],
    "block_code": {
        "block_num": "785C",
        "contract": "C30",
        "neighbourhood": "N7"
    },
    "dpd_date": "NA (Keys Available)",
    "flat_type": "5-Room/3Gen",
    "lcd_date": "01 Jul 2018",
    "pcd_date": "-",
    "quota_chinese": 4,
    "quota_malay": 0,
    "quota_other": 2,
    "street": "WOODLANDS RISE",
    "town": "Woodlands"
},
{
    "apartments": [
        {
            "area": 113.0,
            "floor": 6,
            "is_repurchased": false,
            "lease_price_list": [
                {
                    "lease": null,
                    "price": 317700
                }
            ],
            "unit": 60
        }
    ],
    "block_code": {
        "block_num": "785D",
        "contract": "C30",
        "neighbourhood": "N7"
    },
    "dpd_date": "NA (Keys Available)",
    "flat_type": "5-Room/3Gen",
    "lcd_date": "01 Jul 2018",
    "pcd_date": "-",
    "quota_chinese": 1,
    "quota_malay": 0,
    "quota_other": 0,
    "street": "WOODLANDS RISE",
    "town": "Woodlands"
},
{
    "apartments": [
        {
            "area": 113.0,
            "floor": 15,
            "is_repurchased": false,
            "lease_price_list": [
                {
                    "lease": null,
                    "price": 389000
                }
            ],
            "unit": 279
        }
    ],
    "block_code": {
        "block_num": "890A",
        "contract": "C21",
        "neighbourhood": "N8"
    },
    "dpd_date": "NA (Keys Available)",
    "flat_type": "5-Room/3Gen",
    "lcd_date": "01 Jul 2017",
    "pcd_date": "-",
    "quota_chinese": 1,
    "quota_malay": 1,
    "quota_other": 1,
    "street": "WOODLANDS DR 50",
    "town": "Woodlands"
}]
