[{
    "apartments": [
        {
            "area": 130.0,
            "floor": 6,
            "is_repurchased": true,
            "lease_price_list": [
                {
                    "lease": null,
                    "price": 475000
                }
            ],
            "unit": 27
        }
    ],
    "block_code": {
        "block_num": "670",
        "contract": "C3",
        "neighbourhood": "N6"
    },
    "dpd_date": "NA (Keys Available)",
    "flat_type": "Executive",
    "lcd_date": "01 Jul 2000",
    "pcd_date": "-",
    "quota_chinese": 1,
    "quota_malay": 1,
    "quota_other": 1,
    "street": "WOODLANDS DR 71",
    "town": "Woodlands"
},
{
    "apartments": [
        {
            "area": 143.0,
            "floor": 6,
            "is_repurchased": true,
            "lease_price_list": [
                {
                    "lease": null,
                    "price": 505000
                }
            ],
            "unit": 164
        }
    ],
    "block_code": {
        "block_num": "788C",
        "contract": "C25",
        "neighbourhood": "N7"
    },
    "dpd_date": "NA (Keys Available)",
    "flat_type": "Executive",
    "lcd_date": "01 May 1999",
    "pcd_date": "-",
    "quota_chinese": 1,
    "quota_malay": 1,
    "quota_other": 1,
    "street": "WOODLANDS CRES",
    "town": "Woodlands"
}]
