{
    "blocks": [
        {
            "apartments": [
                {
                    "area": 74,
                    "floor": 2,
                    "is_repurchased": true,
                    "lease_price_list": [
                        {
                            "lease": 60,
                            "price": 222300
                        }
                    ],
                    "unit": 493
                }
            ],
            "block_code": {
                "block_num": "118",
                "contract": "C5",
                "neighbourhood": "N1"
            },
            "dpd_date": null,
            "flat_type": "3-Room",
            "lcd_date": {
                "year": 1978,
                "month": 5,
                "day": 1,
                "quarter": null,
                "months_since": -468
            },
            "pcd_date": null,
            "quota_chinese": 0,
            "quota_malay": 1,
            "quota_other": 1,
            "street": "ANG MO KIO AVENUE 4",
            "town": "Ang Mo Kio",
            "title": "KEBUN BARU HEIGHTS",
            "lat": 1.37329593649656,
            "long": 103.835475719134,
            "postal": 560118
        },
        {
            "apartments": [
                {
                    "area": 67,
                    "floor": 2,
                    "is_repurchased": true,
                    "lease_price_list": [
                        {
                            "lease": 60,
                            "price": 234000
                        }
                    ],
                    "unit": 1919
                }
            ],
            "block_code": {
                "block_num": "126",
                "contract": "C9",
                "neighbourhood": "N1"
            },
            "dpd_date": null,
            "flat_type": "3-Room",
            "lcd_date": {
                "year": 1978,
                "month": 9,
                "day": 1,
                "quarter": null,
                "months_since": -464
            },
            "pcd_date": null,
            "quota_chinese": 1,
            "quota_malay": 1,
            "quota_other": 1,
            "street": "ANG MO KIO AVENUE 3",
            "town": "Ang Mo Kio",
            "title": "HDB-ANG MO KIO",
            "lat": 1.37164990020959,
            "long": 103.843644176374,
            "postal": 560126
        },
        {
            "apartments": [
                {
                    "area": 73,
                    "floor": 2,
                    "is_repurchased": true,
                    "lease_price_list": [
                        {
                            "lease": 58,
                            "price": 232700
                        }
                    ],
                    "unit": 863
                }
            ],
            "block_code": {
                "block_num": "216",
                "contract": "C1",
                "neighbourhood": "N2"
            },
            "dpd_date": null,
            "flat_type": "3-Room",
            "lcd_date": {
                "year": 1976,
                "month": 4,
                "day": 1,
                "quarter": null,
                "months_since": -493
            },
            "pcd_date": null,
            "quota_chinese": 0,
            "quota_malay": 1,
            "quota_other": 1,
            "street": "ANG MO KIO AVENUE 1",
            "town": "Ang Mo Kio",
            "title": "ANG MO KIO 22",
            "lat": 1.36619678831055,
            "long": 103.841505011903,
            "postal": 560216
        },
        {
            "apartments": [
                {
                    "area": 66,
                    "floor": 2,
                    "is_repurchased": false,
                    "lease_price_list": [
                        {
                            "lease": 63,
                            "price": 203300
                        }
                    ],
                    "unit": 1603
                }
            ],
            "block_code": {
                "block_num": "339",
                "contract": "C9",
                "neighbourhood": "N3"
            },
            "dpd_date": null,
            "flat_type": "3-Room",
            "lcd_date": {
                "year": 1981,
                "month": 8,
                "day": 1,
                "quarter": null,
                "months_since": -429
            },
            "pcd_date": null,
            "quota_chinese": 0,
            "quota_malay": 1,
            "quota_other": 1,
            "street": "ANG MO KIO AVENUE 1",
            "town": "Ang Mo Kio",
            "title": "NIL",
            "lat": 1.36506492207368,
            "long": 103.849115819192,
            "postal": 560339
        },
        {
            "apartments": [
                {
                    "area": 67,
                    "floor": 3,
                    "is_repurchased": true,
                    "lease_price_list": [
                        {
                            "lease": 61,
                            "price": 219400
                        }
                    ],
                    "unit": 1589
                }
            ],
            "block_code": {
                "block_num": "444",
                "contract": "C7",
                "neighbourhood": "N4"
            },
            "dpd_date": null,
            "flat_type": "3-Room",
            "lcd_date": {
                "year": 1979,
                "month": 8,
                "day": 1,
                "quarter": null,
                "months_since": -453
            },
            "pcd_date": null,
            "quota_chinese": 0,
            "quota_malay": 1,
            "quota_other": 1,
            "street": "ANG MO KIO AVENUE 10",
            "town": "Ang Mo Kio",
            "title": "HDB-ANG MO KIO",
            "lat": 1.3666004532115,
            "long": 103.855578790668,
            "postal": 560444
        },
        {
            "apartments": [
                {
                    "area": 67,
                    "floor": 12,
                    "is_repurchased": true,
                    "lease_price_list": [
                        {
                            "lease": 61,
                            "price": 233700
                        }
                    ],
                    "unit": 1643
                }
            ],
            "block_code": {
                "block_num": "445",
                "contract": "C7",
                "neighbourhood": "N4"
            },
            "dpd_date": null,
            "flat_type": "3-Room",
            "lcd_date": {
                "year": 1979,
                "month": 8,
                "day": 1,
                "quarter": null,
                "months_since": -453
            },
            "pcd_date": null,
            "quota_chinese": 0,
            "quota_malay": 1,
            "quota_other": 1,
            "street": "ANG MO KIO AVENUE 10",
            "town": "Ang Mo Kio",
            "title": "HDB-ANG MO KIO",
            "lat": 1.3669800451506,
            "long": 103.85571808973,
            "postal": 560445
        },
        {
            "apartments": [
                {
                    "area": 68,
                    "floor": 5,
                    "is_repurchased": false,
                    "lease_price_list": [
                        {
                            "lease": 99,
                            "price": 255300
                        }
                    ],
                    "unit": 5
                },
                {
                    "area": 68,
                    "floor": 17,
                    "is_repurchased": false,
                    "lease_price_list": [
                        {
                            "lease": 99,
                            "price": 289900
                        }
                    ],
                    "unit": 5
                }
            ],
            "block_code": {
                "block_num": "455A",
                "contract": "C25",
                "neighbourhood": "N4"
            },
            "dpd_date": null,
            "flat_type": "3-Room",
            "lcd_date": {
                "year": 2018,
                "month": 3,
                "day": 1,
                "quarter": null,
                "months_since": 10
            },
            "pcd_date": null,
            "quota_chinese": 0,
            "quota_malay": 2,
            "quota_other": 2,
            "street": "ANG MO KIO STREET 44",
            "town": "Ang Mo Kio",
            "title": "TECK GHEE PARKVIEW",
            "lat": 1.3681737624116,
            "long": 103.857520553516,
            "postal": 561455
        },
        {
            "apartments": [
                {
                    "area": 67,
                    "floor": 7,
                    "is_repurchased": true,
                    "lease_price_list": [
                        {
                            "lease": 66,
                            "price": 222300
                        }
                    ],
                    "unit": 826
                },
                {
                    "area": 67,
                    "floor": 13,
                    "is_repurchased": true,
                    "lease_price_list": [
                        {
                            "lease": 66,
                            "price": 227000
                        }
                    ],
                    "unit": 838
                }
            ],
            "block_code": {
                "block_num": "474",
                "contract": "C18",
                "neighbourhood": "N4"
            },
            "dpd_date": null,
            "flat_type": "3-Room",
            "lcd_date": {
                "year": 1984,
                "month": 2,
                "day": 1,
                "quarter": null,
                "months_since": -399
            },
            "pcd_date": null,
            "quota_chinese": 0,
            "quota_malay": 2,
            "quota_other": 2,
            "street": "ANG MO KIO AVENUE 10",
            "town": "Ang Mo Kio",
            "title": "TECK GHEE HORIZON",
            "lat": 1.36275784702217,
            "long": 103.858015323667,
            "postal": 560474
        },
        {
            "apartments": [
                {
                    "area": 68,
                    "floor": 5,
                    "is_repurchased": true,
                    "lease_price_list": [
                        {
                            "lease": 62,
                            "price": 238400
                        }
                    ],
                    "unit": 2504
                }
            ],
            "block_code": {
                "block_num": "512",
                "contract": "C22",
                "neighbourhood": "N5"
            },
            "dpd_date": null,
            "flat_type": "3-Room",
            "lcd_date": {
                "year": 1980,
                "month": 8,
                "day": 1,
                "quarter": null,
                "months_since": -441
            },
            "pcd_date": null,
            "quota_chinese": 0,
            "quota_malay": 1,
            "quota_other": 1,
            "street": "ANG MO KIO AVENUE 8",
            "town": "Ang Mo Kio",
            "title": "CHENG SAN CREST",
            "lat": 1.37261474143621,
            "long": 103.849155674919,
            "postal": 560512
        },
        {
            "apartments": [
                {
                    "area": 68,
                    "floor": 12,
                    "is_repurchased": true,
                    "lease_price_list": [
                        {
                            "lease": 62,
                            "price": 227000
                        }
                    ],
                    "unit": 4158
                }
            ],
            "block_code": {
                "block_num": "524",
                "contract": "C11A",
                "neighbourhood": "N5"
            },
            "dpd_date": null,
            "flat_type": "3-Room",
            "lcd_date": {
                "year": 1980,
                "month": 8,
                "day": 1,
                "quarter": null,
                "months_since": -441
            },
            "pcd_date": null,
            "quota_chinese": 0,
            "quota_malay": 1,
            "quota_other": 1,
            "street": "ANG MO KIO AVENUE 5",
            "town": "Ang Mo Kio",
            "title": "HDB-ANG MO KIO",
            "lat": 1.37337829416433,
            "long": 103.853042534069,
            "postal": 560524
        },
        {
            "apartments": [
                {
                    "area": 82,
                    "floor": 3,
                    "is_repurchased": true,
                    "lease_price_list": [
                        {
                            "lease": 62,
                            "price": 297300
                        }
                    ],
                    "unit": 2551
                }
            ],
            "block_code": {
                "block_num": "536",
                "contract": "C11",
                "neighbourhood": "N5"
            },
            "dpd_date": null,
            "flat_type": "3-Room",
            "lcd_date": {
                "year": 1980,
                "month": 2,
                "day": 1,
                "quarter": null,
                "months_since": -447
            },
            "pcd_date": null,
            "quota_chinese": 0,
            "quota_malay": 1,
            "quota_other": 1,
            "street": "ANG MO KIO AVENUE 10",
            "town": "Ang Mo Kio",
            "title": "CHENG SAN VIEW",
            "lat": 1.37447378519742,
            "long": 103.854100515826,
            "postal": 560536
        },
        {
            "apartments": [
                {
                    "area": 68,
                    "floor": 6,
                    "is_repurchased": true,
                    "lease_price_list": [
                        {
                            "lease": 63,
                            "price": 222300
                        }
                    ],
                    "unit": 2428
                }
            ],
            "block_code": {
                "block_num": "540",
                "contract": "C15A",
                "neighbourhood": "N5"
            },
            "dpd_date": null,
            "flat_type": "3-Room",
            "lcd_date": {
                "year": 1981,
                "month": 1,
                "day": 1,
                "quarter": null,
                "months_since": -436
            },
            "pcd_date": null,
            "quota_chinese": 0,
            "quota_malay": 1,
            "quota_other": 1,
            "street": "ANG MO KIO AVENUE 10",
            "town": "Ang Mo Kio",
            "title": "CHENG SAN GREEN",
            "lat": 1.37529376778902,
            "long": 103.855452425625,
            "postal": 560540
        },
        {
            "apartments": [
                {
                    "area": 68,
                    "floor": 3,
                    "is_repurchased": true,
                    "lease_price_list": [
                        {
                            "lease": 63,
                            "price": 215600
                        }
                    ],
                    "unit": 2038
                }
            ],
            "block_code": {
                "block_num": "554",
                "contract": "C15B",
                "neighbourhood": "N5"
            },
            "dpd_date": null,
            "flat_type": "3-Room",
            "lcd_date": {
                "year": 1981,
                "month": 1,
                "day": 1,
                "quarter": null,
                "months_since": -436
            },
            "pcd_date": null,
            "quota_chinese": 0,
            "quota_malay": 1,
            "quota_other": 1,
            "street": "ANG MO KIO AVENUE 10",
            "town": "Ang Mo Kio",
            "title": "CHENG SAN PLACE",
            "lat": 1.37282000844331,
            "long": 103.857784026362,
            "postal": 560554
        },
        {
            "apartments": [
                {
                    "area": 68,
                    "floor": 6,
                    "is_repurchased": true,
                    "lease_price_list": [
                        {
                            "lease": 62,
                            "price": 218500
                        }
                    ],
                    "unit": 1918
                }
            ],
            "block_code": {
                "block_num": "556",
                "contract": "C3",
                "neighbourhood": "N5"
            },
            "dpd_date": null,
            "flat_type": "3-Room",
            "lcd_date": {
                "year": 1980,
                "month": 1,
                "day": 1,
                "quarter": null,
                "months_since": -448
            },
            "pcd_date": null,
            "quota_chinese": 0,
            "quota_malay": 1,
            "quota_other": 1,
            "street": "ANG MO KIO AVENUE 10",
            "town": "Ang Mo Kio",
            "title": "CHENG SAN PLACE",
            "lat": 1.37203236308685,
            "long": 103.857625375797,
            "postal": 560556
        },
        {
            "apartments": [
                {
                    "area": 67,
                    "floor": 2,
                    "is_repurchased": true,
                    "lease_price_list": [
                        {
                            "lease": 62,
                            "price": 213700
                        }
                    ],
                    "unit": 1764
                }
            ],
            "block_code": {
                "block_num": "560",
                "contract": "C2",
                "neighbourhood": "N5"
            },
            "dpd_date": null,
            "flat_type": "3-Room",
            "lcd_date": {
                "year": 1980,
                "month": 2,
                "day": 1,
                "quarter": null,
                "months_since": -447
            },
            "pcd_date": null,
            "quota_chinese": 0,
            "quota_malay": 1,
            "quota_other": 1,
            "street": "ANG MO KIO AVENUE 10",
            "town": "Ang Mo Kio",
            "title": "HDB-ANG MO KIO",
            "lat": 1.37081626777724,
            "long": 103.859192334256,
            "postal": 560560
        },
        {
            "apartments": [
                {
                    "area": 68,
                    "floor": 2,
                    "is_repurchased": false,
                    "lease_price_list": [
                        {
                            "lease": 99,
                            "price": 317700
                        }
                    ],
                    "unit": 3
                },
                {
                    "area": 68,
                    "floor": 4,
                    "is_repurchased": false,
                    "lease_price_list": [
                        {
                            "lease": 99,
                            "price": 323700
                        }
                    ],
                    "unit": 3
                },
                {
                    "area": 68,
                    "floor": 5,
                    "is_repurchased": false,
                    "lease_price_list": [
                        {
                            "lease": 99,
                            "price": 326700
                        }
                    ],
                    "unit": 3
                },
                {
                    "area": 68,
                    "floor": 2,
                    "is_repurchased": false,
                    "lease_price_list": [
                        {
                            "lease": 99,
                            "price": 317700
                        }
                    ],
                    "unit": 5
                },
                {
                    "area": 68,
                    "floor": 4,
                    "is_repurchased": false,
                    "lease_price_list": [
                        {
                            "lease": 99,
                            "price": 323700
                        }
                    ],
                    "unit": 5
                },
                {
                    "area": 68,
                    "floor": 12,
                    "is_repurchased": false,
                    "lease_price_list": [
                        {
                            "lease": 99,
                            "price": 338200
                        }
                    ],
                    "unit": 5
                },
                {
                    "area": 68,
                    "floor": 13,
                    "is_repurchased": false,
                    "lease_price_list": [
                        {
                            "lease": 99,
                            "price": 339200
                        }
                    ],
                    "unit": 5
                },
                {
                    "area": 68,
                    "floor": 14,
                    "is_repurchased": false,
                    "lease_price_list": [
                        {
                            "lease": 99,
                            "price": 340200
                        }
                    ],
                    "unit": 5
                }
            ],
            "block_code": {
                "block_num": "590A",
                "contract": "C26",
                "neighbourhood": "N5"
            },
            "dpd_date": {
                "year": 2019,
                "month": 1,
                "day": 31,
                "quarter": null,
                "months_since": 20
            },
            "flat_type": "3-Room",
            "lcd_date": null,
            "pcd_date": {
                "year": 2017,
                "month": 7,
                "day": null,
                "quarter": null,
                "months_since": 2
            },
            "quota_chinese": 0,
            "quota_malay": 8,
            "quota_other": 8,
            "street": "ANG MO KIO STREET 51",
            "town": "Ang Mo Kio",
            "title": "CHENG SAN COURT",
            "lat": 1.37122178516984,
            "long": 103.853853154442,
            "postal": 561590
        },
        {
            "apartments": [
                {
                    "area": 68,
                    "floor": 2,
                    "is_repurchased": false,
                    "lease_price_list": [
                        {
                            "lease": 99,
                            "price": 306700
                        }
                    ],
                    "unit": 19
                },
                {
                    "area": 68,
                    "floor": 3,
                    "is_repurchased": false,
                    "lease_price_list": [
                        {
                            "lease": 99,
                            "price": 315200
                        }
                    ],
                    "unit": 19
                },
                {
                    "area": 68,
                    "floor": 5,
                    "is_repurchased": false,
                    "lease_price_list": [
                        {
                            "lease": 99,
                            "price": 326700
                        }
                    ],
                    "unit": 19
                },
                {
                    "area": 68,
                    "floor": 32,
                    "is_repurchased": false,
                    "lease_price_list": [
                        {
                            "lease": 99,
                            "price": 371500
                        }
                    ],
                    "unit": 19
                }
            ],
            "block_code": {
                "block_num": "590B",
                "contract": "C26",
                "neighbourhood": "N5"
            },
            "dpd_date": {
                "year": 2019,
                "month": 1,
                "day": 31,
                "quarter": null,
                "months_since": 20
            },
            "flat_type": "3-Room",
            "lcd_date": null,
            "pcd_date": {
                "year": 2017,
                "month": 9,
                "day": null,
                "quarter": null,
                "months_since": 4
            },
            "quota_chinese": 0,
            "quota_malay": 4,
            "quota_other": 4,
            "street": "ANG MO KIO STREET 51",
            "town": "Ang Mo Kio",
            "title": "CHENG SAN COURT",
            "lat": 1.37118642598514,
            "long": 103.852980282648,
            "postal": 562590
        },
        {
            "apartments": [
                {
                    "area": 68,
                    "floor": 3,
                    "is_repurchased": false,
                    "lease_price_list": [
                        {
                            "lease": 99,
                            "price": 320700
                        }
                    ],
                    "unit": 33
                },
                {
                    "area": 68,
                    "floor": 4,
                    "is_repurchased": false,
                    "lease_price_list": [
                        {
                            "lease": 99,
                            "price": 323700
                        }
                    ],
                    "unit": 33
                },
                {
                    "area": 68,
                    "floor": 20,
                    "is_repurchased": false,
                    "lease_price_list": [
                        {
                            "lease": 99,
                            "price": 351700
                        }
                    ],
                    "unit": 33
                },
                {
                    "area": 68,
                    "floor": 21,
                    "is_repurchased": false,
                    "lease_price_list": [
                        {
                            "lease": 99,
                            "price": 356000
                        }
                    ],
                    "unit": 33
                },
                {
                    "area": 68,
                    "floor": 3,
                    "is_repurchased": false,
                    "lease_price_list": [
                        {
                            "lease": 99,
                            "price": 320700
                        }
                    ],
                    "unit": 39
                },
                {
                    "area": 68,
                    "floor": 8,
                    "is_repurchased": false,
                    "lease_price_list": [
                        {
                            "lease": 99,
                            "price": 337500
                        }
                    ],
                    "unit": 39
                },
                {
                    "area": 68,
                    "floor": 13,
                    "is_repurchased": false,
                    "lease_price_list": [
                        {
                            "lease": 99,
                            "price": 348000
                        }
                    ],
                    "unit": 39
                },
                {
                    "area": 68,
                    "floor": 28,
                    "is_repurchased": false,
                    "lease_price_list": [
                        {
                            "lease": 99,
                            "price": 365800
                        }
                    ],
                    "unit": 39
                },
                {
                    "area": 68,
                    "floor": 32,
                    "is_repurchased": false,
                    "lease_price_list": [
                        {
                            "lease": 99,
                            "price": 368200
                        }
                    ],
                    "unit": 39
                }
            ],
            "block_code": {
                "block_num": "591A",
                "contract": "C26",
                "neighbourhood": "N5"
            },
            "dpd_date": {
                "year": 2019,
                "month": 1,
                "day": 31,
                "quarter": null,
                "months_since": 20
            },
            "flat_type": "3-Room",
            "lcd_date": null,
            "pcd_date": {
                "year": 2017,
                "month": null,
                "day": null,
                "quarter": 4,
                "months_since": 7
            },
            "quota_chinese": 4,
            "quota_malay": 9,
            "quota_other": 9,
            "street": "ANG MO KIO STREET 51",
            "town": "Ang Mo Kio",
            "title": "CHENG SAN COURT",
            "lat": 1.37093324079317,
            "long": 103.851940766136,
            "postal": 561591
        },
        {
            "apartments": [
                {
                    "area": 67,
                    "floor": 10,
                    "is_repurchased": true,
                    "lease_price_list": [
                        {
                            "lease": 62,
                            "price": 229000
                        }
                    ],
                    "unit": 2619
                }
            ],
            "block_code": {
                "block_num": "601",
                "contract": "C1",
                "neighbourhood": "N6"
            },
            "dpd_date": null,
            "flat_type": "3-Room",
            "lcd_date": {
                "year": 1980,
                "month": 6,
                "day": 1,
                "quarter": null,
                "months_since": -443
            },
            "pcd_date": null,
            "quota_chinese": 1,
            "quota_malay": 1,
            "quota_other": 1,
            "street": "ANG MO KIO AVENUE 5",
            "town": "Ang Mo Kio",
            "title": "YIO CHU KANG GREEN",
            "lat": 1.38104135523578,
            "long": 103.835131742647,
            "postal": 560601
        },
        {
            "apartments": [
                {
                    "area": 67,
                    "floor": 2,
                    "is_repurchased": true,
                    "lease_price_list": [
                        {
                            "lease": 62,
                            "price": 209000
                        }
                    ],
                    "unit": 2807
                }
            ],
            "block_code": {
                "block_num": "611",
                "contract": "C3",
                "neighbourhood": "N6"
            },
            "dpd_date": null,
            "flat_type": "3-Room",
            "lcd_date": {
                "year": 1980,
                "month": 6,
                "day": 1,
                "quarter": null,
                "months_since": -443
            },
            "pcd_date": null,
            "quota_chinese": 1,
            "quota_malay": 1,
            "quota_other": 1,
            "street": "ANG MO KIO AVENUE 5",
            "town": "Ang Mo Kio",
            "title": "YIO CHU KANG GREEN",
            "lat": 1.37829205312002,
            "long": 103.837251895809,
            "postal": 560611
        },
        {
            "apartments": [
                {
                    "area": 67,
                    "floor": 15,
                    "is_repurchased": false,
                    "lease_price_list": [
                        {
                            "lease": 98,
                            "price": 284800
                        }
                    ],
                    "unit": 17
                },
                {
                    "area": 67,
                    "floor": 14,
                    "is_repurchased": true,
                    "lease_price_list": [
                        {
                            "lease": 98,
                            "price": 289000
                        }
                    ],
                    "unit": 21
                }
            ],
            "block_code": {
                "block_num": "650",
                "contract": "C28",
                "neighbourhood": "N6"
            },
            "dpd_date": null,
            "flat_type": "3-Room",
            "lcd_date": {
                "year": 2015,
                "month": 12,
                "day": 1,
                "quarter": null,
                "months_since": -17
            },
            "pcd_date": null,
            "quota_chinese": 2,
            "quota_malay": 2,
            "quota_other": 2,
            "street": "ANG MO KIO STREET 61",
            "town": "Ang Mo Kio",
            "title": "YIO CHU KANG VISTA",
            "lat": 1.37769118043961,
            "long": 103.84274515222,
            "postal": 560650
        },
        {
            "apartments": [
                {
                    "area": 68,
                    "floor": 3,
                    "is_repurchased": true,
                    "lease_price_list": [
                        {
                            "lease": 62,
                            "price": 236500
                        }
                    ],
                    "unit": 4036
                }
            ],
            "block_code": {
                "block_num": "713",
                "contract": "C2",
                "neighbourhood": "N7"
            },
            "dpd_date": null,
            "flat_type": "3-Room",
            "lcd_date": {
                "year": 1980,
                "month": 7,
                "day": 1,
                "quarter": null,
                "months_since": -442
            },
            "pcd_date": null,
            "quota_chinese": 0,
            "quota_malay": 1,
            "quota_other": 1,
            "street": "ANG MO KIO AVENUE 6",
            "town": "Ang Mo Kio",
            "title": "HDB-ANG MO KIO",
            "lat": 1.37145809347749,
            "long": 103.846516326828,
            "postal": 560713
        },
        {
            "apartments": [
                {
                    "area": 67,
                    "floor": 3,
                    "is_repurchased": false,
                    "lease_price_list": [
                        {
                            "lease": 62,
                            "price": 236500
                        }
                    ],
                    "unit": 4228
                }
            ],
            "block_code": {
                "block_num": "728",
                "contract": "C3",
                "neighbourhood": "N7"
            },
            "dpd_date": null,
            "flat_type": "3-Room",
            "lcd_date": {
                "year": 1980,
                "month": 10,
                "day": 1,
                "quarter": null,
                "months_since": -439
            },
            "pcd_date": null,
            "quota_chinese": 0,
            "quota_malay": 1,
            "quota_other": 1,
            "street": "ANG MO KIO AVENUE 6",
            "town": "Ang Mo Kio",
            "title": "HDB-ANG MO KIO",
            "lat": 1.37262841608632,
            "long": 103.845682928938,
            "postal": 560728
        }
    ]
}