{
    "blocks": [
        {
            "apartments": [
                {
                    "area": 98,
                    "floor": 9,
                    "is_repurchased": true,
                    "lease_price_list": [
                        {
                            "lease": 78,
                            "price": 426000
                        }
                    ],
                    "unit": 509
                }
            ],
            "block_code": {
                "block_num": "255",
                "contract": "C20",
                "neighbourhood": "N0"
            },
            "dpd_date": null,
            "flat_type": "4-Room",
            "lcd_date": {
                "year": 1996,
                "month": 9,
                "day": 1,
                "quarter": null,
                "months_since": -248
            },
            "pcd_date": null,
            "quota_chinese": 1,
            "quota_malay": 1,
            "quota_other": 1,
            "street": "SIMEI STREET 1",
            "town": "Tampines",
            "title": "HDB-SIMEI",
            "lat": 1.34242901722868,
            "long": 103.951758550468,
            "postal": 520255
        },
        {
            "apartments": [
                {
                    "area": 103,
                    "floor": 6,
                    "is_repurchased": true,
                    "lease_price_list": [
                        {
                            "lease": 72,
                            "price": 331000
                        }
                    ],
                    "unit": 109
                }
            ],
            "block_code": {
                "block_num": "487C",
                "contract": "C22",
                "neighbourhood": "N4"
            },
            "dpd_date": null,
            "flat_type": "4-Room",
            "lcd_date": {
                "year": 1990,
                "month": 2,
                "day": 1,
                "quarter": null,
                "months_since": -327
            },
            "pcd_date": null,
            "quota_chinese": 1,
            "quota_malay": 1,
            "quota_other": 1,
            "street": "TAMPINES STREET 45",
            "town": "Tampines",
            "title": "HDB-TAMPINES",
            "lat": 1.36075820406709,
            "long": 103.957884242384,
            "postal": 522487
        },
        {
            "apartments": [
                {
                    "area": 92,
                    "floor": 6,
                    "is_repurchased": false,
                    "lease_price_list": [
                        {
                            "lease": 99,
                            "price": 283800
                        }
                    ],
                    "unit": 590
                }
            ],
            "block_code": {
                "block_num": "494J",
                "contract": "C28",
                "neighbourhood": "N4"
            },
            "dpd_date": {
                "year": 2018,
                "month": 10,
                "day": 31,
                "quarter": null,
                "months_since": 17
            },
            "flat_type": "4-Room",
            "lcd_date": null,
            "pcd_date": {
                "year": 2017,
                "month": null,
                "day": null,
                "quarter": 4,
                "months_since": 7
            },
            "quota_chinese": 1,
            "quota_malay": 1,
            "quota_other": 0,
            "street": "TAMPINES STREET 45",
            "town": "Tampines",
            "title": "TAMPINES GREENEDGE",
            "lat": 1.36411231092789,
            "long": 103.954328979984,
            "postal": 529494
        },
        {
            "apartments": [
                {
                    "area": 106,
                    "floor": 7,
                    "is_repurchased": true,
                    "lease_price_list": [
                        {
                            "lease": 79,
                            "price": 351000
                        }
                    ],
                    "unit": 504
                }
            ],
            "block_code": {
                "block_num": "498M",
                "contract": "C25",
                "neighbourhood": "N4"
            },
            "dpd_date": null,
            "flat_type": "4-Room",
            "lcd_date": {
                "year": 1997,
                "month": 7,
                "day": 1,
                "quarter": null,
                "months_since": -238
            },
            "pcd_date": null,
            "quota_chinese": 1,
            "quota_malay": 1,
            "quota_other": 1,
            "street": "TAMPINES STREET 45",
            "town": "Tampines",
            "title": "HDB-TAMPINES",
            "lat": 1.36189048230442,
            "long": 103.957741457309,
            "postal": 529498
        },
        {
            "apartments": [
                {
                    "area": 93,
                    "floor": 10,
                    "is_repurchased": true,
                    "lease_price_list": [
                        {
                            "lease": 97,
                            "price": 366400
                        }
                    ],
                    "unit": 101
                }
            ],
            "block_code": {
                "block_num": "523C",
                "contract": "C9",
                "neighbourhood": "N5"
            },
            "dpd_date": null,
            "flat_type": "4-Room",
            "lcd_date": {
                "year": 2015,
                "month": 8,
                "day": 1,
                "quarter": null,
                "months_since": -21
            },
            "pcd_date": null,
            "quota_chinese": 1,
            "quota_malay": 1,
            "quota_other": 0,
            "street": "TAMPINES CENTRAL 7",
            "town": "Tampines",
            "title": "TAMPINES GREENLEAF",
            "lat": 1.35988670789409,
            "long": 103.938870018657,
            "postal": 523523
        },
        {
            "apartments": [
                {
                    "area": 93,
                    "floor": 15,
                    "is_repurchased": false,
                    "lease_price_list": [
                        {
                            "lease": 97,
                            "price": 374600
                        }
                    ],
                    "unit": 59
                }
            ],
            "block_code": {
                "block_num": "524B",
                "contract": "C9",
                "neighbourhood": "N5"
            },
            "dpd_date": null,
            "flat_type": "4-Room",
            "lcd_date": {
                "year": 2015,
                "month": 8,
                "day": 1,
                "quarter": null,
                "months_since": -21
            },
            "pcd_date": null,
            "quota_chinese": 1,
            "quota_malay": 1,
            "quota_other": 1,
            "street": "TAMPINES CENTRAL 7",
            "town": "Tampines",
            "title": "TAMPINES GREENLEAF",
            "lat": 1.35895813519087,
            "long": 103.938911100785,
            "postal": 522524
        },
        {
            "apartments": [
                {
                    "area": 92,
                    "floor": 9,
                    "is_repurchased": false,
                    "lease_price_list": [
                        {
                            "lease": 99,
                            "price": 324500
                        }
                    ],
                    "unit": 816
                }
            ],
            "block_code": {
                "block_num": "601B",
                "contract": "C1A",
                "neighbourhood": "N6"
            },
            "dpd_date": {
                "year": 2020,
                "month": 1,
                "day": 31,
                "quarter": null,
                "months_since": 32
            },
            "flat_type": "4-Room",
            "lcd_date": null,
            "pcd_date": {
                "year": 2019,
                "month": null,
                "day": null,
                "quarter": 1,
                "months_since": 22
            },
            "quota_chinese": 1,
            "quota_malay": 0,
            "quota_other": 0,
            "street": "TAMPINES AVENUE 9",
            "town": "Tampines",
            "title": "TAMPINES GREENRIDGES",
            "lat": 1.36088858554875,
            "long": 103.937509015767,
            "postal": 522601
        },
        {
            "apartments": [
                {
                    "area": 92,
                    "floor": 9,
                    "is_repurchased": false,
                    "lease_price_list": [
                        {
                            "lease": 99,
                            "price": 335600
                        }
                    ],
                    "unit": 836
                },
                {
                    "area": 92,
                    "floor": 4,
                    "is_repurchased": false,
                    "lease_price_list": [
                        {
                            "lease": 99,
                            "price": 313400
                        }
                    ],
                    "unit": 846
                },
                {
                    "area": 92,
                    "floor": 6,
                    "is_repurchased": false,
                    "lease_price_list": [
                        {
                            "lease": 99,
                            "price": 327200
                        }
                    ],
                    "unit": 846
                }
            ],
            "block_code": {
                "block_num": "601C",
                "contract": "C1A",
                "neighbourhood": "N6"
            },
            "dpd_date": {
                "year": 2020,
                "month": 1,
                "day": 31,
                "quarter": null,
                "months_since": 32
            },
            "flat_type": "4-Room",
            "lcd_date": null,
            "pcd_date": {
                "year": 2019,
                "month": null,
                "day": null,
                "quarter": 1,
                "months_since": 22
            },
            "quota_chinese": 3,
            "quota_malay": 3,
            "quota_other": 3,
            "street": "TAMPINES AVENUE 9",
            "town": "Tampines",
            "title": "TAMPINES GREENRIDGES",
            "lat": 1.36129796131913,
            "long": 103.937403468717,
            "postal": 523601
        },
        {
            "apartments": [
                {
                    "area": 92,
                    "floor": 9,
                    "is_repurchased": false,
                    "lease_price_list": [
                        {
                            "lease": 99,
                            "price": 330300
                        }
                    ],
                    "unit": 870
                }
            ],
            "block_code": {
                "block_num": "604B",
                "contract": "C1A",
                "neighbourhood": "N6"
            },
            "dpd_date": {
                "year": 2020,
                "month": 1,
                "day": 31,
                "quarter": null,
                "months_since": 32
            },
            "flat_type": "4-Room",
            "lcd_date": null,
            "pcd_date": {
                "year": 2019,
                "month": null,
                "day": null,
                "quarter": 1,
                "months_since": 22
            },
            "quota_chinese": 1,
            "quota_malay": 1,
            "quota_other": 1,
            "street": "TAMPINES AVENUE 9",
            "town": "Tampines",
            "title": "TAMPINES GREENRIDGES",
            "lat": 1.36140735147648,
            "long": 103.935627169376,
            "postal": 522604
        },
        {
            "apartments": [
                {
                    "area": 92,
                    "floor": 7,
                    "is_repurchased": false,
                    "lease_price_list": [
                        {
                            "lease": 99,
                            "price": 336500
                        }
                    ],
                    "unit": 306
                }
            ],
            "block_code": {
                "block_num": "605A",
                "contract": "C1A",
                "neighbourhood": "N6"
            },
            "dpd_date": {
                "year": 2020,
                "month": 1,
                "day": 31,
                "quarter": null,
                "months_since": 32
            },
            "flat_type": "4-Room",
            "lcd_date": null,
            "pcd_date": {
                "year": 2019,
                "month": null,
                "day": null,
                "quarter": 1,
                "months_since": 22
            },
            "quota_chinese": 1,
            "quota_malay": 1,
            "quota_other": 1,
            "street": "TAMPINES STREET 61",
            "town": "Tampines",
            "title": "TAMPINES GREENRIDGES",
            "lat": 1.36240981026355,
            "long": 103.935600500968,
            "postal": 521605
        },
        {
            "apartments": [
                {
                    "area": 92,
                    "floor": 8,
                    "is_repurchased": false,
                    "lease_price_list": [
                        {
                            "lease": 99,
                            "price": 335200
                        }
                    ],
                    "unit": 362
                }
            ],
            "block_code": {
                "block_num": "605D",
                "contract": "C1A",
                "neighbourhood": "N6"
            },
            "dpd_date": {
                "year": 2020,
                "month": 1,
                "day": 31,
                "quarter": null,
                "months_since": 32
            },
            "flat_type": "4-Room",
            "lcd_date": null,
            "pcd_date": {
                "year": 2019,
                "month": null,
                "day": null,
                "quarter": 1,
                "months_since": 22
            },
            "quota_chinese": 1,
            "quota_malay": 1,
            "quota_other": 0,
            "street": "TAMPINES STREET 61",
            "town": "Tampines",
            "title": "TAMPINES GREENRIDGES",
            "lat": 1.36179025953789,
            "long": 103.935871959816,
            "postal": 524605
        },
        {
            "apartments": [
                {
                    "area": 92,
                    "floor": 8,
                    "is_repurchased": false,
                    "lease_price_list": [
                        {
                            "lease": 99,
                            "price": 328400
                        }
                    ],
                    "unit": 404
                }
            ],
            "block_code": {
                "block_num": "606B",
                "contract": "C1A",
                "neighbourhood": "N6"
            },
            "dpd_date": {
                "year": 2020,
                "month": 1,
                "day": 31,
                "quarter": null,
                "months_since": 32
            },
            "flat_type": "4-Room",
            "lcd_date": null,
            "pcd_date": {
                "year": 2019,
                "month": null,
                "day": null,
                "quarter": 1,
                "months_since": 22
            },
            "quota_chinese": 1,
            "quota_malay": 1,
            "quota_other": 1,
            "street": "TAMPINES STREET 61",
            "town": "Tampines",
            "title": "TAMPINES GREENRIDGES",
            "lat": 1.36230165817253,
            "long": 103.937401758053,
            "postal": 522606
        },
        {
            "apartments": [
                {
                    "area": 92,
                    "floor": 15,
                    "is_repurchased": false,
                    "lease_price_list": [
                        {
                            "lease": 99,
                            "price": 338700
                        }
                    ],
                    "unit": 370
                }
            ],
            "block_code": {
                "block_num": "606D",
                "contract": "C1A",
                "neighbourhood": "N6"
            },
            "dpd_date": {
                "year": 2020,
                "month": 1,
                "day": 31,
                "quarter": null,
                "months_since": 32
            },
            "flat_type": "4-Room",
            "lcd_date": null,
            "pcd_date": {
                "year": 2019,
                "month": null,
                "day": null,
                "quarter": 1,
                "months_since": 22
            },
            "quota_chinese": 1,
            "quota_malay": 1,
            "quota_other": 1,
            "street": "TAMPINES STREET 61",
            "town": "Tampines",
            "title": "TAMPINES GREENRIDGES",
            "lat": 1.36185122194835,
            "long": 103.937073184127,
            "postal": 524606
        },
        {
            "apartments": [
                {
                    "area": 93,
                    "floor": 14,
                    "is_repurchased": false,
                    "lease_price_list": [
                        {
                            "lease": 99,
                            "price": 335200
                        }
                    ],
                    "unit": 346
                }
            ],
            "block_code": {
                "block_num": "608C",
                "contract": "C2A",
                "neighbourhood": "N6"
            },
            "dpd_date": {
                "year": 2020,
                "month": 9,
                "day": 30,
                "quarter": null,
                "months_since": 40
            },
            "flat_type": "4-Room",
            "lcd_date": null,
            "pcd_date": {
                "year": 2019,
                "month": null,
                "day": null,
                "quarter": 3,
                "months_since": 28
            },
            "quota_chinese": 1,
            "quota_malay": 1,
            "quota_other": 1,
            "street": "TAMPINES NORTH DRIVE 1",
            "town": "Tampines",
            "title": "TAMPINES GREENWEAVE",
            "lat": 1.36311517141267,
            "long": 103.936402646417,
            "postal": 523608
        },
        {
            "apartments": [
                {
                    "area": 93,
                    "floor": 7,
                    "is_repurchased": false,
                    "lease_price_list": [
                        {
                            "lease": 99,
                            "price": 317600
                        }
                    ],
                    "unit": 424
                }
            ],
            "block_code": {
                "block_num": "609D",
                "contract": "C2A",
                "neighbourhood": "N6"
            },
            "dpd_date": {
                "year": 2020,
                "month": 9,
                "day": 30,
                "quarter": null,
                "months_since": 40
            },
            "flat_type": "4-Room",
            "lcd_date": null,
            "pcd_date": {
                "year": 2019,
                "month": null,
                "day": null,
                "quarter": 3,
                "months_since": 28
            },
            "quota_chinese": 1,
            "quota_malay": 0,
            "quota_other": 1,
            "street": "TAMPINES NORTH DRIVE 1",
            "town": "Tampines",
            "title": "TAMPINES GREENWEAVE",
            "lat": 1.36387005013134,
            "long": 103.93738830427,
            "postal": 524609
        },
        {
            "apartments": [
                {
                    "area": 93,
                    "floor": 14,
                    "is_repurchased": false,
                    "lease_price_list": [
                        {
                            "lease": 99,
                            "price": 340900
                        }
                    ],
                    "unit": 440
                }
            ],
            "block_code": {
                "block_num": "610A",
                "contract": "C2A",
                "neighbourhood": "N6"
            },
            "dpd_date": {
                "year": 2020,
                "month": 9,
                "day": 30,
                "quarter": null,
                "months_since": 40
            },
            "flat_type": "4-Room",
            "lcd_date": null,
            "pcd_date": {
                "year": 2019,
                "month": null,
                "day": null,
                "quarter": 3,
                "months_since": 28
            },
            "quota_chinese": 1,
            "quota_malay": 1,
            "quota_other": 0,
            "street": "TAMPINES NORTH DRIVE 1",
            "town": "Tampines",
            "title": "TAMPINES GREENWEAVE",
            "lat": 1.3644982982769,
            "long": 103.936915541696,
            "postal": 521610
        },
        {
            "apartments": [
                {
                    "area": 93,
                    "floor": 3,
                    "is_repurchased": false,
                    "lease_price_list": [
                        {
                            "lease": 99,
                            "price": 301600
                        }
                    ],
                    "unit": 454
                }
            ],
            "block_code": {
                "block_num": "610B",
                "contract": "C2A",
                "neighbourhood": "N6"
            },
            "dpd_date": {
                "year": 2020,
                "month": 9,
                "day": 30,
                "quarter": null,
                "months_since": 40
            },
            "flat_type": "4-Room",
            "lcd_date": null,
            "pcd_date": {
                "year": 2019,
                "month": null,
                "day": null,
                "quarter": 3,
                "months_since": 28
            },
            "quota_chinese": 1,
            "quota_malay": 1,
            "quota_other": 1,
            "street": "TAMPINES NORTH DRIVE 1",
            "town": "Tampines",
            "title": "TAMPINES GREENWEAVE",
            "lat": 1.36441781635682,
            "long": 103.936006719423,
            "postal": 522610
        },
        {
            "apartments": [
                {
                    "area": 93,
                    "floor": 4,
                    "is_repurchased": false,
                    "lease_price_list": [
                        {
                            "lease": 99,
                            "price": 311800
                        }
                    ],
                    "unit": 466
                },
                {
                    "area": 93,
                    "floor": 14,
                    "is_repurchased": false,
                    "lease_price_list": [
                        {
                            "lease": 99,
                            "price": 346600
                        }
                    ],
                    "unit": 466
                },
                {
                    "area": 93,
                    "floor": 5,
                    "is_repurchased": false,
                    "lease_price_list": [
                        {
                            "lease": 99,
                            "price": 328000
                        }
                    ],
                    "unit": 474
                }
            ],
            "block_code": {
                "block_num": "610C",
                "contract": "C2A",
                "neighbourhood": "N6"
            },
            "dpd_date": {
                "year": 2020,
                "month": 9,
                "day": 30,
                "quarter": null,
                "months_since": 40
            },
            "flat_type": "4-Room",
            "lcd_date": null,
            "pcd_date": {
                "year": 2019,
                "month": null,
                "day": null,
                "quarter": 3,
                "months_since": 28
            },
            "quota_chinese": 3,
            "quota_malay": 3,
            "quota_other": 1,
            "street": "TAMPINES NORTH DRIVE 1",
            "town": "Tampines",
            "title": "TAMPINES GREENWEAVE",
            "lat": 1.36441776002024,
            "long": 103.935558340158,
            "postal": 523610
        },
        {
            "apartments": [
                {
                    "area": 92,
                    "floor": 16,
                    "is_repurchased": false,
                    "lease_price_list": [
                        {
                            "lease": 97,
                            "price": 356300
                        }
                    ],
                    "unit": 540
                }
            ],
            "block_code": {
                "block_num": "868B",
                "contract": "C26",
                "neighbourhood": "N8"
            },
            "dpd_date": null,
            "flat_type": "4-Room",
            "lcd_date": {
                "year": 2015,
                "month": 6,
                "day": 1,
                "quarter": null,
                "months_since": -23
            },
            "pcd_date": null,
            "quota_chinese": 1,
            "quota_malay": 1,
            "quota_other": 0,
            "street": "TAMPINES AVENUE 8",
            "town": "Tampines",
            "title": "TAMPINES GREENWOOD",
            "lat": 1.35592432083151,
            "long": 103.932912367489,
            "postal": 522868
        },
        {
            "apartments": [
                {
                    "area": 94,
                    "floor": 10,
                    "is_repurchased": false,
                    "lease_price_list": [
                        {
                            "lease": 99,
                            "price": 347200
                        }
                    ],
                    "unit": 8
                },
                {
                    "area": 93,
                    "floor": 11,
                    "is_repurchased": false,
                    "lease_price_list": [
                        {
                            "lease": 99,
                            "price": 353600
                        }
                    ],
                    "unit": 18
                }
            ],
            "block_code": {
                "block_num": "870A",
                "contract": "C30",
                "neighbourhood": "N8"
            },
            "dpd_date": null,
            "flat_type": "4-Room",
            "lcd_date": {
                "year": 2017,
                "month": 2,
                "day": 1,
                "quarter": null,
                "months_since": -3
            },
            "pcd_date": null,
            "quota_chinese": 2,
            "quota_malay": 2,
            "quota_other": 0,
            "street": "TAMPINES STREET 86",
            "town": "Tampines",
            "title": "TAMPINES GREENLACE",
            "lat": 1.35608700205898,
            "long": 103.931752248401,
            "postal": 521870
        },
        {
            "apartments": [
                {
                    "area": 94,
                    "floor": 9,
                    "is_repurchased": false,
                    "lease_price_list": [
                        {
                            "lease": 99,
                            "price": 345800
                        }
                    ],
                    "unit": 20
                },
                {
                    "area": 93,
                    "floor": 4,
                    "is_repurchased": false,
                    "lease_price_list": [
                        {
                            "lease": 99,
                            "price": 328400
                        }
                    ],
                    "unit": 30
                }
            ],
            "block_code": {
                "block_num": "871B",
                "contract": "C30",
                "neighbourhood": "N8"
            },
            "dpd_date": null,
            "flat_type": "4-Room",
            "lcd_date": {
                "year": 2017,
                "month": 2,
                "day": 1,
                "quarter": null,
                "months_since": -3
            },
            "pcd_date": null,
            "quota_chinese": 2,
            "quota_malay": 2,
            "quota_other": 2,
            "street": "TAMPINES STREET 86",
            "town": "Tampines",
            "title": "TAMPINES GREENLACE",
            "lat": 1.35651147306918,
            "long": 103.931956767677,
            "postal": 522871
        },
        {
            "apartments": [
                {
                    "area": 103,
                    "floor": 4,
                    "is_repurchased": true,
                    "lease_price_list": [
                        {
                            "lease": 70,
                            "price": 322000
                        }
                    ],
                    "unit": 44
                }
            ],
            "block_code": {
                "block_num": "877",
                "contract": "C18",
                "neighbourhood": "N8"
            },
            "dpd_date": null,
            "flat_type": "4-Room",
            "lcd_date": {
                "year": 1988,
                "month": 7,
                "day": 1,
                "quarter": null,
                "months_since": -346
            },
            "pcd_date": null,
            "quota_chinese": 1,
            "quota_malay": 1,
            "quota_other": 1,
            "street": "TAMPINES STREET 84",
            "town": "Tampines",
            "title": "TAMPINES SPRING",
            "lat": 1.35251739922333,
            "long": 103.931546706451,
            "postal": 520877
        },
        {
            "apartments": [
                {
                    "area": 93,
                    "floor": 8,
                    "is_repurchased": false,
                    "lease_price_list": [
                        {
                            "lease": 99,
                            "price": 349100
                        }
                    ],
                    "unit": 25
                }
            ],
            "block_code": {
                "block_num": "878B",
                "contract": "C29",
                "neighbourhood": "N8"
            },
            "dpd_date": null,
            "flat_type": "4-Room",
            "lcd_date": {
                "year": 2017,
                "month": 6,
                "day": 1,
                "quarter": null,
                "months_since": 1
            },
            "pcd_date": null,
            "quota_chinese": 1,
            "quota_malay": 1,
            "quota_other": 1,
            "street": "TAMPINES AVENUE 8",
            "town": "Tampines",
            "title": "TAMPINES GREENFOREST",
            "lat": 1.3509263669499,
            "long": 103.929191231421,
            "postal": 522878
        },
        {
            "apartments": [
                {
                    "area": 93,
                    "floor": 5,
                    "is_repurchased": false,
                    "lease_price_list": [
                        {
                            "lease": 99,
                            "price": 344500
                        }
                    ],
                    "unit": 31
                },
                {
                    "area": 93,
                    "floor": 11,
                    "is_repurchased": false,
                    "lease_price_list": [
                        {
                            "lease": 99,
                            "price": 347400
                        }
                    ],
                    "unit": 39
                }
            ],
            "block_code": {
                "block_num": "879A",
                "contract": "C29",
                "neighbourhood": "N8"
            },
            "dpd_date": null,
            "flat_type": "4-Room",
            "lcd_date": {
                "year": 2017,
                "month": 6,
                "day": 1,
                "quarter": null,
                "months_since": 1
            },
            "pcd_date": null,
            "quota_chinese": 2,
            "quota_malay": 2,
            "quota_other": 2,
            "street": "TAMPINES AVENUE 8",
            "town": "Tampines",
            "title": "TAMPINES GREENFOREST",
            "lat": 1.35188475480756,
            "long": 103.929100689045,
            "postal": 521879
        },
        {
            "apartments": [
                {
                    "area": 93,
                    "floor": 14,
                    "is_repurchased": false,
                    "lease_price_list": [
                        {
                            "lease": 99,
                            "price": 357500
                        }
                    ],
                    "unit": 59
                },
                {
                    "area": 93,
                    "floor": 2,
                    "is_repurchased": false,
                    "lease_price_list": [
                        {
                            "lease": 99,
                            "price": 307400
                        }
                    ],
                    "unit": 61
                }
            ],
            "block_code": {
                "block_num": "879B",
                "contract": "C29",
                "neighbourhood": "N8"
            },
            "dpd_date": null,
            "flat_type": "4-Room",
            "lcd_date": {
                "year": 2017,
                "month": 6,
                "day": 1,
                "quarter": null,
                "months_since": 1
            },
            "pcd_date": null,
            "quota_chinese": 2,
            "quota_malay": 2,
            "quota_other": 2,
            "street": "TAMPINES AVENUE 8",
            "town": "Tampines",
            "title": "TAMPINES GREENFOREST",
            "lat": 1.35158903554131,
            "long": 103.928804430639,
            "postal": 522879
        },
        {
            "apartments": [
                {
                    "area": 93,
                    "floor": 4,
                    "is_repurchased": false,
                    "lease_price_list": [
                        {
                            "lease": 97,
                            "price": 330400
                        }
                    ],
                    "unit": 301
                }
            ],
            "block_code": {
                "block_num": "890A",
                "contract": "C28",
                "neighbourhood": "N8"
            },
            "dpd_date": null,
            "flat_type": "4-Room",
            "lcd_date": {
                "year": 2015,
                "month": 9,
                "day": 1,
                "quarter": null,
                "months_since": -20
            },
            "pcd_date": null,
            "quota_chinese": 1,
            "quota_malay": 1,
            "quota_other": 1,
            "street": "TAMPINES AVENUE 1",
            "town": "Tampines",
            "title": "TAMPINES GREENTERRACE",
            "lat": 1.34672449540643,
            "long": 103.933876114497,
            "postal": 521890
        }
    ]
}