{
    "blocks": [
        {
            "apartments": [
                {
                    "area": 131,
                    "floor": 2,
                    "is_repurchased": true,
                    "lease_price_list": [
                        {
                            "lease": 78,
                            "price": 673000
                        }
                    ],
                    "unit": 117
                }
            ],
            "block_code": {
                "block_num": "20",
                "contract": "RC4",
                "neighbourhood": "N2"
            },
            "dpd_date": null,
            "flat_type": "5-Room",
            "lcd_date": {
                "year": 1996,
                "month": 10,
                "day": 1,
                "quarter": null,
                "months_since": -247
            },
            "pcd_date": null,
            "quota_chinese": 1,
            "quota_malay": 1,
            "quota_other": 1,
            "street": "QUEEN'S CLOSE",
            "town": "Queenstown",
            "title": "HDB-QUEENSTOWN",
            "lat": 1.29275007138268,
            "long": 103.799935877832,
            "postal": 140020
        },
        {
            "apartments": [
                {
                    "area": 113,
                    "floor": 10,
                    "is_repurchased": true,
                    "lease_price_list": [
                        {
                            "lease": 95,
                            "price": 748300
                        }
                    ],
                    "unit": 202
                }
            ],
            "block_code": {
                "block_num": "22",
                "contract": "RC25",
                "neighbourhood": "N6"
            },
            "dpd_date": null,
            "flat_type": "5-Room",
            "lcd_date": {
                "year": 2013,
                "month": 4,
                "day": 1,
                "quarter": null,
                "months_since": -49
            },
            "pcd_date": null,
            "quota_chinese": 0,
            "quota_malay": 1,
            "quota_other": 1,
            "street": "GHIM MOH LINK",
            "town": "Queenstown",
            "title": "GHIM MOH VALLEY",
            "lat": 1.30910069707747,
            "long": 103.785751487466,
            "postal": 271022
        },
        {
            "apartments": [
                {
                    "area": 114,
                    "floor": 2,
                    "is_repurchased": false,
                    "lease_price_list": [
                        {
                            "lease": 97,
                            "price": 727800
                        }
                    ],
                    "unit": 504
                },
                {
                    "area": 114,
                    "floor": 5,
                    "is_repurchased": false,
                    "lease_price_list": [
                        {
                            "lease": 97,
                            "price": 754800
                        }
                    ],
                    "unit": 504
                }
            ],
            "block_code": {
                "block_num": "50",
                "contract": "RC30",
                "neighbourhood": "N4"
            },
            "dpd_date": null,
            "flat_type": "5-Room",
            "lcd_date": {
                "year": 2015,
                "month": 2,
                "day": 1,
                "quarter": null,
                "months_since": -27
            },
            "pcd_date": null,
            "quota_chinese": 2,
            "quota_malay": 2,
            "quota_other": 2,
            "street": "COMMONWEALTH DRIVE",
            "town": "Queenstown",
            "title": "COMMONWEALTH 10",
            "lat": 1.30112909158396,
            "long": 103.797123032464,
            "postal": 142050
        },
        {
            "apartments": [
                {
                    "area": 114,
                    "floor": 2,
                    "is_repurchased": false,
                    "lease_price_list": [
                        {
                            "lease": 97,
                            "price": 736800
                        }
                    ],
                    "unit": 552
                },
                {
                    "area": 114,
                    "floor": 3,
                    "is_repurchased": false,
                    "lease_price_list": [
                        {
                            "lease": 97,
                            "price": 742800
                        }
                    ],
                    "unit": 552
                },
                {
                    "area": 114,
                    "floor": 5,
                    "is_repurchased": false,
                    "lease_price_list": [
                        {
                            "lease": 97,
                            "price": 754800
                        }
                    ],
                    "unit": 552
                },
                {
                    "area": 117,
                    "floor": 6,
                    "is_repurchased": false,
                    "lease_price_list": [
                        {
                            "lease": 97,
                            "price": 784300
                        }
                    ],
                    "unit": 552
                },
                {
                    "area": 117,
                    "floor": 7,
                    "is_repurchased": false,
                    "lease_price_list": [
                        {
                            "lease": 97,
                            "price": 788800
                        }
                    ],
                    "unit": 552
                },
                {
                    "area": 117,
                    "floor": 8,
                    "is_repurchased": false,
                    "lease_price_list": [
                        {
                            "lease": 97,
                            "price": 793300
                        }
                    ],
                    "unit": 552
                },
                {
                    "area": 117,
                    "floor": 9,
                    "is_repurchased": false,
                    "lease_price_list": [
                        {
                            "lease": 97,
                            "price": 794900
                        }
                    ],
                    "unit": 552
                },
                {
                    "area": 117,
                    "floor": 10,
                    "is_repurchased": false,
                    "lease_price_list": [
                        {
                            "lease": 97,
                            "price": 796500
                        }
                    ],
                    "unit": 552
                }
            ],
            "block_code": {
                "block_num": "53",
                "contract": "RC30",
                "neighbourhood": "N4"
            },
            "dpd_date": null,
            "flat_type": "5-Room",
            "lcd_date": {
                "year": 2015,
                "month": 2,
                "day": 1,
                "quarter": null,
                "months_since": -27
            },
            "pcd_date": null,
            "quota_chinese": 8,
            "quota_malay": 8,
            "quota_other": 8,
            "street": "COMMONWEALTH DRIVE",
            "town": "Queenstown",
            "title": "COMMONWEALTH 10",
            "lat": 1.30205878257015,
            "long": 103.796581739102,
            "postal": 142053
        },
        {
            "apartments": [
                {
                    "area": 108,
                    "floor": 2,
                    "is_repurchased": false,
                    "lease_price_list": [
                        {
                            "lease": 99,
                            "price": 635900
                        }
                    ],
                    "unit": 84
                },
                {
                    "area": 108,
                    "floor": 3,
                    "is_repurchased": false,
                    "lease_price_list": [
                        {
                            "lease": 99,
                            "price": 641900
                        }
                    ],
                    "unit": 84
                },
                {
                    "area": 108,
                    "floor": 4,
                    "is_repurchased": false,
                    "lease_price_list": [
                        {
                            "lease": 99,
                            "price": 647900
                        }
                    ],
                    "unit": 84
                },
                {
                    "area": 108,
                    "floor": 5,
                    "is_repurchased": false,
                    "lease_price_list": [
                        {
                            "lease": 99,
                            "price": 665800
                        }
                    ],
                    "unit": 84
                },
                {
                    "area": 108,
                    "floor": 6,
                    "is_repurchased": false,
                    "lease_price_list": [
                        {
                            "lease": 99,
                            "price": 670300
                        }
                    ],
                    "unit": 84
                },
                {
                    "area": 108,
                    "floor": 7,
                    "is_repurchased": false,
                    "lease_price_list": [
                        {
                            "lease": 99,
                            "price": 674800
                        }
                    ],
                    "unit": 84
                },
                {
                    "area": 108,
                    "floor": 8,
                    "is_repurchased": false,
                    "lease_price_list": [
                        {
                            "lease": 99,
                            "price": 679300
                        }
                    ],
                    "unit": 84
                },
                {
                    "area": 108,
                    "floor": 3,
                    "is_repurchased": false,
                    "lease_price_list": [
                        {
                            "lease": 99,
                            "price": 653800
                        }
                    ],
                    "unit": 86
                },
                {
                    "area": 108,
                    "floor": 4,
                    "is_repurchased": false,
                    "lease_price_list": [
                        {
                            "lease": 99,
                            "price": 659800
                        }
                    ],
                    "unit": 86
                },
                {
                    "area": 108,
                    "floor": 5,
                    "is_repurchased": false,
                    "lease_price_list": [
                        {
                            "lease": 99,
                            "price": 677700
                        }
                    ],
                    "unit": 86
                },
                {
                    "area": 108,
                    "floor": 6,
                    "is_repurchased": false,
                    "lease_price_list": [
                        {
                            "lease": 99,
                            "price": 682200
                        }
                    ],
                    "unit": 86
                },
                {
                    "area": 108,
                    "floor": 7,
                    "is_repurchased": false,
                    "lease_price_list": [
                        {
                            "lease": 99,
                            "price": 686700
                        }
                    ],
                    "unit": 86
                },
                {
                    "area": 108,
                    "floor": 8,
                    "is_repurchased": false,
                    "lease_price_list": [
                        {
                            "lease": 99,
                            "price": 691200
                        }
                    ],
                    "unit": 86
                },
                {
                    "area": 108,
                    "floor": 9,
                    "is_repurchased": false,
                    "lease_price_list": [
                        {
                            "lease": 99,
                            "price": 692800
                        }
                    ],
                    "unit": 86
                },
                {
                    "area": 108,
                    "floor": 10,
                    "is_repurchased": false,
                    "lease_price_list": [
                        {
                            "lease": 99,
                            "price": 694400
                        }
                    ],
                    "unit": 86
                },
                {
                    "area": 108,
                    "floor": 11,
                    "is_repurchased": false,
                    "lease_price_list": [
                        {
                            "lease": 99,
                            "price": 696000
                        }
                    ],
                    "unit": 86
                },
                {
                    "area": 108,
                    "floor": 12,
                    "is_repurchased": false,
                    "lease_price_list": [
                        {
                            "lease": 99,
                            "price": 697600
                        }
                    ],
                    "unit": 86
                },
                {
                    "area": 108,
                    "floor": 13,
                    "is_repurchased": false,
                    "lease_price_list": [
                        {
                            "lease": 99,
                            "price": 699200
                        }
                    ],
                    "unit": 86
                },
                {
                    "area": 108,
                    "floor": 14,
                    "is_repurchased": false,
                    "lease_price_list": [
                        {
                            "lease": 99,
                            "price": 700800
                        }
                    ],
                    "unit": 86
                },
                {
                    "area": 108,
                    "floor": 15,
                    "is_repurchased": false,
                    "lease_price_list": [
                        {
                            "lease": 99,
                            "price": 702400
                        }
                    ],
                    "unit": 86
                },
                {
                    "area": 108,
                    "floor": 17,
                    "is_repurchased": false,
                    "lease_price_list": [
                        {
                            "lease": 99,
                            "price": 705600
                        }
                    ],
                    "unit": 86
                },
                {
                    "area": 108,
                    "floor": 18,
                    "is_repurchased": false,
                    "lease_price_list": [
                        {
                            "lease": 99,
                            "price": 707200
                        }
                    ],
                    "unit": 86
                },
                {
                    "area": 108,
                    "floor": 19,
                    "is_repurchased": false,
                    "lease_price_list": [
                        {
                            "lease": 99,
                            "price": 708800
                        }
                    ],
                    "unit": 86
                },
                {
                    "area": 108,
                    "floor": 20,
                    "is_repurchased": false,
                    "lease_price_list": [
                        {
                            "lease": 99,
                            "price": 710400
                        }
                    ],
                    "unit": 86
                },
                {
                    "area": 108,
                    "floor": 22,
                    "is_repurchased": false,
                    "lease_price_list": [
                        {
                            "lease": 99,
                            "price": 713600
                        }
                    ],
                    "unit": 86
                },
                {
                    "area": 108,
                    "floor": 23,
                    "is_repurchased": false,
                    "lease_price_list": [
                        {
                            "lease": 99,
                            "price": 715200
                        }
                    ],
                    "unit": 86
                },
                {
                    "area": 108,
                    "floor": 24,
                    "is_repurchased": false,
                    "lease_price_list": [
                        {
                            "lease": 99,
                            "price": 716800
                        }
                    ],
                    "unit": 86
                }
            ],
            "block_code": {
                "block_num": "96",
                "contract": "C5",
                "neighbourhood": "N1"
            },
            "dpd_date": {
                "year": 2021,
                "month": 9,
                "day": 30,
                "quarter": null,
                "months_since": 52
            },
            "flat_type": "5-Room",
            "lcd_date": null,
            "pcd_date": {
                "year": 2020,
                "month": null,
                "day": null,
                "quarter": 3,
                "months_since": 40
            },
            "quota_chinese": 23,
            "quota_malay": 5,
            "quota_other": 17,
            "street": "DAWSON ROAD",
            "town": "Queenstown",
            "title": "SKYPARC @ DAWSON",
            "lat": 1.29627814728274,
            "long": 103.81254495717,
            "postal": 141096
        }
    ]
}