[{
    "apartments": [
        {
            "area": 47.0,
            "floor": 18,
            "is_repurchased": true,
            "lease_price_list": [
                {
                    "lease": "15",
                    "price": 71900
                },
                {
                    "lease": "20",
                    "price": 84000
                },
                {
                    "lease": "25",
                    "price": 94000
                },
                {
                    "lease": "30",
                    "price": 102100
                },
                {
                    "lease": "35",
                    "price": 109000
                },
                {
                    "lease": "40",
                    "price": 114900
                },
                {
                    "lease": "45",
                    "price": 119900
                }
            ],
            "unit": 413
        },
        {
            "area": 47.0,
            "floor": 13,
            "is_repurchased": false,
            "lease_price_list": [
                {
                    "lease": "15",
                    "price": 68900
                },
                {
                    "lease": "20",
                    "price": 80400
                },
                {
                    "lease": "25",
                    "price": 89900
                },
                {
                    "lease": "30",
                    "price": 97600
                },
                {
                    "lease": "35",
                    "price": 104200
                },
                {
                    "lease": "40",
                    "price": 109800
                },
                {
                    "lease": "45",
                    "price": 114500
                }
            ],
            "unit": 417
        }
    ],
    "block_code": {
        "block_num": "230A",
        "contract": "C21",
        "neighbourhood": "N2"
    },
    "dpd_date": "NA (Keys Available)",
    "flat_type": "2-Room Flexi (Short Lease)",
    "lcd_date": "From keys collection date",
    "pcd_date": "-",
    "quota_chinese": 2,
    "quota_malay": 2,
    "quota_other": 2,
    "street": "BT BATOK ST 21",
    "town": "Bukit Batok"
}]
