[{
    "apartments": [
        {
            "area": 68.0,
            "floor": 15,
            "is_repurchased": false,
            "lease_price_list": [
                {
                    "lease": null,
                    "price": 242400
                }
            ],
            "unit": 231
        }
    ],
    "block_code": {
        "block_num": "194B",
        "contract": "C13",
        "neighbourhood": "N1"
    },
    "dpd_date": "NA (Keys Available)",
    "flat_type": "3-Room (income ceiling $12,000)",
    "lcd_date": "01 Jul 2017",
    "pcd_date": "-",
    "quota_chinese": 1,
    "quota_malay": 1,
    "quota_other": 1,
    "street": "BT BATOK WEST AVE 6",
    "town": "Bukit Batok"
},
{
    "apartments": [
        {
            "area": 68.0,
            "floor": 17,
            "is_repurchased": false,
            "lease_price_list": [
                {
                    "lease": null,
                    "price": 241200
                }
            ],
            "unit": 70
        },
        {
            "area": 68.0,
            "floor": 24,
            "is_repurchased": false,
            "lease_price_list": [
                {
                    "lease": null,
                    "price": 250200
                }
            ],
            "unit": 72
        },
        {
            "area": 68.0,
            "floor": 12,
            "is_repurchased": false,
            "lease_price_list": [
                {
                    "lease": null,
                    "price": 244000
                }
            ],
            "unit": 74
        },
        {
            "area": 68.0,
            "floor": 13,
            "is_repurchased": false,
            "lease_price_list": [
                {
                    "lease": null,
                    "price": 240400
                }
            ],
            "unit": 74
        },
        {
            "area": 68.0,
            "floor": 28,
            "is_repurchased": false,
            "lease_price_list": [
                {
                    "lease": null,
                    "price": 265900
                }
            ],
            "unit": 78
        }
    ],
    "block_code": {
        "block_num": "296B",
        "contract": "C23",
        "neighbourhood": "N2"
    },
    "dpd_date": "NA (Keys Available)",
    "flat_type": "3-Room (income ceiling $12,000)",
    "lcd_date": "01 Mar 2018",
    "pcd_date": "-",
    "quota_chinese": 5,
    "quota_malay": 5,
    "quota_other": 5,
    "street": "BT BATOK ST 22",
    "town": "Bukit Batok"
}]
