[{
    "apartments": [
        {
            "area": 73.0,
            "floor": 2,
            "is_repurchased": false,
            "lease_price_list": [
                {
                    "lease": null,
                    "price": 189000
                }
            ],
            "unit": 94
        }
    ],
    "block_code": {
        "block_num": "343",
        "contract": "C8",
        "neighbourhood": "N3"
    },
    "dpd_date": "NA (Keys Available)",
    "flat_type": "3-Room (income ceiling $6,000)",
    "lcd_date": "01 Mar 1987",
    "pcd_date": "-",
    "quota_chinese": 1,
    "quota_malay": 1,
    "quota_other": 1,
    "street": "BT BATOK ST 34",
    "town": "Bukit Batok"
},
{
    "apartments": [
        {
            "area": 67.0,
            "floor": 20,
            "is_repurchased": false,
            "lease_price_list": [
                {
                    "lease": null,
                    "price": 261200
                }
            ],
            "unit": 10
        }
    ],
    "block_code": {
        "block_num": "377",
        "contract": "C13",
        "neighbourhood": "N3"
    },
    "dpd_date": "31 Mar 2019",
    "flat_type": "3-Room (income ceiling $6,000)",
    "lcd_date": "-",
    "pcd_date": "1Q/2018",
    "quota_chinese": 1,
    "quota_malay": 1,
    "quota_other": 1,
    "street": "BT BATOK ST 31",
    "town": "Bukit Batok"
},
{
    "apartments": [
        {
            "area": 67.0,
            "floor": 14,
            "is_repurchased": false,
            "lease_price_list": [
                {
                    "lease": null,
                    "price": 193900
                }
            ],
            "unit": 713
        },
        {
            "area": 67.0,
            "floor": 16,
            "is_repurchased": false,
            "lease_price_list": [
                {
                    "lease": null,
                    "price": 194900
                }
            ],
            "unit": 713
        },
        {
            "area": 67.0,
            "floor": 2,
            "is_repurchased": false,
            "lease_price_list": [
                {
                    "lease": null,
                    "price": 171400
                }
            ],
            "unit": 715
        },
        {
            "area": 67.0,
            "floor": 5,
            "is_repurchased": false,
            "lease_price_list": [
                {
                    "lease": null,
                    "price": 180400
                }
            ],
            "unit": 715
        },
        {
            "area": 67.0,
            "floor": 6,
            "is_repurchased": false,
            "lease_price_list": [
                {
                    "lease": null,
                    "price": 182900
                }
            ],
            "unit": 715
        },
        {
            "area": 67.0,
            "floor": 7,
            "is_repurchased": false,
            "lease_price_list": [
                {
                    "lease": null,
                    "price": 185400
                }
            ],
            "unit": 715
        },
        {
            "area": 67.0,
            "floor": 9,
            "is_repurchased": false,
            "lease_price_list": [
                {
                    "lease": null,
                    "price": 188900
                }
            ],
            "unit": 715
        },
        {
            "area": 67.0,
            "floor": 11,
            "is_repurchased": false,
            "lease_price_list": [
                {
                    "lease": null,
                    "price": 190900
                }
            ],
            "unit": 715
        },
        {
            "area": 67.0,
            "floor": 13,
            "is_repurchased": false,
            "lease_price_list": [
                {
                    "lease": null,
                    "price": 192900
                }
            ],
            "unit": 715
        },
        {
            "area": 67.0,
            "floor": 14,
            "is_repurchased": false,
            "lease_price_list": [
                {
                    "lease": null,
                    "price": 193900
                }
            ],
            "unit": 715
        },
        {
            "area": 67.0,
            "floor": 16,
            "is_repurchased": false,
            "lease_price_list": [
                {
                    "lease": null,
                    "price": 194900
                }
            ],
            "unit": 715
        }
    ],
    "block_code": {
        "block_num": "440A",
        "contract": "C8",
        "neighbourhood": "N4"
    },
    "dpd_date": "28 Feb 2019",
    "flat_type": "3-Room (income ceiling $6,000)",
    "lcd_date": "-",
    "pcd_date": "4Q/2017",
    "quota_chinese": 11,
    "quota_malay": 11,
    "quota_other": 4,
    "street": "BT BATOK WEST AVE 8",
    "town": "Bukit Batok"
},
{
    "apartments": [
        {
            "area": 67.0,
            "floor": 11,
            "is_repurchased": false,
            "lease_price_list": [
                {
                    "lease": null,
                    "price": 192500
                }
            ],
            "unit": 885
        },
        {
            "area": 67.0,
            "floor": 6,
            "is_repurchased": false,
            "lease_price_list": [
                {
                    "lease": null,
                    "price": 176100
                }
            ],
            "unit": 887
        },
        {
            "area": 67.0,
            "floor": 8,
            "is_repurchased": false,
            "lease_price_list": [
                {
                    "lease": null,
                    "price": 181100
                }
            ],
            "unit": 887
        },
        {
            "area": 67.0,
            "floor": 11,
            "is_repurchased": false,
            "lease_price_list": [
                {
                    "lease": null,
                    "price": 189200
                }
            ],
            "unit": 887
        },
        {
            "area": 67.0,
            "floor": 12,
            "is_repurchased": false,
            "lease_price_list": [
                {
                    "lease": null,
                    "price": 191900
                }
            ],
            "unit": 887
        },
        {
            "area": 67.0,
            "floor": 13,
            "is_repurchased": false,
            "lease_price_list": [
                {
                    "lease": null,
                    "price": 192900
                }
            ],
            "unit": 887
        },
        {
            "area": 67.0,
            "floor": 14,
            "is_repurchased": false,
            "lease_price_list": [
                {
                    "lease": null,
                    "price": 193900
                }
            ],
            "unit": 887
        },
        {
            "area": 67.0,
            "floor": 5,
            "is_repurchased": false,
            "lease_price_list": [
                {
                    "lease": null,
                    "price": 170100
                }
            ],
            "unit": 889
        },
        {
            "area": 67.0,
            "floor": 6,
            "is_repurchased": false,
            "lease_price_list": [
                {
                    "lease": null,
                    "price": 172600
                }
            ],
            "unit": 889
        },
        {
            "area": 67.0,
            "floor": 11,
            "is_repurchased": false,
            "lease_price_list": [
                {
                    "lease": null,
                    "price": 192600
                }
            ],
            "unit": 889
        },
        {
            "area": 67.0,
            "floor": 12,
            "is_repurchased": false,
            "lease_price_list": [
                {
                    "lease": null,
                    "price": 195300
                }
            ],
            "unit": 889
        },
        {
            "area": 67.0,
            "floor": 13,
            "is_repurchased": false,
            "lease_price_list": [
                {
                    "lease": null,
                    "price": 196300
                }
            ],
            "unit": 889
        },
        {
            "area": 67.0,
            "floor": 14,
            "is_repurchased": false,
            "lease_price_list": [
                {
                    "lease": null,
                    "price": 197300
                }
            ],
            "unit": 889
        },
        {
            "area": 67.0,
            "floor": 10,
            "is_repurchased": false,
            "lease_price_list": [
                {
                    "lease": null,
                    "price": 189900
                }
            ],
            "unit": 891
        }
    ],
    "block_code": {
        "block_num": "441A",
        "contract": "C8",
        "neighbourhood": "N4"
    },
    "dpd_date": "28 Feb 2019",
    "flat_type": "3-Room (income ceiling $6,000)",
    "lcd_date": "-",
    "pcd_date": "1Q/2018",
    "quota_chinese": 14,
    "quota_malay": 8,
    "quota_other": 2,
    "street": "BT BATOK WEST AVE 8",
    "town": "Bukit Batok"
},
{
    "apartments": [
        {
            "area": 67.0,
            "floor": 10,
            "is_repurchased": false,
            "lease_price_list": [
                {
                    "lease": null,
                    "price": 193300
                }
            ],
            "unit": 927
        },
        {
            "area": 67.0,
            "floor": 11,
            "is_repurchased": false,
            "lease_price_list": [
                {
                    "lease": null,
                    "price": 194300
                }
            ],
            "unit": 927
        },
        {
            "area": 67.0,
            "floor": 13,
            "is_repurchased": false,
            "lease_price_list": [
                {
                    "lease": null,
                    "price": 196300
                }
            ],
            "unit": 927
        },
        {
            "area": 67.0,
            "floor": 14,
            "is_repurchased": false,
            "lease_price_list": [
                {
                    "lease": null,
                    "price": 197300
                }
            ],
            "unit": 927
        },
        {
            "area": 67.0,
            "floor": 4,
            "is_repurchased": false,
            "lease_price_list": [
                {
                    "lease": null,
                    "price": 180800
                }
            ],
            "unit": 929
        },
        {
            "area": 67.0,
            "floor": 6,
            "is_repurchased": false,
            "lease_price_list": [
                {
                    "lease": null,
                    "price": 186300
                }
            ],
            "unit": 929
        },
        {
            "area": 67.0,
            "floor": 7,
            "is_repurchased": false,
            "lease_price_list": [
                {
                    "lease": null,
                    "price": 188800
                }
            ],
            "unit": 929
        },
        {
            "area": 67.0,
            "floor": 8,
            "is_repurchased": false,
            "lease_price_list": [
                {
                    "lease": null,
                    "price": 191300
                }
            ],
            "unit": 929
        },
        {
            "area": 67.0,
            "floor": 9,
            "is_repurchased": false,
            "lease_price_list": [
                {
                    "lease": null,
                    "price": 192300
                }
            ],
            "unit": 929
        },
        {
            "area": 67.0,
            "floor": 10,
            "is_repurchased": false,
            "lease_price_list": [
                {
                    "lease": null,
                    "price": 193300
                }
            ],
            "unit": 929
        },
        {
            "area": 67.0,
            "floor": 11,
            "is_repurchased": false,
            "lease_price_list": [
                {
                    "lease": null,
                    "price": 194300
                }
            ],
            "unit": 929
        },
        {
            "area": 67.0,
            "floor": 12,
            "is_repurchased": false,
            "lease_price_list": [
                {
                    "lease": null,
                    "price": 195300
                }
            ],
            "unit": 929
        },
        {
            "area": 67.0,
            "floor": 14,
            "is_repurchased": false,
            "lease_price_list": [
                {
                    "lease": null,
                    "price": 197300
                }
            ],
            "unit": 929
        },
        {
            "area": 67.0,
            "floor": 3,
            "is_repurchased": false,
            "lease_price_list": [
                {
                    "lease": null,
                    "price": 171000
                }
            ],
            "unit": 933
        },
        {
            "area": 67.0,
            "floor": 5,
            "is_repurchased": false,
            "lease_price_list": [
                {
                    "lease": null,
                    "price": 180400
                }
            ],
            "unit": 933
        },
        {
            "area": 67.0,
            "floor": 7,
            "is_repurchased": false,
            "lease_price_list": [
                {
                    "lease": null,
                    "price": 185400
                }
            ],
            "unit": 933
        },
        {
            "area": 67.0,
            "floor": 10,
            "is_repurchased": false,
            "lease_price_list": [
                {
                    "lease": null,
                    "price": 189900
                }
            ],
            "unit": 933
        },
        {
            "area": 67.0,
            "floor": 11,
            "is_repurchased": false,
            "lease_price_list": [
                {
                    "lease": null,
                    "price": 190900
                }
            ],
            "unit": 933
        },
        {
            "area": 67.0,
            "floor": 12,
            "is_repurchased": false,
            "lease_price_list": [
                {
                    "lease": null,
                    "price": 191900
                }
            ],
            "unit": 933
        },
        {
            "area": 67.0,
            "floor": 13,
            "is_repurchased": false,
            "lease_price_list": [
                {
                    "lease": null,
                    "price": 192900
                }
            ],
            "unit": 933
        },
        {
            "area": 67.0,
            "floor": 3,
            "is_repurchased": false,
            "lease_price_list": [
                {
                    "lease": null,
                    "price": 174400
                }
            ],
            "unit": 935
        },
        {
            "area": 67.0,
            "floor": 7,
            "is_repurchased": false,
            "lease_price_list": [
                {
                    "lease": null,
                    "price": 185400
                }
            ],
            "unit": 935
        },
        {
            "area": 67.0,
            "floor": 8,
            "is_repurchased": false,
            "lease_price_list": [
                {
                    "lease": null,
                    "price": 187900
                }
            ],
            "unit": 935
        },
        {
            "area": 67.0,
            "floor": 10,
            "is_repurchased": false,
            "lease_price_list": [
                {
                    "lease": null,
                    "price": 189900
                }
            ],
            "unit": 935
        },
        {
            "area": 67.0,
            "floor": 12,
            "is_repurchased": false,
            "lease_price_list": [
                {
                    "lease": null,
                    "price": 191900
                }
            ],
            "unit": 935
        },
        {
            "area": 67.0,
            "floor": 13,
            "is_repurchased": false,
            "lease_price_list": [
                {
                    "lease": null,
                    "price": 192900
                }
            ],
            "unit": 935
        },
        {
            "area": 67.0,
            "floor": 14,
            "is_repurchased": false,
            "lease_price_list": [
                {
                    "lease": null,
                    "price": 193900
                }
            ],
            "unit": 935
        },
        {
            "area": 67.0,
            "floor": 15,
            "is_repurchased": false,
            "lease_price_list": [
                {
                    "lease": null,
                    "price": 193900
                }
            ],
            "unit": 935
        }
    ],
    "block_code": {
        "block_num": "441C",
        "contract": "C8",
        "neighbourhood": "N4"
    },
    "dpd_date": "28 Feb 2019",
    "flat_type": "3-Room (income ceiling $6,000)",
    "lcd_date": "-",
    "pcd_date": "4Q/2017",
    "quota_chinese": 28,
    "quota_malay": 8,
    "quota_other": 0,
    "street": "BT BATOK WEST AVE 8",
    "town": "Bukit Batok"
},
{
    "apartments": [
        {
            "area": 67.0,
            "floor": 2,
            "is_repurchased": false,
            "lease_price_list": [
                {
                    "lease": null,
                    "price": 171400
                }
            ],
            "unit": 773
        },
        {
            "area": 67.0,
            "floor": 3,
            "is_repurchased": false,
            "lease_price_list": [
                {
                    "lease": null,
                    "price": 174400
                }
            ],
            "unit": 773
        },
        {
            "area": 67.0,
            "floor": 4,
            "is_repurchased": false,
            "lease_price_list": [
                {
                    "lease": null,
                    "price": 177400
                }
            ],
            "unit": 773
        },
        {
            "area": 67.0,
            "floor": 5,
            "is_repurchased": false,
            "lease_price_list": [
                {
                    "lease": null,
                    "price": 183800
                }
            ],
            "unit": 773
        },
        {
            "area": 67.0,
            "floor": 6,
            "is_repurchased": false,
            "lease_price_list": [
                {
                    "lease": null,
                    "price": 186300
                }
            ],
            "unit": 773
        },
        {
            "area": 67.0,
            "floor": 7,
            "is_repurchased": false,
            "lease_price_list": [
                {
                    "lease": null,
                    "price": 188800
                }
            ],
            "unit": 773
        },
        {
            "area": 67.0,
            "floor": 10,
            "is_repurchased": false,
            "lease_price_list": [
                {
                    "lease": null,
                    "price": 193300
                }
            ],
            "unit": 773
        },
        {
            "area": 67.0,
            "floor": 11,
            "is_repurchased": false,
            "lease_price_list": [
                {
                    "lease": null,
                    "price": 194300
                }
            ],
            "unit": 773
        },
        {
            "area": 67.0,
            "floor": 12,
            "is_repurchased": false,
            "lease_price_list": [
                {
                    "lease": null,
                    "price": 195300
                }
            ],
            "unit": 773
        },
        {
            "area": 67.0,
            "floor": 2,
            "is_repurchased": false,
            "lease_price_list": [
                {
                    "lease": null,
                    "price": 164500
                }
            ],
            "unit": 777
        },
        {
            "area": 67.0,
            "floor": 3,
            "is_repurchased": false,
            "lease_price_list": [
                {
                    "lease": null,
                    "price": 167500
                }
            ],
            "unit": 777
        },
        {
            "area": 67.0,
            "floor": 4,
            "is_repurchased": false,
            "lease_price_list": [
                {
                    "lease": null,
                    "price": 170500
                }
            ],
            "unit": 777
        },
        {
            "area": 67.0,
            "floor": 8,
            "is_repurchased": false,
            "lease_price_list": [
                {
                    "lease": null,
                    "price": 181000
                }
            ],
            "unit": 777
        },
        {
            "area": 67.0,
            "floor": 9,
            "is_repurchased": false,
            "lease_price_list": [
                {
                    "lease": null,
                    "price": 188900
                }
            ],
            "unit": 777
        },
        {
            "area": 67.0,
            "floor": 2,
            "is_repurchased": false,
            "lease_price_list": [
                {
                    "lease": null,
                    "price": 164500
                }
            ],
            "unit": 779
        },
        {
            "area": 67.0,
            "floor": 4,
            "is_repurchased": false,
            "lease_price_list": [
                {
                    "lease": null,
                    "price": 170500
                }
            ],
            "unit": 779
        },
        {
            "area": 67.0,
            "floor": 5,
            "is_repurchased": false,
            "lease_price_list": [
                {
                    "lease": null,
                    "price": 173500
                }
            ],
            "unit": 779
        },
        {
            "area": 67.0,
            "floor": 6,
            "is_repurchased": false,
            "lease_price_list": [
                {
                    "lease": null,
                    "price": 176000
                }
            ],
            "unit": 779
        },
        {
            "area": 67.0,
            "floor": 7,
            "is_repurchased": false,
            "lease_price_list": [
                {
                    "lease": null,
                    "price": 178500
                }
            ],
            "unit": 779
        },
        {
            "area": 67.0,
            "floor": 8,
            "is_repurchased": false,
            "lease_price_list": [
                {
                    "lease": null,
                    "price": 181000
                }
            ],
            "unit": 779
        }
    ],
    "block_code": {
        "block_num": "443D",
        "contract": "C8",
        "neighbourhood": "N4"
    },
    "dpd_date": "28 Feb 2019",
    "flat_type": "3-Room (income ceiling $6,000)",
    "lcd_date": "-",
    "pcd_date": "05/2017",
    "quota_chinese": 20,
    "quota_malay": 4,
    "quota_other": 0,
    "street": "BT BATOK WEST AVE 8",
    "town": "Bukit Batok"
},
{
    "apartments": [
        {
            "area": 68.0,
            "floor": 17,
            "is_repurchased": false,
            "lease_price_list": [
                {
                    "lease": null,
                    "price": 193100
                }
            ],
            "unit": 24
        }
    ],
    "block_code": {
        "block_num": "448B",
        "contract": "C14",
        "neighbourhood": "N4"
    },
    "dpd_date": "28 Feb 2019",
    "flat_type": "3-Room (income ceiling $6,000)",
    "lcd_date": "-",
    "pcd_date": "1Q/2018",
    "quota_chinese": 1,
    "quota_malay": 1,
    "quota_other": 1,
    "street": "BT BATOK WEST AVE 9",
    "town": "Bukit Batok"
},
{
    "apartments": [
        {
            "area": 68.0,
            "floor": 7,
            "is_repurchased": false,
            "lease_price_list": [
                {
                    "lease": null,
                    "price": 178200
                }
            ],
            "unit": 48
        },
        {
            "area": 68.0,
            "floor": 12,
            "is_repurchased": false,
            "lease_price_list": [
                {
                    "lease": null,
                    "price": 184700
                }
            ],
            "unit": 48
        },
        {
            "area": 68.0,
            "floor": 14,
            "is_repurchased": false,
            "lease_price_list": [
                {
                    "lease": null,
                    "price": 186700
                }
            ],
            "unit": 48
        },
        {
            "area": 68.0,
            "floor": 4,
            "is_repurchased": false,
            "lease_price_list": [
                {
                    "lease": null,
                    "price": 170200
                }
            ],
            "unit": 50
        },
        {
            "area": 68.0,
            "floor": 9,
            "is_repurchased": false,
            "lease_price_list": [
                {
                    "lease": null,
                    "price": 181700
                }
            ],
            "unit": 50
        },
        {
            "area": 68.0,
            "floor": 10,
            "is_repurchased": false,
            "lease_price_list": [
                {
                    "lease": null,
                    "price": 182700
                }
            ],
            "unit": 50
        },
        {
            "area": 68.0,
            "floor": 11,
            "is_repurchased": false,
            "lease_price_list": [
                {
                    "lease": null,
                    "price": 183700
                }
            ],
            "unit": 50
        }
    ],
    "block_code": {
        "block_num": "448C",
        "contract": "C14",
        "neighbourhood": "N4"
    },
    "dpd_date": "28 Feb 2019",
    "flat_type": "3-Room (income ceiling $6,000)",
    "lcd_date": "-",
    "pcd_date": "1Q/2018",
    "quota_chinese": 7,
    "quota_malay": 7,
    "quota_other": 0,
    "street": "BT BATOK WEST AVE 9",
    "town": "Bukit Batok"
},
{
    "apartments": [
        {
            "area": 67.0,
            "floor": 19,
            "is_repurchased": false,
            "lease_price_list": [
                {
                    "lease": null,
                    "price": 213300
                }
            ],
            "unit": 663
        }
    ],
    "block_code": {
        "block_num": "450D",
        "contract": "C16",
        "neighbourhood": "N4"
    },
    "dpd_date": "28 Feb 2019",
    "flat_type": "3-Room (income ceiling $6,000)",
    "lcd_date": "-",
    "pcd_date": "1Q/2018",
    "quota_chinese": 1,
    "quota_malay": 1,
    "quota_other": 1,
    "street": "BT BATOK WEST AVE 6",
    "town": "Bukit Batok"
},
{
    "apartments": [
        {
            "area": 67.0,
            "floor": 3,
            "is_repurchased": false,
            "lease_price_list": [
                {
                    "lease": null,
                    "price": 186500
                }
            ],
            "unit": 705
        }
    ],
    "block_code": {
        "block_num": "451A",
        "contract": "C16",
        "neighbourhood": "N4"
    },
    "dpd_date": "28 Feb 2019",
    "flat_type": "3-Room (income ceiling $6,000)",
    "lcd_date": "-",
    "pcd_date": "1Q/2018",
    "quota_chinese": 1,
    "quota_malay": 1,
    "quota_other": 1,
    "street": "BT BATOK WEST AVE 6",
    "town": "Bukit Batok"
},
{
    "apartments": [
        {
            "area": 68.0,
            "floor": 4,
            "is_repurchased": false,
            "lease_price_list": [
                {
                    "lease": null,
                    "price": 179800
                }
            ],
            "unit": 29
        },
        {
            "area": 68.0,
            "floor": 7,
            "is_repurchased": false,
            "lease_price_list": [
                {
                    "lease": null,
                    "price": 194700
                }
            ],
            "unit": 31
        }
    ],
    "block_code": {
        "block_num": "460B",
        "contract": "C12",
        "neighbourhood": "N4"
    },
    "dpd_date": "30 Apr 2020",
    "flat_type": "3-Room (income ceiling $6,000)",
    "lcd_date": "-",
    "pcd_date": "2Q/2019",
    "quota_chinese": 2,
    "quota_malay": 2,
    "quota_other": 2,
    "street": "BT BATOK WEST AVE 9",
    "town": "Bukit Batok"
}]
