[{
    "apartments": [
        {
            "area": 92.0,
            "floor": 20,
            "is_repurchased": false,
            "lease_price_list": [
                {
                    "lease": null,
                    "price": 370800
                }
            ],
            "unit": 219
        },
        {
            "area": 92.0,
            "floor": 22,
            "is_repurchased": false,
            "lease_price_list": [
                {
                    "lease": null,
                    "price": 373600
                }
            ],
            "unit": 219
        },
        {
            "area": 92.0,
            "floor": 8,
            "is_repurchased": false,
            "lease_price_list": [
                {
                    "lease": null,
                    "price": 366000
                }
            ],
            "unit": 225
        }
    ],
    "block_code": {
        "block_num": "194A",
        "contract": "C13",
        "neighbourhood": "N1"
    },
    "dpd_date": "NA (Keys Available)",
    "flat_type": "4-Room",
    "lcd_date": "01 Jul 2017",
    "pcd_date": "-",
    "quota_chinese": 3,
    "quota_malay": 3,
    "quota_other": 3,
    "street": "BT BATOK WEST AVE 6",
    "town": "Bukit Batok"
},
{
    "apartments": [
        {
            "area": 92.0,
            "floor": 21,
            "is_repurchased": false,
            "lease_price_list": [
                {
                    "lease": null,
                    "price": 384200
                }
            ],
            "unit": 229
        },
        {
            "area": 92.0,
            "floor": 26,
            "is_repurchased": false,
            "lease_price_list": [
                {
                    "lease": null,
                    "price": 391200
                }
            ],
            "unit": 229
        },
        {
            "area": 92.0,
            "floor": 24,
            "is_repurchased": false,
            "lease_price_list": [
                {
                    "lease": null,
                    "price": 381300
                }
            ],
            "unit": 243
        }
    ],
    "block_code": {
        "block_num": "194B",
        "contract": "C13",
        "neighbourhood": "N1"
    },
    "dpd_date": "NA (Keys Available)",
    "flat_type": "4-Room",
    "lcd_date": "01 Jul 2017",
    "pcd_date": "-",
    "quota_chinese": 3,
    "quota_malay": 3,
    "quota_other": 3,
    "street": "BT BATOK WEST AVE 6",
    "town": "Bukit Batok"
},
{
    "apartments": [
        {
            "area": 93.0,
            "floor": 6,
            "is_repurchased": false,
            "lease_price_list": [
                {
                    "lease": null,
                    "price": 331800
                }
            ],
            "unit": 200
        },
        {
            "area": 93.0,
            "floor": 8,
            "is_repurchased": false,
            "lease_price_list": [
                {
                    "lease": null,
                    "price": 333800
                }
            ],
            "unit": 200
        },
        {
            "area": 93.0,
            "floor": 13,
            "is_repurchased": false,
            "lease_price_list": [
                {
                    "lease": null,
                    "price": 346800
                }
            ],
            "unit": 200
        }
    ],
    "block_code": {
        "block_num": "292A",
        "contract": "C22",
        "neighbourhood": "N2"
    },
    "dpd_date": "31 Dec 2018",
    "flat_type": "4-Room",
    "lcd_date": "-",
    "pcd_date": "07/2017",
    "quota_chinese": 3,
    "quota_malay": 2,
    "quota_other": 2,
    "street": "BT BATOK EAST AVE 6",
    "town": "Bukit Batok"
},
{
    "apartments": [
        {
            "area": 93.0,
            "floor": 31,
            "is_repurchased": false,
            "lease_price_list": [
                {
                    "lease": null,
                    "price": 376600
                }
            ],
            "unit": 216
        },
        {
            "area": 93.0,
            "floor": 24,
            "is_repurchased": false,
            "lease_price_list": [
                {
                    "lease": null,
                    "price": 374200
                }
            ],
            "unit": 222
        }
    ],
    "block_code": {
        "block_num": "292B",
        "contract": "C22",
        "neighbourhood": "N2"
    },
    "dpd_date": "31 Dec 2018",
    "flat_type": "4-Room",
    "lcd_date": "-",
    "pcd_date": "10/2017",
    "quota_chinese": 2,
    "quota_malay": 2,
    "quota_other": 2,
    "street": "BT BATOK EAST AVE 6",
    "town": "Bukit Batok"
},
{
    "apartments": [
        {
            "area": 92.0,
            "floor": 37,
            "is_repurchased": false,
            "lease_price_list": [
                {
                    "lease": null,
                    "price": 401300
                }
            ],
            "unit": 236
        }
    ],
    "block_code": {
        "block_num": "292C",
        "contract": "C22",
        "neighbourhood": "N2"
    },
    "dpd_date": "31 Dec 2018",
    "flat_type": "4-Room",
    "lcd_date": "-",
    "pcd_date": "10/2017",
    "quota_chinese": 1,
    "quota_malay": 1,
    "quota_other": 1,
    "street": "BT BATOK EAST AVE 6",
    "town": "Bukit Batok"
},
{
    "apartments": [
        {
            "area": 93.0,
            "floor": 3,
            "is_repurchased": false,
            "lease_price_list": [
                {
                    "lease": null,
                    "price": 325300
                }
            ],
            "unit": 504
        },
        {
            "area": 93.0,
            "floor": 23,
            "is_repurchased": false,
            "lease_price_list": [
                {
                    "lease": null,
                    "price": 366800
                }
            ],
            "unit": 506
        },
        {
            "area": 93.0,
            "floor": 25,
            "is_repurchased": false,
            "lease_price_list": [
                {
                    "lease": null,
                    "price": 369600
                }
            ],
            "unit": 508
        },
        {
            "area": 93.0,
            "floor": 17,
            "is_repurchased": false,
            "lease_price_list": [
                {
                    "lease": null,
                    "price": 363400
                }
            ],
            "unit": 510
        }
    ],
    "block_code": {
        "block_num": "293A",
        "contract": "C22",
        "neighbourhood": "N2"
    },
    "dpd_date": "31 Dec 2018",
    "flat_type": "4-Room",
    "lcd_date": "-",
    "pcd_date": "10/2017",
    "quota_chinese": 4,
    "quota_malay": 4,
    "quota_other": 4,
    "street": "BT BATOK ST 21",
    "town": "Bukit Batok"
},
{
    "apartments": [
        {
            "area": 92.0,
            "floor": 3,
            "is_repurchased": false,
            "lease_price_list": [
                {
                    "lease": null,
                    "price": 334200
                }
            ],
            "unit": 516
        },
        {
            "area": 92.0,
            "floor": 7,
            "is_repurchased": false,
            "lease_price_list": [
                {
                    "lease": null,
                    "price": 345200
                }
            ],
            "unit": 516
        },
        {
            "area": 92.0,
            "floor": 38,
            "is_repurchased": false,
            "lease_price_list": [
                {
                    "lease": null,
                    "price": 410700
                }
            ],
            "unit": 516
        },
        {
            "area": 92.0,
            "floor": 15,
            "is_repurchased": false,
            "lease_price_list": [
                {
                    "lease": null,
                    "price": 361500
                }
            ],
            "unit": 518
        }
    ],
    "block_code": {
        "block_num": "293B",
        "contract": "C22",
        "neighbourhood": "N2"
    },
    "dpd_date": "31 Dec 2018",
    "flat_type": "4-Room",
    "lcd_date": "-",
    "pcd_date": "10/2017",
    "quota_chinese": 4,
    "quota_malay": 4,
    "quota_other": 4,
    "street": "BT BATOK ST 21",
    "town": "Bukit Batok"
},
{
    "apartments": [
        {
            "area": 92.0,
            "floor": 22,
            "is_repurchased": false,
            "lease_price_list": [
                {
                    "lease": null,
                    "price": 368300
                }
            ],
            "unit": 530
        }
    ],
    "block_code": {
        "block_num": "293C",
        "contract": "C22",
        "neighbourhood": "N2"
    },
    "dpd_date": "31 Dec 2018",
    "flat_type": "4-Room",
    "lcd_date": "-",
    "pcd_date": "09/2017",
    "quota_chinese": 1,
    "quota_malay": 1,
    "quota_other": 1,
    "street": "BT BATOK ST 21",
    "town": "Bukit Batok"
},
{
    "apartments": [
        {
            "area": 93.0,
            "floor": 13,
            "is_repurchased": false,
            "lease_price_list": [
                {
                    "lease": null,
                    "price": 352800
                }
            ],
            "unit": 536
        },
        {
            "area": 93.0,
            "floor": 19,
            "is_repurchased": false,
            "lease_price_list": [
                {
                    "lease": null,
                    "price": 361200
                }
            ],
            "unit": 542
        }
    ],
    "block_code": {
        "block_num": "293D",
        "contract": "C22",
        "neighbourhood": "N2"
    },
    "dpd_date": "31 Dec 2018",
    "flat_type": "4-Room",
    "lcd_date": "-",
    "pcd_date": "09/2017",
    "quota_chinese": 2,
    "quota_malay": 2,
    "quota_other": 2,
    "street": "BT BATOK ST 21",
    "town": "Bukit Batok"
},
{
    "apartments": [
        {
            "area": 92.0,
            "floor": 18,
            "is_repurchased": false,
            "lease_price_list": [
                {
                    "lease": null,
                    "price": 363000
                }
            ],
            "unit": 86
        }
    ],
    "block_code": {
        "block_num": "296C",
        "contract": "C23",
        "neighbourhood": "N2"
    },
    "dpd_date": "NA (Keys Available)",
    "flat_type": "4-Room",
    "lcd_date": "01 Mar 2018",
    "pcd_date": "-",
    "quota_chinese": 1,
    "quota_malay": 1,
    "quota_other": 1,
    "street": "BT BATOK ST 22",
    "town": "Bukit Batok"
},
{
    "apartments": [
        {
            "area": 103.0,
            "floor": 2,
            "is_repurchased": true,
            "lease_price_list": [
                {
                    "lease": null,
                    "price": 246000
                }
            ],
            "unit": 282
        }
    ],
    "block_code": {
        "block_num": "417",
        "contract": "C3",
        "neighbourhood": "N4"
    },
    "dpd_date": "NA (Keys Available)",
    "flat_type": "4-Room",
    "lcd_date": "01 Jun 1986",
    "pcd_date": "-",
    "quota_chinese": 1,
    "quota_malay": 1,
    "quota_other": 0,
    "street": "BT BATOK WEST AVE 4",
    "town": "Bukit Batok"
},
{
    "apartments": [
        {
            "area": 93.0,
            "floor": 3,
            "is_repurchased": false,
            "lease_price_list": [
                {
                    "lease": null,
                    "price": 288300
                }
            ],
            "unit": 982
        }
    ],
    "block_code": {
        "block_num": "435B",
        "contract": "C5",
        "neighbourhood": "N4"
    },
    "dpd_date": "31 Jan 2020",
    "flat_type": "4-Room",
    "lcd_date": "-",
    "pcd_date": "1Q/2019",
    "quota_chinese": 1,
    "quota_malay": 0,
    "quota_other": 0,
    "street": "BT BATOK WEST AVE 5",
    "town": "Bukit Batok"
},
{
    "apartments": [
        {
            "area": 93.0,
            "floor": 9,
            "is_repurchased": false,
            "lease_price_list": [
                {
                    "lease": null,
                    "price": 303700
                }
            ],
            "unit": 902
        },
        {
            "area": 93.0,
            "floor": 2,
            "is_repurchased": false,
            "lease_price_list": [
                {
                    "lease": null,
                    "price": 273100
                }
            ],
            "unit": 908
        },
        {
            "area": 93.0,
            "floor": 12,
            "is_repurchased": false,
            "lease_price_list": [
                {
                    "lease": null,
                    "price": 313200
                }
            ],
            "unit": 914
        }
    ],
    "block_code": {
        "block_num": "437A",
        "contract": "C5",
        "neighbourhood": "N4"
    },
    "dpd_date": "31 Jan 2020",
    "flat_type": "4-Room",
    "lcd_date": "-",
    "pcd_date": "1Q/2019",
    "quota_chinese": 3,
    "quota_malay": 1,
    "quota_other": 1,
    "street": "BT BATOK WEST AVE 5",
    "town": "Bukit Batok"
},
{
    "apartments": [
        {
            "area": 93.0,
            "floor": 4,
            "is_repurchased": false,
            "lease_price_list": [
                {
                    "lease": null,
                    "price": 282900
                }
            ],
            "unit": 1059
        }
    ],
    "block_code": {
        "block_num": "438C",
        "contract": "C5",
        "neighbourhood": "N4"
    },
    "dpd_date": "31 Jan 2020",
    "flat_type": "4-Room",
    "lcd_date": "-",
    "pcd_date": "1Q/2019",
    "quota_chinese": 1,
    "quota_malay": 1,
    "quota_other": 1,
    "street": "BT BATOK WEST AVE 8",
    "town": "Bukit Batok"
},
{
    "apartments": [
        {
            "area": 93.0,
            "floor": 7,
            "is_repurchased": false,
            "lease_price_list": [
                {
                    "lease": null,
                    "price": 304900
                }
            ],
            "unit": 963
        },
        {
            "area": 93.0,
            "floor": 14,
            "is_repurchased": false,
            "lease_price_list": [
                {
                    "lease": null,
                    "price": 309300
                }
            ],
            "unit": 963
        },
        {
            "area": 93.0,
            "floor": 12,
            "is_repurchased": false,
            "lease_price_list": [
                {
                    "lease": null,
                    "price": 313300
                }
            ],
            "unit": 979
        }
    ],
    "block_code": {
        "block_num": "439B",
        "contract": "C5",
        "neighbourhood": "N4"
    },
    "dpd_date": "31 Jan 2020",
    "flat_type": "4-Room",
    "lcd_date": "-",
    "pcd_date": "1Q/2019",
    "quota_chinese": 3,
    "quota_malay": 1,
    "quota_other": 1,
    "street": "BT BATOK WEST AVE 8",
    "town": "Bukit Batok"
},
{
    "apartments": [
        {
            "area": 93.0,
            "floor": 11,
            "is_repurchased": false,
            "lease_price_list": [
                {
                    "lease": null,
                    "price": 311900
                }
            ],
            "unit": 941
        }
    ],
    "block_code": {
        "block_num": "439C",
        "contract": "C5",
        "neighbourhood": "N4"
    },
    "dpd_date": "31 Jan 2020",
    "flat_type": "4-Room",
    "lcd_date": "-",
    "pcd_date": "1Q/2019",
    "quota_chinese": 1,
    "quota_malay": 1,
    "quota_other": 1,
    "street": "BT BATOK WEST AVE 8",
    "town": "Bukit Batok"
},
{
    "apartments": [
        {
            "area": 92.0,
            "floor": 2,
            "is_repurchased": false,
            "lease_price_list": [
                {
                    "lease": null,
                    "price": 283600
                }
            ],
            "unit": 729
        },
        {
            "area": 92.0,
            "floor": 2,
            "is_repurchased": false,
            "lease_price_list": [
                {
                    "lease": null,
                    "price": 283600
                }
            ],
            "unit": 731
        },
        {
            "area": 92.0,
            "floor": 3,
            "is_repurchased": false,
            "lease_price_list": [
                {
                    "lease": null,
                    "price": 288100
                }
            ],
            "unit": 731
        },
        {
            "area": 92.0,
            "floor": 2,
            "is_repurchased": false,
            "lease_price_list": [
                {
                    "lease": null,
                    "price": 278100
                }
            ],
            "unit": 735
        },
        {
            "area": 92.0,
            "floor": 2,
            "is_repurchased": false,
            "lease_price_list": [
                {
                    "lease": null,
                    "price": 283700
                }
            ],
            "unit": 737
        }
    ],
    "block_code": {
        "block_num": "440B",
        "contract": "C8",
        "neighbourhood": "N4"
    },
    "dpd_date": "28 Feb 2019",
    "flat_type": "4-Room",
    "lcd_date": "-",
    "pcd_date": "4Q/2017",
    "quota_chinese": 5,
    "quota_malay": 4,
    "quota_other": 0,
    "street": "BT BATOK WEST AVE 8",
    "town": "Bukit Batok"
},
{
    "apartments": [
        {
            "area": 92.0,
            "floor": 3,
            "is_repurchased": false,
            "lease_price_list": [
                {
                    "lease": null,
                    "price": 288200
                }
            ],
            "unit": 739
        },
        {
            "area": 92.0,
            "floor": 3,
            "is_repurchased": false,
            "lease_price_list": [
                {
                    "lease": null,
                    "price": 288200
                }
            ],
            "unit": 741
        },
        {
            "area": 92.0,
            "floor": 2,
            "is_repurchased": false,
            "lease_price_list": [
                {
                    "lease": null,
                    "price": 283600
                }
            ],
            "unit": 745
        },
        {
            "area": 92.0,
            "floor": 3,
            "is_repurchased": false,
            "lease_price_list": [
                {
                    "lease": null,
                    "price": 288100
                }
            ],
            "unit": 745
        },
        {
            "area": 92.0,
            "floor": 2,
            "is_repurchased": false,
            "lease_price_list": [
                {
                    "lease": null,
                    "price": 283600
                }
            ],
            "unit": 747
        },
        {
            "area": 92.0,
            "floor": 3,
            "is_repurchased": false,
            "lease_price_list": [
                {
                    "lease": null,
                    "price": 288100
                }
            ],
            "unit": 747
        },
        {
            "area": 92.0,
            "floor": 4,
            "is_repurchased": false,
            "lease_price_list": [
                {
                    "lease": null,
                    "price": 292600
                }
            ],
            "unit": 747
        }
    ],
    "block_code": {
        "block_num": "440C",
        "contract": "C8",
        "neighbourhood": "N4"
    },
    "dpd_date": "28 Feb 2019",
    "flat_type": "4-Room",
    "lcd_date": "-",
    "pcd_date": "09/2017",
    "quota_chinese": 7,
    "quota_malay": 5,
    "quota_other": 0,
    "street": "BT BATOK WEST AVE 8",
    "town": "Bukit Batok"
},
{
    "apartments": [
        {
            "area": 92.0,
            "floor": 2,
            "is_repurchased": false,
            "lease_price_list": [
                {
                    "lease": null,
                    "price": 283600
                }
            ],
            "unit": 761
        },
        {
            "area": 92.0,
            "floor": 4,
            "is_repurchased": false,
            "lease_price_list": [
                {
                    "lease": null,
                    "price": 292600
                }
            ],
            "unit": 761
        },
        {
            "area": 92.0,
            "floor": 5,
            "is_repurchased": false,
            "lease_price_list": [
                {
                    "lease": null,
                    "price": 297100
                }
            ],
            "unit": 761
        },
        {
            "area": 92.0,
            "floor": 6,
            "is_repurchased": false,
            "lease_price_list": [
                {
                    "lease": null,
                    "price": 300600
                }
            ],
            "unit": 761
        },
        {
            "area": 92.0,
            "floor": 2,
            "is_repurchased": false,
            "lease_price_list": [
                {
                    "lease": null,
                    "price": 283600
                }
            ],
            "unit": 763
        },
        {
            "area": 92.0,
            "floor": 4,
            "is_repurchased": false,
            "lease_price_list": [
                {
                    "lease": null,
                    "price": 292600
                }
            ],
            "unit": 763
        },
        {
            "area": 92.0,
            "floor": 5,
            "is_repurchased": false,
            "lease_price_list": [
                {
                    "lease": null,
                    "price": 302100
                }
            ],
            "unit": 763
        },
        {
            "area": 92.0,
            "floor": 3,
            "is_repurchased": false,
            "lease_price_list": [
                {
                    "lease": null,
                    "price": 288200
                }
            ],
            "unit": 767
        },
        {
            "area": 92.0,
            "floor": 4,
            "is_repurchased": false,
            "lease_price_list": [
                {
                    "lease": null,
                    "price": 292700
                }
            ],
            "unit": 767
        },
        {
            "area": 92.0,
            "floor": 4,
            "is_repurchased": false,
            "lease_price_list": [
                {
                    "lease": null,
                    "price": 292700
                }
            ],
            "unit": 769
        },
        {
            "area": 92.0,
            "floor": 9,
            "is_repurchased": false,
            "lease_price_list": [
                {
                    "lease": null,
                    "price": 319100
                }
            ],
            "unit": 769
        }
    ],
    "block_code": {
        "block_num": "440D",
        "contract": "C8",
        "neighbourhood": "N4"
    },
    "dpd_date": "28 Feb 2019",
    "flat_type": "4-Room",
    "lcd_date": "-",
    "pcd_date": "09/2017",
    "quota_chinese": 11,
    "quota_malay": 5,
    "quota_other": 1,
    "street": "BT BATOK WEST AVE 8",
    "town": "Bukit Batok"
},
{
    "apartments": [
        {
            "area": 92.0,
            "floor": 2,
            "is_repurchased": false,
            "lease_price_list": [
                {
                    "lease": null,
                    "price": 283600
                }
            ],
            "unit": 905
        },
        {
            "area": 92.0,
            "floor": 3,
            "is_repurchased": false,
            "lease_price_list": [
                {
                    "lease": null,
                    "price": 288100
                }
            ],
            "unit": 905
        },
        {
            "area": 92.0,
            "floor": 2,
            "is_repurchased": false,
            "lease_price_list": [
                {
                    "lease": null,
                    "price": 283600
                }
            ],
            "unit": 907
        },
        {
            "area": 92.0,
            "floor": 7,
            "is_repurchased": false,
            "lease_price_list": [
                {
                    "lease": null,
                    "price": 303600
                }
            ],
            "unit": 907
        },
        {
            "area": 92.0,
            "floor": 2,
            "is_repurchased": false,
            "lease_price_list": [
                {
                    "lease": null,
                    "price": 278000
                }
            ],
            "unit": 909
        },
        {
            "area": 92.0,
            "floor": 2,
            "is_repurchased": false,
            "lease_price_list": [
                {
                    "lease": null,
                    "price": 283600
                }
            ],
            "unit": 911
        },
        {
            "area": 92.0,
            "floor": 3,
            "is_repurchased": false,
            "lease_price_list": [
                {
                    "lease": null,
                    "price": 288100
                }
            ],
            "unit": 911
        },
        {
            "area": 92.0,
            "floor": 4,
            "is_repurchased": false,
            "lease_price_list": [
                {
                    "lease": null,
                    "price": 292600
                }
            ],
            "unit": 911
        },
        {
            "area": 92.0,
            "floor": 5,
            "is_repurchased": false,
            "lease_price_list": [
                {
                    "lease": null,
                    "price": 297100
                }
            ],
            "unit": 911
        },
        {
            "area": 92.0,
            "floor": 6,
            "is_repurchased": false,
            "lease_price_list": [
                {
                    "lease": null,
                    "price": 300600
                }
            ],
            "unit": 911
        },
        {
            "area": 92.0,
            "floor": 7,
            "is_repurchased": false,
            "lease_price_list": [
                {
                    "lease": null,
                    "price": 304100
                }
            ],
            "unit": 911
        },
        {
            "area": 92.0,
            "floor": 2,
            "is_repurchased": false,
            "lease_price_list": [
                {
                    "lease": null,
                    "price": 283600
                }
            ],
            "unit": 913
        },
        {
            "area": 92.0,
            "floor": 3,
            "is_repurchased": false,
            "lease_price_list": [
                {
                    "lease": null,
                    "price": 288100
                }
            ],
            "unit": 913
        },
        {
            "area": 92.0,
            "floor": 5,
            "is_repurchased": false,
            "lease_price_list": [
                {
                    "lease": null,
                    "price": 297100
                }
            ],
            "unit": 913
        }
    ],
    "block_code": {
        "block_num": "441B",
        "contract": "C8",
        "neighbourhood": "N4"
    },
    "dpd_date": "28 Feb 2019",
    "flat_type": "4-Room",
    "lcd_date": "-",
    "pcd_date": "1Q/2018",
    "quota_chinese": 14,
    "quota_malay": 8,
    "quota_other": 2,
    "street": "BT BATOK WEST AVE 8",
    "town": "Bukit Batok"
},
{
    "apartments": [
        {
            "area": 92.0,
            "floor": 2,
            "is_repurchased": false,
            "lease_price_list": [
                {
                    "lease": null,
                    "price": 283600
                }
            ],
            "unit": 921
        },
        {
            "area": 92.0,
            "floor": 3,
            "is_repurchased": false,
            "lease_price_list": [
                {
                    "lease": null,
                    "price": 288100
                }
            ],
            "unit": 921
        },
        {
            "area": 92.0,
            "floor": 4,
            "is_repurchased": false,
            "lease_price_list": [
                {
                    "lease": null,
                    "price": 292600
                }
            ],
            "unit": 921
        },
        {
            "area": 92.0,
            "floor": 5,
            "is_repurchased": false,
            "lease_price_list": [
                {
                    "lease": null,
                    "price": 297100
                }
            ],
            "unit": 921
        },
        {
            "area": 92.0,
            "floor": 2,
            "is_repurchased": false,
            "lease_price_list": [
                {
                    "lease": null,
                    "price": 283600
                }
            ],
            "unit": 923
        },
        {
            "area": 92.0,
            "floor": 4,
            "is_repurchased": false,
            "lease_price_list": [
                {
                    "lease": null,
                    "price": 292600
                }
            ],
            "unit": 923
        },
        {
            "area": 92.0,
            "floor": 2,
            "is_repurchased": false,
            "lease_price_list": [
                {
                    "lease": null,
                    "price": 283600
                }
            ],
            "unit": 925
        }
    ],
    "block_code": {
        "block_num": "441C",
        "contract": "C8",
        "neighbourhood": "N4"
    },
    "dpd_date": "28 Feb 2019",
    "flat_type": "4-Room",
    "lcd_date": "-",
    "pcd_date": "4Q/2017",
    "quota_chinese": 7,
    "quota_malay": 5,
    "quota_other": 0,
    "street": "BT BATOK WEST AVE 8",
    "town": "Bukit Batok"
},
{
    "apartments": [
        {
            "area": 92.0,
            "floor": 3,
            "is_repurchased": false,
            "lease_price_list": [
                {
                    "lease": null,
                    "price": 282500
                }
            ],
            "unit": 875
        },
        {
            "area": 92.0,
            "floor": 4,
            "is_repurchased": false,
            "lease_price_list": [
                {
                    "lease": null,
                    "price": 287000
                }
            ],
            "unit": 875
        },
        {
            "area": 92.0,
            "floor": 2,
            "is_repurchased": false,
            "lease_price_list": [
                {
                    "lease": null,
                    "price": 278100
                }
            ],
            "unit": 877
        },
        {
            "area": 92.0,
            "floor": 3,
            "is_repurchased": false,
            "lease_price_list": [
                {
                    "lease": null,
                    "price": 282600
                }
            ],
            "unit": 877
        },
        {
            "area": 92.0,
            "floor": 4,
            "is_repurchased": false,
            "lease_price_list": [
                {
                    "lease": null,
                    "price": 287100
                }
            ],
            "unit": 877
        },
        {
            "area": 92.0,
            "floor": 2,
            "is_repurchased": false,
            "lease_price_list": [
                {
                    "lease": null,
                    "price": 272500
                }
            ],
            "unit": 879
        },
        {
            "area": 92.0,
            "floor": 3,
            "is_repurchased": false,
            "lease_price_list": [
                {
                    "lease": null,
                    "price": 277000
                }
            ],
            "unit": 879
        },
        {
            "area": 92.0,
            "floor": 4,
            "is_repurchased": false,
            "lease_price_list": [
                {
                    "lease": null,
                    "price": 281500
                }
            ],
            "unit": 879
        }
    ],
    "block_code": {
        "block_num": "442A",
        "contract": "C8",
        "neighbourhood": "N4"
    },
    "dpd_date": "28 Feb 2019",
    "flat_type": "4-Room",
    "lcd_date": "-",
    "pcd_date": "4Q/2017",
    "quota_chinese": 8,
    "quota_malay": 5,
    "quota_other": 0,
    "street": "BT BATOK WEST AVE 8",
    "town": "Bukit Batok"
},
{
    "apartments": [
        {
            "area": 92.0,
            "floor": 2,
            "is_repurchased": false,
            "lease_price_list": [
                {
                    "lease": null,
                    "price": 272500
                }
            ],
            "unit": 851
        },
        {
            "area": 92.0,
            "floor": 3,
            "is_repurchased": false,
            "lease_price_list": [
                {
                    "lease": null,
                    "price": 277000
                }
            ],
            "unit": 851
        },
        {
            "area": 92.0,
            "floor": 4,
            "is_repurchased": false,
            "lease_price_list": [
                {
                    "lease": null,
                    "price": 281500
                }
            ],
            "unit": 851
        },
        {
            "area": 92.0,
            "floor": 2,
            "is_repurchased": false,
            "lease_price_list": [
                {
                    "lease": null,
                    "price": 272500
                }
            ],
            "unit": 853
        },
        {
            "area": 92.0,
            "floor": 5,
            "is_repurchased": false,
            "lease_price_list": [
                {
                    "lease": null,
                    "price": 291600
                }
            ],
            "unit": 853
        },
        {
            "area": 92.0,
            "floor": 7,
            "is_repurchased": false,
            "lease_price_list": [
                {
                    "lease": null,
                    "price": 298000
                }
            ],
            "unit": 853
        },
        {
            "area": 92.0,
            "floor": 3,
            "is_repurchased": false,
            "lease_price_list": [
                {
                    "lease": null,
                    "price": 282500
                }
            ],
            "unit": 855
        }
    ],
    "block_code": {
        "block_num": "442B",
        "contract": "C8",
        "neighbourhood": "N4"
    },
    "dpd_date": "28 Feb 2019",
    "flat_type": "4-Room",
    "lcd_date": "-",
    "pcd_date": "4Q/2017",
    "quota_chinese": 7,
    "quota_malay": 3,
    "quota_other": 0,
    "street": "BT BATOK WEST AVE 8",
    "town": "Bukit Batok"
},
{
    "apartments": [
        {
            "area": 92.0,
            "floor": 2,
            "is_repurchased": false,
            "lease_price_list": [
                {
                    "lease": null,
                    "price": 278000
                }
            ],
            "unit": 841
        },
        {
            "area": 92.0,
            "floor": 3,
            "is_repurchased": false,
            "lease_price_list": [
                {
                    "lease": null,
                    "price": 282500
                }
            ],
            "unit": 841
        },
        {
            "area": 92.0,
            "floor": 2,
            "is_repurchased": false,
            "lease_price_list": [
                {
                    "lease": null,
                    "price": 272500
                }
            ],
            "unit": 843
        },
        {
            "area": 92.0,
            "floor": 2,
            "is_repurchased": false,
            "lease_price_list": [
                {
                    "lease": null,
                    "price": 272500
                }
            ],
            "unit": 845
        },
        {
            "area": 92.0,
            "floor": 3,
            "is_repurchased": false,
            "lease_price_list": [
                {
                    "lease": null,
                    "price": 277000
                }
            ],
            "unit": 845
        },
        {
            "area": 92.0,
            "floor": 12,
            "is_repurchased": false,
            "lease_price_list": [
                {
                    "lease": null,
                    "price": 312700
                }
            ],
            "unit": 845
        }
    ],
    "block_code": {
        "block_num": "442C",
        "contract": "C8",
        "neighbourhood": "N4"
    },
    "dpd_date": "28 Feb 2019",
    "flat_type": "4-Room",
    "lcd_date": "-",
    "pcd_date": "4Q/2017",
    "quota_chinese": 6,
    "quota_malay": 4,
    "quota_other": 0,
    "street": "BT BATOK WEST AVE 8",
    "town": "Bukit Batok"
},
{
    "apartments": [
        {
            "area": 92.0,
            "floor": 2,
            "is_repurchased": false,
            "lease_price_list": [
                {
                    "lease": null,
                    "price": 278000
                }
            ],
            "unit": 819
        },
        {
            "area": 92.0,
            "floor": 3,
            "is_repurchased": false,
            "lease_price_list": [
                {
                    "lease": null,
                    "price": 288100
                }
            ],
            "unit": 819
        },
        {
            "area": 92.0,
            "floor": 4,
            "is_repurchased": false,
            "lease_price_list": [
                {
                    "lease": null,
                    "price": 292600
                }
            ],
            "unit": 819
        },
        {
            "area": 92.0,
            "floor": 2,
            "is_repurchased": false,
            "lease_price_list": [
                {
                    "lease": null,
                    "price": 283600
                }
            ],
            "unit": 821
        },
        {
            "area": 92.0,
            "floor": 10,
            "is_repurchased": false,
            "lease_price_list": [
                {
                    "lease": null,
                    "price": 310400
                }
            ],
            "unit": 821
        }
    ],
    "block_code": {
        "block_num": "443A",
        "contract": "C8",
        "neighbourhood": "N4"
    },
    "dpd_date": "28 Feb 2019",
    "flat_type": "4-Room",
    "lcd_date": "-",
    "pcd_date": "4Q/2017",
    "quota_chinese": 5,
    "quota_malay": 4,
    "quota_other": 0,
    "street": "BT BATOK WEST AVE 8",
    "town": "Bukit Batok"
},
{
    "apartments": [
        {
            "area": 92.0,
            "floor": 3,
            "is_repurchased": false,
            "lease_price_list": [
                {
                    "lease": null,
                    "price": 282500
                }
            ],
            "unit": 807
        },
        {
            "area": 92.0,
            "floor": 2,
            "is_repurchased": false,
            "lease_price_list": [
                {
                    "lease": null,
                    "price": 283600
                }
            ],
            "unit": 809
        },
        {
            "area": 92.0,
            "floor": 3,
            "is_repurchased": false,
            "lease_price_list": [
                {
                    "lease": null,
                    "price": 288100
                }
            ],
            "unit": 809
        },
        {
            "area": 92.0,
            "floor": 4,
            "is_repurchased": false,
            "lease_price_list": [
                {
                    "lease": null,
                    "price": 292600
                }
            ],
            "unit": 809
        },
        {
            "area": 92.0,
            "floor": 5,
            "is_repurchased": false,
            "lease_price_list": [
                {
                    "lease": null,
                    "price": 297100
                }
            ],
            "unit": 809
        },
        {
            "area": 92.0,
            "floor": 2,
            "is_repurchased": false,
            "lease_price_list": [
                {
                    "lease": null,
                    "price": 283600
                }
            ],
            "unit": 811
        },
        {
            "area": 92.0,
            "floor": 3,
            "is_repurchased": false,
            "lease_price_list": [
                {
                    "lease": null,
                    "price": 288100
                }
            ],
            "unit": 811
        },
        {
            "area": 92.0,
            "floor": 5,
            "is_repurchased": false,
            "lease_price_list": [
                {
                    "lease": null,
                    "price": 297100
                }
            ],
            "unit": 811
        },
        {
            "area": 92.0,
            "floor": 6,
            "is_repurchased": false,
            "lease_price_list": [
                {
                    "lease": null,
                    "price": 300600
                }
            ],
            "unit": 811
        },
        {
            "area": 92.0,
            "floor": 7,
            "is_repurchased": false,
            "lease_price_list": [
                {
                    "lease": null,
                    "price": 304100
                }
            ],
            "unit": 811
        },
        {
            "area": 92.0,
            "floor": 4,
            "is_repurchased": false,
            "lease_price_list": [
                {
                    "lease": null,
                    "price": 287100
                }
            ],
            "unit": 813
        },
        {
            "area": 92.0,
            "floor": 2,
            "is_repurchased": false,
            "lease_price_list": [
                {
                    "lease": null,
                    "price": 278100
                }
            ],
            "unit": 815
        },
        {
            "area": 92.0,
            "floor": 3,
            "is_repurchased": false,
            "lease_price_list": [
                {
                    "lease": null,
                    "price": 282600
                }
            ],
            "unit": 815
        },
        {
            "area": 92.0,
            "floor": 4,
            "is_repurchased": false,
            "lease_price_list": [
                {
                    "lease": null,
                    "price": 291500
                }
            ],
            "unit": 815
        },
        {
            "area": 92.0,
            "floor": 2,
            "is_repurchased": false,
            "lease_price_list": [
                {
                    "lease": null,
                    "price": 278000
                }
            ],
            "unit": 817
        },
        {
            "area": 92.0,
            "floor": 3,
            "is_repurchased": false,
            "lease_price_list": [
                {
                    "lease": null,
                    "price": 282500
                }
            ],
            "unit": 817
        },
        {
            "area": 92.0,
            "floor": 4,
            "is_repurchased": false,
            "lease_price_list": [
                {
                    "lease": null,
                    "price": 287000
                }
            ],
            "unit": 817
        },
        {
            "area": 92.0,
            "floor": 13,
            "is_repurchased": false,
            "lease_price_list": [
                {
                    "lease": null,
                    "price": 319600
                }
            ],
            "unit": 817
        }
    ],
    "block_code": {
        "block_num": "443B",
        "contract": "C8",
        "neighbourhood": "N4"
    },
    "dpd_date": "28 Feb 2019",
    "flat_type": "4-Room",
    "lcd_date": "-",
    "pcd_date": "4Q/2017",
    "quota_chinese": 18,
    "quota_malay": 6,
    "quota_other": 1,
    "street": "BT BATOK WEST AVE 8",
    "town": "Bukit Batok"
},
{
    "apartments": [
        {
            "area": 92.0,
            "floor": 2,
            "is_repurchased": false,
            "lease_price_list": [
                {
                    "lease": null,
                    "price": 283600
                }
            ],
            "unit": 793
        },
        {
            "area": 92.0,
            "floor": 3,
            "is_repurchased": false,
            "lease_price_list": [
                {
                    "lease": null,
                    "price": 288100
                }
            ],
            "unit": 793
        },
        {
            "area": 92.0,
            "floor": 4,
            "is_repurchased": false,
            "lease_price_list": [
                {
                    "lease": null,
                    "price": 292600
                }
            ],
            "unit": 793
        },
        {
            "area": 92.0,
            "floor": 5,
            "is_repurchased": false,
            "lease_price_list": [
                {
                    "lease": null,
                    "price": 297100
                }
            ],
            "unit": 793
        },
        {
            "area": 92.0,
            "floor": 6,
            "is_repurchased": false,
            "lease_price_list": [
                {
                    "lease": null,
                    "price": 300600
                }
            ],
            "unit": 793
        },
        {
            "area": 92.0,
            "floor": 7,
            "is_repurchased": false,
            "lease_price_list": [
                {
                    "lease": null,
                    "price": 304100
                }
            ],
            "unit": 793
        },
        {
            "area": 92.0,
            "floor": 8,
            "is_repurchased": false,
            "lease_price_list": [
                {
                    "lease": null,
                    "price": 307600
                }
            ],
            "unit": 793
        },
        {
            "area": 92.0,
            "floor": 2,
            "is_repurchased": false,
            "lease_price_list": [
                {
                    "lease": null,
                    "price": 283600
                }
            ],
            "unit": 795
        },
        {
            "area": 92.0,
            "floor": 3,
            "is_repurchased": false,
            "lease_price_list": [
                {
                    "lease": null,
                    "price": 288100
                }
            ],
            "unit": 795
        },
        {
            "area": 92.0,
            "floor": 4,
            "is_repurchased": false,
            "lease_price_list": [
                {
                    "lease": null,
                    "price": 292600
                }
            ],
            "unit": 795
        },
        {
            "area": 92.0,
            "floor": 5,
            "is_repurchased": false,
            "lease_price_list": [
                {
                    "lease": null,
                    "price": 297100
                }
            ],
            "unit": 795
        },
        {
            "area": 92.0,
            "floor": 6,
            "is_repurchased": false,
            "lease_price_list": [
                {
                    "lease": null,
                    "price": 300600
                }
            ],
            "unit": 795
        },
        {
            "area": 92.0,
            "floor": 7,
            "is_repurchased": false,
            "lease_price_list": [
                {
                    "lease": null,
                    "price": 304100
                }
            ],
            "unit": 795
        }
    ],
    "block_code": {
        "block_num": "443C",
        "contract": "C8",
        "neighbourhood": "N4"
    },
    "dpd_date": "28 Feb 2019",
    "flat_type": "4-Room",
    "lcd_date": "-",
    "pcd_date": "07/2017",
    "quota_chinese": 13,
    "quota_malay": 4,
    "quota_other": 1,
    "street": "BT BATOK WEST AVE 8",
    "town": "Bukit Batok"
},
{
    "apartments": [
        {
            "area": 92.0,
            "floor": 2,
            "is_repurchased": false,
            "lease_price_list": [
                {
                    "lease": null,
                    "price": 272500
                }
            ],
            "unit": 781
        },
        {
            "area": 92.0,
            "floor": 3,
            "is_repurchased": false,
            "lease_price_list": [
                {
                    "lease": null,
                    "price": 282500
                }
            ],
            "unit": 781
        },
        {
            "area": 92.0,
            "floor": 2,
            "is_repurchased": false,
            "lease_price_list": [
                {
                    "lease": null,
                    "price": 283600
                }
            ],
            "unit": 783
        },
        {
            "area": 92.0,
            "floor": 3,
            "is_repurchased": false,
            "lease_price_list": [
                {
                    "lease": null,
                    "price": 288100
                }
            ],
            "unit": 783
        },
        {
            "area": 92.0,
            "floor": 4,
            "is_repurchased": false,
            "lease_price_list": [
                {
                    "lease": null,
                    "price": 292600
                }
            ],
            "unit": 783
        },
        {
            "area": 92.0,
            "floor": 2,
            "is_repurchased": false,
            "lease_price_list": [
                {
                    "lease": null,
                    "price": 283600
                }
            ],
            "unit": 785
        },
        {
            "area": 92.0,
            "floor": 3,
            "is_repurchased": false,
            "lease_price_list": [
                {
                    "lease": null,
                    "price": 288100
                }
            ],
            "unit": 785
        },
        {
            "area": 92.0,
            "floor": 4,
            "is_repurchased": false,
            "lease_price_list": [
                {
                    "lease": null,
                    "price": 292600
                }
            ],
            "unit": 785
        },
        {
            "area": 92.0,
            "floor": 5,
            "is_repurchased": false,
            "lease_price_list": [
                {
                    "lease": null,
                    "price": 297100
                }
            ],
            "unit": 785
        }
    ],
    "block_code": {
        "block_num": "443D",
        "contract": "C8",
        "neighbourhood": "N4"
    },
    "dpd_date": "28 Feb 2019",
    "flat_type": "4-Room",
    "lcd_date": "-",
    "pcd_date": "05/2017",
    "quota_chinese": 9,
    "quota_malay": 4,
    "quota_other": 0,
    "street": "BT BATOK WEST AVE 8",
    "town": "Bukit Batok"
},
{
    "apartments": [
        {
            "area": 92.0,
            "floor": 6,
            "is_repurchased": false,
            "lease_price_list": [
                {
                    "lease": null,
                    "price": 315100
                }
            ],
            "unit": 417
        },
        {
            "area": 92.0,
            "floor": 6,
            "is_repurchased": false,
            "lease_price_list": [
                {
                    "lease": null,
                    "price": 304700
                }
            ],
            "unit": 421
        },
        {
            "area": 92.0,
            "floor": 16,
            "is_repurchased": false,
            "lease_price_list": [
                {
                    "lease": null,
                    "price": 335500
                }
            ],
            "unit": 421
        },
        {
            "area": 92.0,
            "floor": 13,
            "is_repurchased": false,
            "lease_price_list": [
                {
                    "lease": null,
                    "price": 328600
                }
            ],
            "unit": 425
        },
        {
            "area": 92.0,
            "floor": 19,
            "is_repurchased": false,
            "lease_price_list": [
                {
                    "lease": null,
                    "price": 342900
                }
            ],
            "unit": 425
        }
    ],
    "block_code": {
        "block_num": "445A",
        "contract": "C13",
        "neighbourhood": "N4"
    },
    "dpd_date": "31 Dec 2018",
    "flat_type": "4-Room",
    "lcd_date": "-",
    "pcd_date": "4Q/2017",
    "quota_chinese": 5,
    "quota_malay": 5,
    "quota_other": 5,
    "street": "BT BATOK WEST AVE 8",
    "town": "Bukit Batok"
},
{
    "apartments": [
        {
            "area": 92.0,
            "floor": 17,
            "is_repurchased": false,
            "lease_price_list": [
                {
                    "lease": null,
                    "price": 329100
                }
            ],
            "unit": 447
        },
        {
            "area": 92.0,
            "floor": 21,
            "is_repurchased": false,
            "lease_price_list": [
                {
                    "lease": null,
                    "price": 333800
                }
            ],
            "unit": 447
        }
    ],
    "block_code": {
        "block_num": "445B",
        "contract": "C13",
        "neighbourhood": "N4"
    },
    "dpd_date": "31 Dec 2018",
    "flat_type": "4-Room",
    "lcd_date": "-",
    "pcd_date": "4Q/2017",
    "quota_chinese": 2,
    "quota_malay": 2,
    "quota_other": 2,
    "street": "BT BATOK WEST AVE 8",
    "town": "Bukit Batok"
},
{
    "apartments": [
        {
            "area": 92.0,
            "floor": 13,
            "is_repurchased": false,
            "lease_price_list": [
                {
                    "lease": null,
                    "price": 318700
                }
            ],
            "unit": 409
        }
    ],
    "block_code": {
        "block_num": "446A",
        "contract": "C13",
        "neighbourhood": "N4"
    },
    "dpd_date": "31 Dec 2018",
    "flat_type": "4-Room",
    "lcd_date": "-",
    "pcd_date": "08/2017",
    "quota_chinese": 1,
    "quota_malay": 1,
    "quota_other": 1,
    "street": "BT BATOK WEST AVE 8",
    "town": "Bukit Batok"
},
{
    "apartments": [
        {
            "area": 93.0,
            "floor": 2,
            "is_repurchased": false,
            "lease_price_list": [
                {
                    "lease": null,
                    "price": 264500
                }
            ],
            "unit": 52
        },
        {
            "area": 93.0,
            "floor": 5,
            "is_repurchased": false,
            "lease_price_list": [
                {
                    "lease": null,
                    "price": 283300
                }
            ],
            "unit": 52
        }
    ],
    "block_code": {
        "block_num": "448C",
        "contract": "C14",
        "neighbourhood": "N4"
    },
    "dpd_date": "28 Feb 2019",
    "flat_type": "4-Room",
    "lcd_date": "-",
    "pcd_date": "1Q/2018",
    "quota_chinese": 2,
    "quota_malay": 2,
    "quota_other": 0,
    "street": "BT BATOK WEST AVE 9",
    "town": "Bukit Batok"
},
{
    "apartments": [
        {
            "area": 93.0,
            "floor": 14,
            "is_repurchased": false,
            "lease_price_list": [
                {
                    "lease": null,
                    "price": 306700
                }
            ],
            "unit": 66
        },
        {
            "area": 93.0,
            "floor": 16,
            "is_repurchased": false,
            "lease_price_list": [
                {
                    "lease": null,
                    "price": 310100
                }
            ],
            "unit": 66
        },
        {
            "area": 93.0,
            "floor": 2,
            "is_repurchased": false,
            "lease_price_list": [
                {
                    "lease": null,
                    "price": 269200
                }
            ],
            "unit": 68
        },
        {
            "area": 93.0,
            "floor": 2,
            "is_repurchased": false,
            "lease_price_list": [
                {
                    "lease": null,
                    "price": 269800
                }
            ],
            "unit": 70
        },
        {
            "area": 93.0,
            "floor": 2,
            "is_repurchased": false,
            "lease_price_list": [
                {
                    "lease": null,
                    "price": 269800
                }
            ],
            "unit": 72
        },
        {
            "area": 93.0,
            "floor": 2,
            "is_repurchased": false,
            "lease_price_list": [
                {
                    "lease": null,
                    "price": 269800
                }
            ],
            "unit": 76
        },
        {
            "area": 93.0,
            "floor": 12,
            "is_repurchased": false,
            "lease_price_list": [
                {
                    "lease": null,
                    "price": 298800
                }
            ],
            "unit": 76
        },
        {
            "area": 93.0,
            "floor": 2,
            "is_repurchased": false,
            "lease_price_list": [
                {
                    "lease": null,
                    "price": 269800
                }
            ],
            "unit": 78
        },
        {
            "area": 93.0,
            "floor": 5,
            "is_repurchased": false,
            "lease_price_list": [
                {
                    "lease": null,
                    "price": 287800
                }
            ],
            "unit": 78
        },
        {
            "area": 93.0,
            "floor": 18,
            "is_repurchased": false,
            "lease_price_list": [
                {
                    "lease": null,
                    "price": 310900
                }
            ],
            "unit": 78
        }
    ],
    "block_code": {
        "block_num": "449A",
        "contract": "C14",
        "neighbourhood": "N4"
    },
    "dpd_date": "28 Feb 2019",
    "flat_type": "4-Room",
    "lcd_date": "-",
    "pcd_date": "1Q/2018",
    "quota_chinese": 10,
    "quota_malay": 10,
    "quota_other": 8,
    "street": "BT BATOK WEST AVE 9",
    "town": "Bukit Batok"
},
{
    "apartments": [
        {
            "area": 93.0,
            "floor": 3,
            "is_repurchased": false,
            "lease_price_list": [
                {
                    "lease": null,
                    "price": 273700
                }
            ],
            "unit": 80
        },
        {
            "area": 93.0,
            "floor": 2,
            "is_repurchased": false,
            "lease_price_list": [
                {
                    "lease": null,
                    "price": 269800
                }
            ],
            "unit": 84
        },
        {
            "area": 93.0,
            "floor": 7,
            "is_repurchased": false,
            "lease_price_list": [
                {
                    "lease": null,
                    "price": 295000
                }
            ],
            "unit": 84
        },
        {
            "area": 93.0,
            "floor": 8,
            "is_repurchased": false,
            "lease_price_list": [
                {
                    "lease": null,
                    "price": 303600
                }
            ],
            "unit": 86
        },
        {
            "area": 93.0,
            "floor": 15,
            "is_repurchased": false,
            "lease_price_list": [
                {
                    "lease": null,
                    "price": 308100
                }
            ],
            "unit": 88
        },
        {
            "area": 93.0,
            "floor": 2,
            "is_repurchased": false,
            "lease_price_list": [
                {
                    "lease": null,
                    "price": 269800
                }
            ],
            "unit": 90
        },
        {
            "area": 93.0,
            "floor": 19,
            "is_repurchased": false,
            "lease_price_list": [
                {
                    "lease": null,
                    "price": 307200
                }
            ],
            "unit": 90
        },
        {
            "area": 93.0,
            "floor": 2,
            "is_repurchased": false,
            "lease_price_list": [
                {
                    "lease": null,
                    "price": 264500
                }
            ],
            "unit": 92
        },
        {
            "area": 93.0,
            "floor": 12,
            "is_repurchased": false,
            "lease_price_list": [
                {
                    "lease": null,
                    "price": 304500
                }
            ],
            "unit": 92
        },
        {
            "area": 93.0,
            "floor": 13,
            "is_repurchased": false,
            "lease_price_list": [
                {
                    "lease": null,
                    "price": 311200
                }
            ],
            "unit": 96
        },
        {
            "area": 93.0,
            "floor": 2,
            "is_repurchased": false,
            "lease_price_list": [
                {
                    "lease": null,
                    "price": 269800
                }
            ],
            "unit": 98
        }
    ],
    "block_code": {
        "block_num": "449B",
        "contract": "C14",
        "neighbourhood": "N4"
    },
    "dpd_date": "28 Feb 2019",
    "flat_type": "4-Room",
    "lcd_date": "-",
    "pcd_date": "1Q/2018",
    "quota_chinese": 11,
    "quota_malay": 11,
    "quota_other": 0,
    "street": "BT BATOK WEST AVE 9",
    "town": "Bukit Batok"
},
{
    "apartments": [
        {
            "area": 93.0,
            "floor": 5,
            "is_repurchased": false,
            "lease_price_list": [
                {
                    "lease": null,
                    "price": 312400
                }
            ],
            "unit": 605
        }
    ],
    "block_code": {
        "block_num": "450B",
        "contract": "C16",
        "neighbourhood": "N4"
    },
    "dpd_date": "28 Feb 2019",
    "flat_type": "4-Room",
    "lcd_date": "-",
    "pcd_date": "1Q/2018",
    "quota_chinese": 1,
    "quota_malay": 1,
    "quota_other": 1,
    "street": "BT BATOK WEST AVE 6",
    "town": "Bukit Batok"
},
{
    "apartments": [
        {
            "area": 93.0,
            "floor": 11,
            "is_repurchased": false,
            "lease_price_list": [
                {
                    "lease": null,
                    "price": 321900
                }
            ],
            "unit": 619
        },
        {
            "area": 93.0,
            "floor": 15,
            "is_repurchased": false,
            "lease_price_list": [
                {
                    "lease": null,
                    "price": 327500
                }
            ],
            "unit": 635
        }
    ],
    "block_code": {
        "block_num": "450C",
        "contract": "C16",
        "neighbourhood": "N4"
    },
    "dpd_date": "28 Feb 2019",
    "flat_type": "4-Room",
    "lcd_date": "-",
    "pcd_date": "1Q/2018",
    "quota_chinese": 2,
    "quota_malay": 2,
    "quota_other": 2,
    "street": "BT BATOK WEST AVE 6",
    "town": "Bukit Batok"
},
{
    "apartments": [
        {
            "area": 93.0,
            "floor": 12,
            "is_repurchased": false,
            "lease_price_list": [
                {
                    "lease": null,
                    "price": 328800
                }
            ],
            "unit": 689
        },
        {
            "area": 93.0,
            "floor": 14,
            "is_repurchased": false,
            "lease_price_list": [
                {
                    "lease": null,
                    "price": 336800
                }
            ],
            "unit": 693
        }
    ],
    "block_code": {
        "block_num": "451B",
        "contract": "C16",
        "neighbourhood": "N4"
    },
    "dpd_date": "28 Feb 2019",
    "flat_type": "4-Room",
    "lcd_date": "-",
    "pcd_date": "1Q/2018",
    "quota_chinese": 2,
    "quota_malay": 2,
    "quota_other": 2,
    "street": "BT BATOK WEST AVE 6",
    "town": "Bukit Batok"
},
{
    "apartments": [
        {
            "area": 93.0,
            "floor": 14,
            "is_repurchased": false,
            "lease_price_list": [
                {
                    "lease": null,
                    "price": 331300
                }
            ],
            "unit": 733
        },
        {
            "area": 93.0,
            "floor": 3,
            "is_repurchased": false,
            "lease_price_list": [
                {
                    "lease": null,
                    "price": 303400
                }
            ],
            "unit": 735
        },
        {
            "area": 93.0,
            "floor": 5,
            "is_repurchased": false,
            "lease_price_list": [
                {
                    "lease": null,
                    "price": 307200
                }
            ],
            "unit": 735
        },
        {
            "area": 93.0,
            "floor": 5,
            "is_repurchased": false,
            "lease_price_list": [
                {
                    "lease": null,
                    "price": 312400
                }
            ],
            "unit": 737
        },
        {
            "area": 93.0,
            "floor": 9,
            "is_repurchased": false,
            "lease_price_list": [
                {
                    "lease": null,
                    "price": 324300
                }
            ],
            "unit": 737
        }
    ],
    "block_code": {
        "block_num": "452A",
        "contract": "C16",
        "neighbourhood": "N4"
    },
    "dpd_date": "28 Feb 2019",
    "flat_type": "4-Room",
    "lcd_date": "-",
    "pcd_date": "1Q/2018",
    "quota_chinese": 5,
    "quota_malay": 5,
    "quota_other": 5,
    "street": "BT BATOK WEST AVE 6",
    "town": "Bukit Batok"
},
{
    "apartments": [
        {
            "area": 93.0,
            "floor": 17,
            "is_repurchased": false,
            "lease_price_list": [
                {
                    "lease": null,
                    "price": 330000
                }
            ],
            "unit": 751
        }
    ],
    "block_code": {
        "block_num": "453A",
        "contract": "C16",
        "neighbourhood": "N4"
    },
    "dpd_date": "28 Feb 2019",
    "flat_type": "4-Room",
    "lcd_date": "-",
    "pcd_date": "1Q/2018",
    "quota_chinese": 1,
    "quota_malay": 1,
    "quota_other": 1,
    "street": "BT BATOK WEST AVE 6",
    "town": "Bukit Batok"
},
{
    "apartments": [
        {
            "area": 93.0,
            "floor": 10,
            "is_repurchased": false,
            "lease_price_list": [
                {
                    "lease": null,
                    "price": 326000
                }
            ],
            "unit": 765
        },
        {
            "area": 93.0,
            "floor": 15,
            "is_repurchased": false,
            "lease_price_list": [
                {
                    "lease": null,
                    "price": 333000
                }
            ],
            "unit": 769
        }
    ],
    "block_code": {
        "block_num": "453B",
        "contract": "C16",
        "neighbourhood": "N4"
    },
    "dpd_date": "28 Feb 2019",
    "flat_type": "4-Room",
    "lcd_date": "-",
    "pcd_date": "1Q/2018",
    "quota_chinese": 2,
    "quota_malay": 2,
    "quota_other": 2,
    "street": "BT BATOK WEST AVE 6",
    "town": "Bukit Batok"
},
{
    "apartments": [
        {
            "area": 93.0,
            "floor": 2,
            "is_repurchased": false,
            "lease_price_list": [
                {
                    "lease": null,
                    "price": 275500
                }
            ],
            "unit": 21
        },
        {
            "area": 93.0,
            "floor": 5,
            "is_repurchased": false,
            "lease_price_list": [
                {
                    "lease": null,
                    "price": 299600
                }
            ],
            "unit": 21
        },
        {
            "area": 93.0,
            "floor": 12,
            "is_repurchased": false,
            "lease_price_list": [
                {
                    "lease": null,
                    "price": 315700
                }
            ],
            "unit": 25
        }
    ],
    "block_code": {
        "block_num": "460A",
        "contract": "C12",
        "neighbourhood": "N4"
    },
    "dpd_date": "30 Apr 2020",
    "flat_type": "4-Room",
    "lcd_date": "-",
    "pcd_date": "2Q/2019",
    "quota_chinese": 3,
    "quota_malay": 2,
    "quota_other": 3,
    "street": "BT BATOK WEST AVE 9",
    "town": "Bukit Batok"
},
{
    "apartments": [
        {
            "area": 93.0,
            "floor": 9,
            "is_repurchased": false,
            "lease_price_list": [
                {
                    "lease": null,
                    "price": 311500
                }
            ],
            "unit": 51
        }
    ],
    "block_code": {
        "block_num": "460C",
        "contract": "C12",
        "neighbourhood": "N4"
    },
    "dpd_date": "30 Apr 2020",
    "flat_type": "4-Room",
    "lcd_date": "-",
    "pcd_date": "2Q/2019",
    "quota_chinese": 1,
    "quota_malay": 1,
    "quota_other": 1,
    "street": "BT BATOK WEST AVE 9",
    "town": "Bukit Batok"
},
{
    "apartments": [
        {
            "area": 93.0,
            "floor": 2,
            "is_repurchased": false,
            "lease_price_list": [
                {
                    "lease": null,
                    "price": 286100
                }
            ],
            "unit": 79
        },
        {
            "area": 93.0,
            "floor": 5,
            "is_repurchased": false,
            "lease_price_list": [
                {
                    "lease": null,
                    "price": 299600
                }
            ],
            "unit": 81
        },
        {
            "area": 93.0,
            "floor": 16,
            "is_repurchased": false,
            "lease_price_list": [
                {
                    "lease": null,
                    "price": 325900
                }
            ],
            "unit": 81
        }
    ],
    "block_code": {
        "block_num": "460D",
        "contract": "C12",
        "neighbourhood": "N4"
    },
    "dpd_date": "30 Apr 2020",
    "flat_type": "4-Room",
    "lcd_date": "-",
    "pcd_date": "2Q/2019",
    "quota_chinese": 3,
    "quota_malay": 3,
    "quota_other": 3,
    "street": "BT BATOK WEST AVE 9",
    "town": "Bukit Batok"
},
{
    "apartments": [
        {
            "area": 93.0,
            "floor": 12,
            "is_repurchased": false,
            "lease_price_list": [
                {
                    "lease": null,
                    "price": 330200
                }
            ],
            "unit": 704
        },
        {
            "area": 93.0,
            "floor": 10,
            "is_repurchased": false,
            "lease_price_list": [
                {
                    "lease": null,
                    "price": 327400
                }
            ],
            "unit": 708
        },
        {
            "area": 93.0,
            "floor": 8,
            "is_repurchased": false,
            "lease_price_list": [
                {
                    "lease": null,
                    "price": 319100
                }
            ],
            "unit": 710
        }
    ],
    "block_code": {
        "block_num": "461A",
        "contract": "C10",
        "neighbourhood": "N4"
    },
    "dpd_date": "31 Aug 2019",
    "flat_type": "4-Room",
    "lcd_date": "-",
    "pcd_date": "3Q/2018",
    "quota_chinese": 3,
    "quota_malay": 3,
    "quota_other": 2,
    "street": "BT BATOK WEST AVE 8",
    "town": "Bukit Batok"
},
{
    "apartments": [
        {
            "area": 93.0,
            "floor": 5,
            "is_repurchased": false,
            "lease_price_list": [
                {
                    "lease": null,
                    "price": 308500
                }
            ],
            "unit": 720
        },
        {
            "area": 93.0,
            "floor": 9,
            "is_repurchased": false,
            "lease_price_list": [
                {
                    "lease": null,
                    "price": 320400
                }
            ],
            "unit": 722
        }
    ],
    "block_code": {
        "block_num": "461B",
        "contract": "C10",
        "neighbourhood": "N4"
    },
    "dpd_date": "31 Aug 2019",
    "flat_type": "4-Room",
    "lcd_date": "-",
    "pcd_date": "3Q/2018",
    "quota_chinese": 2,
    "quota_malay": 2,
    "quota_other": 1,
    "street": "BT BATOK WEST AVE 8",
    "town": "Bukit Batok"
},
{
    "apartments": [
        {
            "area": 93.0,
            "floor": 7,
            "is_repurchased": false,
            "lease_price_list": [
                {
                    "lease": null,
                    "price": 310100
                }
            ],
            "unit": 754
        }
    ],
    "block_code": {
        "block_num": "461D",
        "contract": "C10",
        "neighbourhood": "N4"
    },
    "dpd_date": "31 Aug 2019",
    "flat_type": "4-Room",
    "lcd_date": "-",
    "pcd_date": "3Q/2018",
    "quota_chinese": 1,
    "quota_malay": 1,
    "quota_other": 1,
    "street": "BT BATOK WEST AVE 8",
    "town": "Bukit Batok"
}]
