[{
    "apartments": [
        {
            "area": 115.0,
            "floor": 6,
            "is_repurchased": false,
            "lease_price_list": [
                {
                    "lease": null,
                    "price": 462700
                }
            ],
            "unit": 211
        },
        {
            "area": 115.0,
            "floor": 30,
            "is_repurchased": false,
            "lease_price_list": [
                {
                    "lease": null,
                    "price": 523100
                }
            ],
            "unit": 211
        },
        {
            "area": 112.0,
            "floor": 31,
            "is_repurchased": false,
            "lease_price_list": [
                {
                    "lease": null,
                    "price": 509200
                }
            ],
            "unit": 217
        }
    ],
    "block_code": {
        "block_num": "194A",
        "contract": "C13",
        "neighbourhood": "N1"
    },
    "dpd_date": "NA (Keys Available)",
    "flat_type": "5-Room",
    "lcd_date": "01 Jul 2017",
    "pcd_date": "-",
    "quota_chinese": 3,
    "quota_malay": 3,
    "quota_other": 3,
    "street": "BT BATOK WEST AVE 6",
    "town": "Bukit Batok"
},
{
    "apartments": [
        {
            "area": 115.0,
            "floor": 19,
            "is_repurchased": false,
            "lease_price_list": [
                {
                    "lease": null,
                    "price": 493900
                }
            ],
            "unit": 239
        },
        {
            "area": 115.0,
            "floor": 25,
            "is_repurchased": false,
            "lease_price_list": [
                {
                    "lease": null,
                    "price": 494800
                }
            ],
            "unit": 239
        }
    ],
    "block_code": {
        "block_num": "194B",
        "contract": "C13",
        "neighbourhood": "N1"
    },
    "dpd_date": "NA (Keys Available)",
    "flat_type": "5-Room",
    "lcd_date": "01 Jul 2017",
    "pcd_date": "-",
    "quota_chinese": 2,
    "quota_malay": 2,
    "quota_other": 2,
    "street": "BT BATOK WEST AVE 6",
    "town": "Bukit Batok"
},
{
    "apartments": [
        {
            "area": 113.0,
            "floor": 17,
            "is_repurchased": false,
            "lease_price_list": [
                {
                    "lease": null,
                    "price": 470900
                }
            ],
            "unit": 224
        },
        {
            "area": 113.0,
            "floor": 2,
            "is_repurchased": false,
            "lease_price_list": [
                {
                    "lease": null,
                    "price": 415300
                }
            ],
            "unit": 226
        }
    ],
    "block_code": {
        "block_num": "292B",
        "contract": "C22",
        "neighbourhood": "N2"
    },
    "dpd_date": "31 Dec 2018",
    "flat_type": "5-Room",
    "lcd_date": "-",
    "pcd_date": "10/2017",
    "quota_chinese": 2,
    "quota_malay": 2,
    "quota_other": 2,
    "street": "BT BATOK EAST AVE 6",
    "town": "Bukit Batok"
},
{
    "apartments": [
        {
            "area": 113.0,
            "floor": 30,
            "is_repurchased": false,
            "lease_price_list": [
                {
                    "lease": null,
                    "price": 507500
                }
            ],
            "unit": 232
        }
    ],
    "block_code": {
        "block_num": "292C",
        "contract": "C22",
        "neighbourhood": "N2"
    },
    "dpd_date": "31 Dec 2018",
    "flat_type": "5-Room",
    "lcd_date": "-",
    "pcd_date": "10/2017",
    "quota_chinese": 1,
    "quota_malay": 1,
    "quota_other": 1,
    "street": "BT BATOK EAST AVE 6",
    "town": "Bukit Batok"
},
{
    "apartments": [
        {
            "area": 113.0,
            "floor": 3,
            "is_repurchased": false,
            "lease_price_list": [
                {
                    "lease": null,
                    "price": 423100
                }
            ],
            "unit": 500
        },
        {
            "area": 113.0,
            "floor": 23,
            "is_repurchased": false,
            "lease_price_list": [
                {
                    "lease": null,
                    "price": 484400
                }
            ],
            "unit": 500
        }
    ],
    "block_code": {
        "block_num": "293A",
        "contract": "C22",
        "neighbourhood": "N2"
    },
    "dpd_date": "31 Dec 2018",
    "flat_type": "5-Room",
    "lcd_date": "-",
    "pcd_date": "10/2017",
    "quota_chinese": 2,
    "quota_malay": 2,
    "quota_other": 2,
    "street": "BT BATOK ST 21",
    "town": "Bukit Batok"
},
{
    "apartments": [
        {
            "area": 113.0,
            "floor": 39,
            "is_repurchased": false,
            "lease_price_list": [
                {
                    "lease": null,
                    "price": 528000
                }
            ],
            "unit": 520
        }
    ],
    "block_code": {
        "block_num": "293B",
        "contract": "C22",
        "neighbourhood": "N2"
    },
    "dpd_date": "31 Dec 2018",
    "flat_type": "5-Room",
    "lcd_date": "-",
    "pcd_date": "10/2017",
    "quota_chinese": 1,
    "quota_malay": 1,
    "quota_other": 1,
    "street": "BT BATOK ST 21",
    "town": "Bukit Batok"
},
{
    "apartments": [
        {
            "area": 113.0,
            "floor": 13,
            "is_repurchased": false,
            "lease_price_list": [
                {
                    "lease": null,
                    "price": 470600
                }
            ],
            "unit": 524
        }
    ],
    "block_code": {
        "block_num": "293C",
        "contract": "C22",
        "neighbourhood": "N2"
    },
    "dpd_date": "31 Dec 2018",
    "flat_type": "5-Room",
    "lcd_date": "-",
    "pcd_date": "09/2017",
    "quota_chinese": 1,
    "quota_malay": 1,
    "quota_other": 1,
    "street": "BT BATOK ST 21",
    "town": "Bukit Batok"
},
{
    "apartments": [
        {
            "area": 113.0,
            "floor": 38,
            "is_repurchased": false,
            "lease_price_list": [
                {
                    "lease": null,
                    "price": 526700
                }
            ],
            "unit": 60
        }
    ],
    "block_code": {
        "block_num": "296A",
        "contract": "C23",
        "neighbourhood": "N2"
    },
    "dpd_date": "NA (Keys Available)",
    "flat_type": "5-Room",
    "lcd_date": "01 Mar 2018",
    "pcd_date": "-",
    "quota_chinese": 1,
    "quota_malay": 1,
    "quota_other": 1,
    "street": "BT BATOK ST 22",
    "town": "Bukit Batok"
},
{
    "apartments": [
        {
            "area": 113.0,
            "floor": 6,
            "is_repurchased": false,
            "lease_price_list": [
                {
                    "lease": null,
                    "price": 479700
                }
            ],
            "unit": 94
        },
        {
            "area": 113.0,
            "floor": 16,
            "is_repurchased": false,
            "lease_price_list": [
                {
                    "lease": null,
                    "price": 497000
                }
            ],
            "unit": 94
        }
    ],
    "block_code": {
        "block_num": "296C",
        "contract": "C23",
        "neighbourhood": "N2"
    },
    "dpd_date": "NA (Keys Available)",
    "flat_type": "5-Room",
    "lcd_date": "01 Mar 2018",
    "pcd_date": "-",
    "quota_chinese": 2,
    "quota_malay": 2,
    "quota_other": 2,
    "street": "BT BATOK ST 22",
    "town": "Bukit Batok"
},
{
    "apartments": [
        {
            "area": 113.0,
            "floor": 6,
            "is_repurchased": false,
            "lease_price_list": [
                {
                    "lease": null,
                    "price": 389800
                }
            ],
            "unit": 904
        }
    ],
    "block_code": {
        "block_num": "437A",
        "contract": "C5",
        "neighbourhood": "N4"
    },
    "dpd_date": "31 Jan 2020",
    "flat_type": "5-Room",
    "lcd_date": "-",
    "pcd_date": "1Q/2019",
    "quota_chinese": 1,
    "quota_malay": 0,
    "quota_other": 1,
    "street": "BT BATOK WEST AVE 5",
    "town": "Bukit Batok"
},
{
    "apartments": [
        {
            "area": 113.0,
            "floor": 4,
            "is_repurchased": false,
            "lease_price_list": [
                {
                    "lease": null,
                    "price": 385800
                }
            ],
            "unit": 947
        },
        {
            "area": 113.0,
            "floor": 12,
            "is_repurchased": false,
            "lease_price_list": [
                {
                    "lease": null,
                    "price": 411700
                }
            ],
            "unit": 947
        }
    ],
    "block_code": {
        "block_num": "439C",
        "contract": "C5",
        "neighbourhood": "N4"
    },
    "dpd_date": "31 Jan 2020",
    "flat_type": "5-Room",
    "lcd_date": "-",
    "pcd_date": "1Q/2019",
    "quota_chinese": 2,
    "quota_malay": 0,
    "quota_other": 0,
    "street": "BT BATOK WEST AVE 8",
    "town": "Bukit Batok"
},
{
    "apartments": [
        {
            "area": 112.0,
            "floor": 2,
            "is_repurchased": false,
            "lease_price_list": [
                {
                    "lease": null,
                    "price": 386700
                }
            ],
            "unit": 723
        },
        {
            "area": 112.0,
            "floor": 3,
            "is_repurchased": false,
            "lease_price_list": [
                {
                    "lease": null,
                    "price": 392700
                }
            ],
            "unit": 723
        },
        {
            "area": 112.0,
            "floor": 4,
            "is_repurchased": false,
            "lease_price_list": [
                {
                    "lease": null,
                    "price": 398700
                }
            ],
            "unit": 723
        },
        {
            "area": 112.0,
            "floor": 5,
            "is_repurchased": false,
            "lease_price_list": [
                {
                    "lease": null,
                    "price": 404700
                }
            ],
            "unit": 723
        },
        {
            "area": 112.0,
            "floor": 2,
            "is_repurchased": false,
            "lease_price_list": [
                {
                    "lease": null,
                    "price": 379200
                }
            ],
            "unit": 725
        },
        {
            "area": 112.0,
            "floor": 3,
            "is_repurchased": false,
            "lease_price_list": [
                {
                    "lease": null,
                    "price": 385200
                }
            ],
            "unit": 725
        },
        {
            "area": 112.0,
            "floor": 4,
            "is_repurchased": false,
            "lease_price_list": [
                {
                    "lease": null,
                    "price": 391200
                }
            ],
            "unit": 725
        },
        {
            "area": 112.0,
            "floor": 2,
            "is_repurchased": false,
            "lease_price_list": [
                {
                    "lease": null,
                    "price": 379500
                }
            ],
            "unit": 727
        },
        {
            "area": 112.0,
            "floor": 3,
            "is_repurchased": false,
            "lease_price_list": [
                {
                    "lease": null,
                    "price": 385500
                }
            ],
            "unit": 727
        },
        {
            "area": 112.0,
            "floor": 2,
            "is_repurchased": false,
            "lease_price_list": [
                {
                    "lease": null,
                    "price": 386700
                }
            ],
            "unit": 733
        },
        {
            "area": 112.0,
            "floor": 4,
            "is_repurchased": false,
            "lease_price_list": [
                {
                    "lease": null,
                    "price": 398700
                }
            ],
            "unit": 733
        },
        {
            "area": 112.0,
            "floor": 5,
            "is_repurchased": false,
            "lease_price_list": [
                {
                    "lease": null,
                    "price": 404700
                }
            ],
            "unit": 733
        }
    ],
    "block_code": {
        "block_num": "440B",
        "contract": "C8",
        "neighbourhood": "N4"
    },
    "dpd_date": "28 Feb 2019",
    "flat_type": "5-Room",
    "lcd_date": "-",
    "pcd_date": "4Q/2017",
    "quota_chinese": 12,
    "quota_malay": 8,
    "quota_other": 11,
    "street": "BT BATOK WEST AVE 8",
    "town": "Bukit Batok"
},
{
    "apartments": [
        {
            "area": 112.0,
            "floor": 2,
            "is_repurchased": false,
            "lease_price_list": [
                {
                    "lease": null,
                    "price": 386700
                }
            ],
            "unit": 743
        },
        {
            "area": 112.0,
            "floor": 3,
            "is_repurchased": false,
            "lease_price_list": [
                {
                    "lease": null,
                    "price": 392700
                }
            ],
            "unit": 743
        },
        {
            "area": 112.0,
            "floor": 4,
            "is_repurchased": false,
            "lease_price_list": [
                {
                    "lease": null,
                    "price": 398700
                }
            ],
            "unit": 743
        },
        {
            "area": 112.0,
            "floor": 5,
            "is_repurchased": false,
            "lease_price_list": [
                {
                    "lease": null,
                    "price": 404700
                }
            ],
            "unit": 743
        },
        {
            "area": 112.0,
            "floor": 6,
            "is_repurchased": false,
            "lease_price_list": [
                {
                    "lease": null,
                    "price": 409200
                }
            ],
            "unit": 743
        },
        {
            "area": 112.0,
            "floor": 7,
            "is_repurchased": false,
            "lease_price_list": [
                {
                    "lease": null,
                    "price": 413700
                }
            ],
            "unit": 743
        },
        {
            "area": 112.0,
            "floor": 8,
            "is_repurchased": false,
            "lease_price_list": [
                {
                    "lease": null,
                    "price": 418200
                }
            ],
            "unit": 743
        },
        {
            "area": 112.0,
            "floor": 10,
            "is_repurchased": false,
            "lease_price_list": [
                {
                    "lease": null,
                    "price": 421400
                }
            ],
            "unit": 743
        },
        {
            "area": 112.0,
            "floor": 2,
            "is_repurchased": false,
            "lease_price_list": [
                {
                    "lease": null,
                    "price": 379500
                }
            ],
            "unit": 749
        },
        {
            "area": 112.0,
            "floor": 3,
            "is_repurchased": false,
            "lease_price_list": [
                {
                    "lease": null,
                    "price": 385500
                }
            ],
            "unit": 749
        },
        {
            "area": 112.0,
            "floor": 4,
            "is_repurchased": false,
            "lease_price_list": [
                {
                    "lease": null,
                    "price": 391500
                }
            ],
            "unit": 749
        },
        {
            "area": 112.0,
            "floor": 2,
            "is_repurchased": false,
            "lease_price_list": [
                {
                    "lease": null,
                    "price": 379200
                }
            ],
            "unit": 751
        },
        {
            "area": 112.0,
            "floor": 3,
            "is_repurchased": false,
            "lease_price_list": [
                {
                    "lease": null,
                    "price": 385200
                }
            ],
            "unit": 751
        },
        {
            "area": 112.0,
            "floor": 4,
            "is_repurchased": false,
            "lease_price_list": [
                {
                    "lease": null,
                    "price": 391200
                }
            ],
            "unit": 751
        },
        {
            "area": 112.0,
            "floor": 5,
            "is_repurchased": false,
            "lease_price_list": [
                {
                    "lease": null,
                    "price": 404700
                }
            ],
            "unit": 751
        },
        {
            "area": 112.0,
            "floor": 6,
            "is_repurchased": false,
            "lease_price_list": [
                {
                    "lease": null,
                    "price": 409200
                }
            ],
            "unit": 751
        },
        {
            "area": 112.0,
            "floor": 2,
            "is_repurchased": false,
            "lease_price_list": [
                {
                    "lease": null,
                    "price": 386700
                }
            ],
            "unit": 753
        },
        {
            "area": 112.0,
            "floor": 3,
            "is_repurchased": false,
            "lease_price_list": [
                {
                    "lease": null,
                    "price": 392700
                }
            ],
            "unit": 753
        },
        {
            "area": 112.0,
            "floor": 4,
            "is_repurchased": false,
            "lease_price_list": [
                {
                    "lease": null,
                    "price": 398700
                }
            ],
            "unit": 753
        },
        {
            "area": 112.0,
            "floor": 5,
            "is_repurchased": false,
            "lease_price_list": [
                {
                    "lease": null,
                    "price": 404700
                }
            ],
            "unit": 753
        },
        {
            "area": 112.0,
            "floor": 6,
            "is_repurchased": false,
            "lease_price_list": [
                {
                    "lease": null,
                    "price": 409200
                }
            ],
            "unit": 753
        }
    ],
    "block_code": {
        "block_num": "440C",
        "contract": "C8",
        "neighbourhood": "N4"
    },
    "dpd_date": "28 Feb 2019",
    "flat_type": "5-Room",
    "lcd_date": "-",
    "pcd_date": "09/2017",
    "quota_chinese": 21,
    "quota_malay": 7,
    "quota_other": 13,
    "street": "BT BATOK WEST AVE 8",
    "town": "Bukit Batok"
},
{
    "apartments": [
        {
            "area": 112.0,
            "floor": 2,
            "is_repurchased": false,
            "lease_price_list": [
                {
                    "lease": null,
                    "price": 379200
                }
            ],
            "unit": 755
        },
        {
            "area": 112.0,
            "floor": 3,
            "is_repurchased": false,
            "lease_price_list": [
                {
                    "lease": null,
                    "price": 391300
                }
            ],
            "unit": 755
        },
        {
            "area": 112.0,
            "floor": 4,
            "is_repurchased": false,
            "lease_price_list": [
                {
                    "lease": null,
                    "price": 391200
                }
            ],
            "unit": 755
        },
        {
            "area": 112.0,
            "floor": 5,
            "is_repurchased": false,
            "lease_price_list": [
                {
                    "lease": null,
                    "price": 397200
                }
            ],
            "unit": 755
        },
        {
            "area": 112.0,
            "floor": 2,
            "is_repurchased": false,
            "lease_price_list": [
                {
                    "lease": null,
                    "price": 371700
                }
            ],
            "unit": 757
        },
        {
            "area": 112.0,
            "floor": 3,
            "is_repurchased": false,
            "lease_price_list": [
                {
                    "lease": null,
                    "price": 377700
                }
            ],
            "unit": 757
        },
        {
            "area": 112.0,
            "floor": 3,
            "is_repurchased": false,
            "lease_price_list": [
                {
                    "lease": null,
                    "price": 384100
                }
            ],
            "unit": 759
        },
        {
            "area": 112.0,
            "floor": 2,
            "is_repurchased": false,
            "lease_price_list": [
                {
                    "lease": null,
                    "price": 386700
                }
            ],
            "unit": 765
        },
        {
            "area": 112.0,
            "floor": 3,
            "is_repurchased": false,
            "lease_price_list": [
                {
                    "lease": null,
                    "price": 392700
                }
            ],
            "unit": 765
        },
        {
            "area": 112.0,
            "floor": 4,
            "is_repurchased": false,
            "lease_price_list": [
                {
                    "lease": null,
                    "price": 398700
                }
            ],
            "unit": 765
        },
        {
            "area": 112.0,
            "floor": 5,
            "is_repurchased": false,
            "lease_price_list": [
                {
                    "lease": null,
                    "price": 404700
                }
            ],
            "unit": 765
        },
        {
            "area": 112.0,
            "floor": 6,
            "is_repurchased": false,
            "lease_price_list": [
                {
                    "lease": null,
                    "price": 409200
                }
            ],
            "unit": 765
        },
        {
            "area": 112.0,
            "floor": 7,
            "is_repurchased": false,
            "lease_price_list": [
                {
                    "lease": null,
                    "price": 413700
                }
            ],
            "unit": 765
        },
        {
            "area": 112.0,
            "floor": 8,
            "is_repurchased": false,
            "lease_price_list": [
                {
                    "lease": null,
                    "price": 418200
                }
            ],
            "unit": 765
        },
        {
            "area": 112.0,
            "floor": 14,
            "is_repurchased": false,
            "lease_price_list": [
                {
                    "lease": null,
                    "price": 425400
                }
            ],
            "unit": 765
        }
    ],
    "block_code": {
        "block_num": "440D",
        "contract": "C8",
        "neighbourhood": "N4"
    },
    "dpd_date": "28 Feb 2019",
    "flat_type": "5-Room",
    "lcd_date": "-",
    "pcd_date": "09/2017",
    "quota_chinese": 15,
    "quota_malay": 5,
    "quota_other": 5,
    "street": "BT BATOK WEST AVE 8",
    "town": "Bukit Batok"
},
{
    "apartments": [
        {
            "area": 112.0,
            "floor": 2,
            "is_repurchased": false,
            "lease_price_list": [
                {
                    "lease": null,
                    "price": 394500
                }
            ],
            "unit": 917
        },
        {
            "area": 112.0,
            "floor": 3,
            "is_repurchased": false,
            "lease_price_list": [
                {
                    "lease": null,
                    "price": 400500
                }
            ],
            "unit": 917
        },
        {
            "area": 112.0,
            "floor": 4,
            "is_repurchased": false,
            "lease_price_list": [
                {
                    "lease": null,
                    "price": 406500
                }
            ],
            "unit": 917
        },
        {
            "area": 112.0,
            "floor": 13,
            "is_repurchased": false,
            "lease_price_list": [
                {
                    "lease": null,
                    "price": 432900
                }
            ],
            "unit": 917
        },
        {
            "area": 112.0,
            "floor": 2,
            "is_repurchased": false,
            "lease_price_list": [
                {
                    "lease": null,
                    "price": 387000
                }
            ],
            "unit": 919
        },
        {
            "area": 112.0,
            "floor": 3,
            "is_repurchased": false,
            "lease_price_list": [
                {
                    "lease": null,
                    "price": 393000
                }
            ],
            "unit": 919
        },
        {
            "area": 112.0,
            "floor": 4,
            "is_repurchased": false,
            "lease_price_list": [
                {
                    "lease": null,
                    "price": 399000
                }
            ],
            "unit": 919
        },
        {
            "area": 112.0,
            "floor": 5,
            "is_repurchased": false,
            "lease_price_list": [
                {
                    "lease": null,
                    "price": 412500
                }
            ],
            "unit": 919
        }
    ],
    "block_code": {
        "block_num": "441B",
        "contract": "C8",
        "neighbourhood": "N4"
    },
    "dpd_date": "28 Feb 2019",
    "flat_type": "5-Room",
    "lcd_date": "-",
    "pcd_date": "1Q/2018",
    "quota_chinese": 8,
    "quota_malay": 4,
    "quota_other": 6,
    "street": "BT BATOK WEST AVE 8",
    "town": "Bukit Batok"
},
{
    "apartments": [
        {
            "area": 112.0,
            "floor": 2,
            "is_repurchased": false,
            "lease_price_list": [
                {
                    "lease": null,
                    "price": 387000
                }
            ],
            "unit": 861
        },
        {
            "area": 112.0,
            "floor": 3,
            "is_repurchased": false,
            "lease_price_list": [
                {
                    "lease": null,
                    "price": 393000
                }
            ],
            "unit": 861
        },
        {
            "area": 112.0,
            "floor": 5,
            "is_repurchased": false,
            "lease_price_list": [
                {
                    "lease": null,
                    "price": 412500
                }
            ],
            "unit": 861
        },
        {
            "area": 112.0,
            "floor": 6,
            "is_repurchased": false,
            "lease_price_list": [
                {
                    "lease": null,
                    "price": 417000
                }
            ],
            "unit": 861
        },
        {
            "area": 112.0,
            "floor": 7,
            "is_repurchased": false,
            "lease_price_list": [
                {
                    "lease": null,
                    "price": 421500
                }
            ],
            "unit": 861
        },
        {
            "area": 112.0,
            "floor": 2,
            "is_repurchased": false,
            "lease_price_list": [
                {
                    "lease": null,
                    "price": 394500
                }
            ],
            "unit": 863
        },
        {
            "area": 112.0,
            "floor": 3,
            "is_repurchased": false,
            "lease_price_list": [
                {
                    "lease": null,
                    "price": 400500
                }
            ],
            "unit": 863
        },
        {
            "area": 112.0,
            "floor": 4,
            "is_repurchased": false,
            "lease_price_list": [
                {
                    "lease": null,
                    "price": 406500
                }
            ],
            "unit": 863
        },
        {
            "area": 112.0,
            "floor": 5,
            "is_repurchased": false,
            "lease_price_list": [
                {
                    "lease": null,
                    "price": 412500
                }
            ],
            "unit": 863
        },
        {
            "area": 112.0,
            "floor": 2,
            "is_repurchased": false,
            "lease_price_list": [
                {
                    "lease": null,
                    "price": 379500
                }
            ],
            "unit": 865
        },
        {
            "area": 112.0,
            "floor": 3,
            "is_repurchased": false,
            "lease_price_list": [
                {
                    "lease": null,
                    "price": 385500
                }
            ],
            "unit": 865
        },
        {
            "area": 112.0,
            "floor": 4,
            "is_repurchased": false,
            "lease_price_list": [
                {
                    "lease": null,
                    "price": 391500
                }
            ],
            "unit": 865
        },
        {
            "area": 112.0,
            "floor": 2,
            "is_repurchased": false,
            "lease_price_list": [
                {
                    "lease": null,
                    "price": 379200
                }
            ],
            "unit": 867
        },
        {
            "area": 112.0,
            "floor": 3,
            "is_repurchased": false,
            "lease_price_list": [
                {
                    "lease": null,
                    "price": 385200
                }
            ],
            "unit": 867
        },
        {
            "area": 112.0,
            "floor": 4,
            "is_repurchased": false,
            "lease_price_list": [
                {
                    "lease": null,
                    "price": 391200
                }
            ],
            "unit": 867
        },
        {
            "area": 112.0,
            "floor": 2,
            "is_repurchased": false,
            "lease_price_list": [
                {
                    "lease": null,
                    "price": 379200
                }
            ],
            "unit": 869
        },
        {
            "area": 112.0,
            "floor": 3,
            "is_repurchased": false,
            "lease_price_list": [
                {
                    "lease": null,
                    "price": 385200
                }
            ],
            "unit": 869
        },
        {
            "area": 112.0,
            "floor": 4,
            "is_repurchased": false,
            "lease_price_list": [
                {
                    "lease": null,
                    "price": 391200
                }
            ],
            "unit": 869
        },
        {
            "area": 112.0,
            "floor": 5,
            "is_repurchased": false,
            "lease_price_list": [
                {
                    "lease": null,
                    "price": 397200
                }
            ],
            "unit": 869
        },
        {
            "area": 112.0,
            "floor": 6,
            "is_repurchased": false,
            "lease_price_list": [
                {
                    "lease": null,
                    "price": 401700
                }
            ],
            "unit": 869
        },
        {
            "area": 112.0,
            "floor": 7,
            "is_repurchased": false,
            "lease_price_list": [
                {
                    "lease": null,
                    "price": 406200
                }
            ],
            "unit": 869
        },
        {
            "area": 112.0,
            "floor": 2,
            "is_repurchased": false,
            "lease_price_list": [
                {
                    "lease": null,
                    "price": 379200
                }
            ],
            "unit": 871
        },
        {
            "area": 112.0,
            "floor": 3,
            "is_repurchased": false,
            "lease_price_list": [
                {
                    "lease": null,
                    "price": 385200
                }
            ],
            "unit": 871
        },
        {
            "area": 112.0,
            "floor": 4,
            "is_repurchased": false,
            "lease_price_list": [
                {
                    "lease": null,
                    "price": 391200
                }
            ],
            "unit": 871
        },
        {
            "area": 112.0,
            "floor": 5,
            "is_repurchased": false,
            "lease_price_list": [
                {
                    "lease": null,
                    "price": 397200
                }
            ],
            "unit": 871
        },
        {
            "area": 112.0,
            "floor": 6,
            "is_repurchased": false,
            "lease_price_list": [
                {
                    "lease": null,
                    "price": 401700
                }
            ],
            "unit": 871
        },
        {
            "area": 112.0,
            "floor": 7,
            "is_repurchased": false,
            "lease_price_list": [
                {
                    "lease": null,
                    "price": 406200
                }
            ],
            "unit": 871
        },
        {
            "area": 112.0,
            "floor": 2,
            "is_repurchased": false,
            "lease_price_list": [
                {
                    "lease": null,
                    "price": 379200
                }
            ],
            "unit": 873
        },
        {
            "area": 112.0,
            "floor": 3,
            "is_repurchased": false,
            "lease_price_list": [
                {
                    "lease": null,
                    "price": 385200
                }
            ],
            "unit": 873
        },
        {
            "area": 112.0,
            "floor": 4,
            "is_repurchased": false,
            "lease_price_list": [
                {
                    "lease": null,
                    "price": 391200
                }
            ],
            "unit": 873
        },
        {
            "area": 112.0,
            "floor": 5,
            "is_repurchased": false,
            "lease_price_list": [
                {
                    "lease": null,
                    "price": 397200
                }
            ],
            "unit": 873
        },
        {
            "area": 112.0,
            "floor": 6,
            "is_repurchased": false,
            "lease_price_list": [
                {
                    "lease": null,
                    "price": 401700
                }
            ],
            "unit": 873
        },
        {
            "area": 112.0,
            "floor": 13,
            "is_repurchased": false,
            "lease_price_list": [
                {
                    "lease": null,
                    "price": 424800
                }
            ],
            "unit": 873
        }
    ],
    "block_code": {
        "block_num": "442A",
        "contract": "C8",
        "neighbourhood": "N4"
    },
    "dpd_date": "28 Feb 2019",
    "flat_type": "5-Room",
    "lcd_date": "-",
    "pcd_date": "4Q/2017",
    "quota_chinese": 33,
    "quota_malay": 9,
    "quota_other": 16,
    "street": "BT BATOK WEST AVE 8",
    "town": "Bukit Batok"
},
{
    "apartments": [
        {
            "area": 112.0,
            "floor": 2,
            "is_repurchased": false,
            "lease_price_list": [
                {
                    "lease": null,
                    "price": 394400
                }
            ],
            "unit": 849
        },
        {
            "area": 112.0,
            "floor": 3,
            "is_repurchased": false,
            "lease_price_list": [
                {
                    "lease": null,
                    "price": 400400
                }
            ],
            "unit": 849
        },
        {
            "area": 112.0,
            "floor": 4,
            "is_repurchased": false,
            "lease_price_list": [
                {
                    "lease": null,
                    "price": 406400
                }
            ],
            "unit": 849
        },
        {
            "area": 112.0,
            "floor": 5,
            "is_repurchased": false,
            "lease_price_list": [
                {
                    "lease": null,
                    "price": 412400
                }
            ],
            "unit": 849
        },
        {
            "area": 112.0,
            "floor": 6,
            "is_repurchased": false,
            "lease_price_list": [
                {
                    "lease": null,
                    "price": 416900
                }
            ],
            "unit": 849
        },
        {
            "area": 112.0,
            "floor": 7,
            "is_repurchased": false,
            "lease_price_list": [
                {
                    "lease": null,
                    "price": 421400
                }
            ],
            "unit": 849
        },
        {
            "area": 112.0,
            "floor": 8,
            "is_repurchased": false,
            "lease_price_list": [
                {
                    "lease": null,
                    "price": 425900
                }
            ],
            "unit": 849
        },
        {
            "area": 112.0,
            "floor": 9,
            "is_repurchased": false,
            "lease_price_list": [
                {
                    "lease": null,
                    "price": 427500
                }
            ],
            "unit": 849
        },
        {
            "area": 112.0,
            "floor": 2,
            "is_repurchased": false,
            "lease_price_list": [
                {
                    "lease": null,
                    "price": 401600
                }
            ],
            "unit": 857
        },
        {
            "area": 112.0,
            "floor": 3,
            "is_repurchased": false,
            "lease_price_list": [
                {
                    "lease": null,
                    "price": 407600
                }
            ],
            "unit": 857
        },
        {
            "area": 112.0,
            "floor": 4,
            "is_repurchased": false,
            "lease_price_list": [
                {
                    "lease": null,
                    "price": 413600
                }
            ],
            "unit": 857
        },
        {
            "area": 112.0,
            "floor": 5,
            "is_repurchased": false,
            "lease_price_list": [
                {
                    "lease": null,
                    "price": 419600
                }
            ],
            "unit": 857
        },
        {
            "area": 112.0,
            "floor": 2,
            "is_repurchased": false,
            "lease_price_list": [
                {
                    "lease": null,
                    "price": 401600
                }
            ],
            "unit": 859
        },
        {
            "area": 112.0,
            "floor": 3,
            "is_repurchased": false,
            "lease_price_list": [
                {
                    "lease": null,
                    "price": 407600
                }
            ],
            "unit": 859
        },
        {
            "area": 112.0,
            "floor": 4,
            "is_repurchased": false,
            "lease_price_list": [
                {
                    "lease": null,
                    "price": 413600
                }
            ],
            "unit": 859
        }
    ],
    "block_code": {
        "block_num": "442B",
        "contract": "C8",
        "neighbourhood": "N4"
    },
    "dpd_date": "28 Feb 2019",
    "flat_type": "5-Room",
    "lcd_date": "-",
    "pcd_date": "4Q/2017",
    "quota_chinese": 15,
    "quota_malay": 3,
    "quota_other": 10,
    "street": "BT BATOK WEST AVE 8",
    "town": "Bukit Batok"
},
{
    "apartments": [
        {
            "area": 112.0,
            "floor": 2,
            "is_repurchased": false,
            "lease_price_list": [
                {
                    "lease": null,
                    "price": 394100
                }
            ],
            "unit": 837
        },
        {
            "area": 112.0,
            "floor": 3,
            "is_repurchased": false,
            "lease_price_list": [
                {
                    "lease": null,
                    "price": 400100
                }
            ],
            "unit": 837
        },
        {
            "area": 112.0,
            "floor": 4,
            "is_repurchased": false,
            "lease_price_list": [
                {
                    "lease": null,
                    "price": 406100
                }
            ],
            "unit": 837
        },
        {
            "area": 112.0,
            "floor": 5,
            "is_repurchased": false,
            "lease_price_list": [
                {
                    "lease": null,
                    "price": 412100
                }
            ],
            "unit": 837
        },
        {
            "area": 112.0,
            "floor": 6,
            "is_repurchased": false,
            "lease_price_list": [
                {
                    "lease": null,
                    "price": 416600
                }
            ],
            "unit": 837
        },
        {
            "area": 112.0,
            "floor": 7,
            "is_repurchased": false,
            "lease_price_list": [
                {
                    "lease": null,
                    "price": 421100
                }
            ],
            "unit": 837
        },
        {
            "area": 112.0,
            "floor": 8,
            "is_repurchased": false,
            "lease_price_list": [
                {
                    "lease": null,
                    "price": 425600
                }
            ],
            "unit": 837
        },
        {
            "area": 112.0,
            "floor": 9,
            "is_repurchased": false,
            "lease_price_list": [
                {
                    "lease": null,
                    "price": 427200
                }
            ],
            "unit": 837
        },
        {
            "area": 112.0,
            "floor": 10,
            "is_repurchased": false,
            "lease_price_list": [
                {
                    "lease": null,
                    "price": 428800
                }
            ],
            "unit": 837
        },
        {
            "area": 112.0,
            "floor": 11,
            "is_repurchased": false,
            "lease_price_list": [
                {
                    "lease": null,
                    "price": 430400
                }
            ],
            "unit": 837
        },
        {
            "area": 112.0,
            "floor": 12,
            "is_repurchased": false,
            "lease_price_list": [
                {
                    "lease": null,
                    "price": 432000
                }
            ],
            "unit": 837
        },
        {
            "area": 112.0,
            "floor": 2,
            "is_repurchased": false,
            "lease_price_list": [
                {
                    "lease": null,
                    "price": 386600
                }
            ],
            "unit": 839
        },
        {
            "area": 112.0,
            "floor": 3,
            "is_repurchased": false,
            "lease_price_list": [
                {
                    "lease": null,
                    "price": 400100
                }
            ],
            "unit": 839
        },
        {
            "area": 112.0,
            "floor": 4,
            "is_repurchased": false,
            "lease_price_list": [
                {
                    "lease": null,
                    "price": 406100
                }
            ],
            "unit": 839
        },
        {
            "area": 112.0,
            "floor": 5,
            "is_repurchased": false,
            "lease_price_list": [
                {
                    "lease": null,
                    "price": 412100
                }
            ],
            "unit": 839
        },
        {
            "area": 112.0,
            "floor": 6,
            "is_repurchased": false,
            "lease_price_list": [
                {
                    "lease": null,
                    "price": 416600
                }
            ],
            "unit": 839
        },
        {
            "area": 112.0,
            "floor": 7,
            "is_repurchased": false,
            "lease_price_list": [
                {
                    "lease": null,
                    "price": 421100
                }
            ],
            "unit": 839
        },
        {
            "area": 112.0,
            "floor": 8,
            "is_repurchased": false,
            "lease_price_list": [
                {
                    "lease": null,
                    "price": 425600
                }
            ],
            "unit": 839
        },
        {
            "area": 112.0,
            "floor": 9,
            "is_repurchased": false,
            "lease_price_list": [
                {
                    "lease": null,
                    "price": 427200
                }
            ],
            "unit": 839
        },
        {
            "area": 112.0,
            "floor": 11,
            "is_repurchased": false,
            "lease_price_list": [
                {
                    "lease": null,
                    "price": 430400
                }
            ],
            "unit": 839
        },
        {
            "area": 112.0,
            "floor": 13,
            "is_repurchased": false,
            "lease_price_list": [
                {
                    "lease": null,
                    "price": 433600
                }
            ],
            "unit": 839
        },
        {
            "area": 112.0,
            "floor": 2,
            "is_repurchased": false,
            "lease_price_list": [
                {
                    "lease": null,
                    "price": 394400
                }
            ],
            "unit": 847
        },
        {
            "area": 112.0,
            "floor": 3,
            "is_repurchased": false,
            "lease_price_list": [
                {
                    "lease": null,
                    "price": 400400
                }
            ],
            "unit": 847
        },
        {
            "area": 112.0,
            "floor": 4,
            "is_repurchased": false,
            "lease_price_list": [
                {
                    "lease": null,
                    "price": 406400
                }
            ],
            "unit": 847
        },
        {
            "area": 112.0,
            "floor": 5,
            "is_repurchased": false,
            "lease_price_list": [
                {
                    "lease": null,
                    "price": 412400
                }
            ],
            "unit": 847
        },
        {
            "area": 112.0,
            "floor": 6,
            "is_repurchased": false,
            "lease_price_list": [
                {
                    "lease": null,
                    "price": 416900
                }
            ],
            "unit": 847
        },
        {
            "area": 112.0,
            "floor": 7,
            "is_repurchased": false,
            "lease_price_list": [
                {
                    "lease": null,
                    "price": 421400
                }
            ],
            "unit": 847
        },
        {
            "area": 112.0,
            "floor": 8,
            "is_repurchased": false,
            "lease_price_list": [
                {
                    "lease": null,
                    "price": 425900
                }
            ],
            "unit": 847
        },
        {
            "area": 112.0,
            "floor": 9,
            "is_repurchased": false,
            "lease_price_list": [
                {
                    "lease": null,
                    "price": 427500
                }
            ],
            "unit": 847
        },
        {
            "area": 112.0,
            "floor": 10,
            "is_repurchased": false,
            "lease_price_list": [
                {
                    "lease": null,
                    "price": 429100
                }
            ],
            "unit": 847
        },
        {
            "area": 112.0,
            "floor": 11,
            "is_repurchased": false,
            "lease_price_list": [
                {
                    "lease": null,
                    "price": 430700
                }
            ],
            "unit": 847
        },
        {
            "area": 112.0,
            "floor": 12,
            "is_repurchased": false,
            "lease_price_list": [
                {
                    "lease": null,
                    "price": 432300
                }
            ],
            "unit": 847
        }
    ],
    "block_code": {
        "block_num": "442C",
        "contract": "C8",
        "neighbourhood": "N4"
    },
    "dpd_date": "28 Feb 2019",
    "flat_type": "5-Room",
    "lcd_date": "-",
    "pcd_date": "4Q/2017",
    "quota_chinese": 32,
    "quota_malay": 6,
    "quota_other": 8,
    "street": "BT BATOK WEST AVE 8",
    "town": "Bukit Batok"
},
{
    "apartments": [
        {
            "area": 112.0,
            "floor": 2,
            "is_repurchased": false,
            "lease_price_list": [
                {
                    "lease": null,
                    "price": 394200
                }
            ],
            "unit": 823
        },
        {
            "area": 112.0,
            "floor": 3,
            "is_repurchased": false,
            "lease_price_list": [
                {
                    "lease": null,
                    "price": 400200
                }
            ],
            "unit": 823
        },
        {
            "area": 112.0,
            "floor": 4,
            "is_repurchased": false,
            "lease_price_list": [
                {
                    "lease": null,
                    "price": 406200
                }
            ],
            "unit": 823
        },
        {
            "area": 112.0,
            "floor": 5,
            "is_repurchased": false,
            "lease_price_list": [
                {
                    "lease": null,
                    "price": 412200
                }
            ],
            "unit": 823
        },
        {
            "area": 112.0,
            "floor": 2,
            "is_repurchased": false,
            "lease_price_list": [
                {
                    "lease": null,
                    "price": 394200
                }
            ],
            "unit": 825
        },
        {
            "area": 112.0,
            "floor": 3,
            "is_repurchased": false,
            "lease_price_list": [
                {
                    "lease": null,
                    "price": 400200
                }
            ],
            "unit": 825
        },
        {
            "area": 112.0,
            "floor": 4,
            "is_repurchased": false,
            "lease_price_list": [
                {
                    "lease": null,
                    "price": 406200
                }
            ],
            "unit": 825
        },
        {
            "area": 112.0,
            "floor": 5,
            "is_repurchased": false,
            "lease_price_list": [
                {
                    "lease": null,
                    "price": 412200
                }
            ],
            "unit": 825
        },
        {
            "area": 112.0,
            "floor": 6,
            "is_repurchased": false,
            "lease_price_list": [
                {
                    "lease": null,
                    "price": 416700
                }
            ],
            "unit": 825
        },
        {
            "area": 112.0,
            "floor": 2,
            "is_repurchased": false,
            "lease_price_list": [
                {
                    "lease": null,
                    "price": 387000
                }
            ],
            "unit": 827
        },
        {
            "area": 112.0,
            "floor": 3,
            "is_repurchased": false,
            "lease_price_list": [
                {
                    "lease": null,
                    "price": 393000
                }
            ],
            "unit": 827
        },
        {
            "area": 112.0,
            "floor": 4,
            "is_repurchased": false,
            "lease_price_list": [
                {
                    "lease": null,
                    "price": 399000
                }
            ],
            "unit": 827
        },
        {
            "area": 112.0,
            "floor": 5,
            "is_repurchased": false,
            "lease_price_list": [
                {
                    "lease": null,
                    "price": 405000
                }
            ],
            "unit": 827
        },
        {
            "area": 112.0,
            "floor": 6,
            "is_repurchased": false,
            "lease_price_list": [
                {
                    "lease": null,
                    "price": 409500
                }
            ],
            "unit": 827
        },
        {
            "area": 112.0,
            "floor": 7,
            "is_repurchased": false,
            "lease_price_list": [
                {
                    "lease": null,
                    "price": 414000
                }
            ],
            "unit": 827
        },
        {
            "area": 112.0,
            "floor": 8,
            "is_repurchased": false,
            "lease_price_list": [
                {
                    "lease": null,
                    "price": 418500
                }
            ],
            "unit": 827
        },
        {
            "area": 112.0,
            "floor": 2,
            "is_repurchased": false,
            "lease_price_list": [
                {
                    "lease": null,
                    "price": 387000
                }
            ],
            "unit": 829
        },
        {
            "area": 112.0,
            "floor": 3,
            "is_repurchased": false,
            "lease_price_list": [
                {
                    "lease": null,
                    "price": 393000
                }
            ],
            "unit": 829
        },
        {
            "area": 112.0,
            "floor": 4,
            "is_repurchased": false,
            "lease_price_list": [
                {
                    "lease": null,
                    "price": 399000
                }
            ],
            "unit": 829
        },
        {
            "area": 112.0,
            "floor": 5,
            "is_repurchased": false,
            "lease_price_list": [
                {
                    "lease": null,
                    "price": 405000
                }
            ],
            "unit": 829
        },
        {
            "area": 112.0,
            "floor": 6,
            "is_repurchased": false,
            "lease_price_list": [
                {
                    "lease": null,
                    "price": 409500
                }
            ],
            "unit": 829
        },
        {
            "area": 112.0,
            "floor": 7,
            "is_repurchased": false,
            "lease_price_list": [
                {
                    "lease": null,
                    "price": 412900
                }
            ],
            "unit": 829
        },
        {
            "area": 112.0,
            "floor": 2,
            "is_repurchased": false,
            "lease_price_list": [
                {
                    "lease": null,
                    "price": 379500
                }
            ],
            "unit": 831
        },
        {
            "area": 112.0,
            "floor": 3,
            "is_repurchased": false,
            "lease_price_list": [
                {
                    "lease": null,
                    "price": 385500
                }
            ],
            "unit": 831
        },
        {
            "area": 112.0,
            "floor": 4,
            "is_repurchased": false,
            "lease_price_list": [
                {
                    "lease": null,
                    "price": 391500
                }
            ],
            "unit": 831
        },
        {
            "area": 112.0,
            "floor": 5,
            "is_repurchased": false,
            "lease_price_list": [
                {
                    "lease": null,
                    "price": 397500
                }
            ],
            "unit": 831
        },
        {
            "area": 112.0,
            "floor": 6,
            "is_repurchased": false,
            "lease_price_list": [
                {
                    "lease": null,
                    "price": 402000
                }
            ],
            "unit": 831
        },
        {
            "area": 112.0,
            "floor": 7,
            "is_repurchased": false,
            "lease_price_list": [
                {
                    "lease": null,
                    "price": 406500
                }
            ],
            "unit": 831
        },
        {
            "area": 112.0,
            "floor": 2,
            "is_repurchased": false,
            "lease_price_list": [
                {
                    "lease": null,
                    "price": 364200
                }
            ],
            "unit": 833
        },
        {
            "area": 112.0,
            "floor": 3,
            "is_repurchased": false,
            "lease_price_list": [
                {
                    "lease": null,
                    "price": 377700
                }
            ],
            "unit": 833
        },
        {
            "area": 112.0,
            "floor": 2,
            "is_repurchased": false,
            "lease_price_list": [
                {
                    "lease": null,
                    "price": 371700
                }
            ],
            "unit": 835
        },
        {
            "area": 112.0,
            "floor": 3,
            "is_repurchased": false,
            "lease_price_list": [
                {
                    "lease": null,
                    "price": 385200
                }
            ],
            "unit": 835
        },
        {
            "area": 112.0,
            "floor": 4,
            "is_repurchased": false,
            "lease_price_list": [
                {
                    "lease": null,
                    "price": 391200
                }
            ],
            "unit": 835
        }
    ],
    "block_code": {
        "block_num": "443A",
        "contract": "C8",
        "neighbourhood": "N4"
    },
    "dpd_date": "28 Feb 2019",
    "flat_type": "5-Room",
    "lcd_date": "-",
    "pcd_date": "4Q/2017",
    "quota_chinese": 33,
    "quota_malay": 12,
    "quota_other": 16,
    "street": "BT BATOK WEST AVE 8",
    "town": "Bukit Batok"
},
{
    "apartments": [
        {
            "area": 112.0,
            "floor": 2,
            "is_repurchased": false,
            "lease_price_list": [
                {
                    "lease": null,
                    "price": 379500
                }
            ],
            "unit": 803
        },
        {
            "area": 112.0,
            "floor": 3,
            "is_repurchased": false,
            "lease_price_list": [
                {
                    "lease": null,
                    "price": 385500
                }
            ],
            "unit": 803
        },
        {
            "area": 112.0,
            "floor": 4,
            "is_repurchased": false,
            "lease_price_list": [
                {
                    "lease": null,
                    "price": 391500
                }
            ],
            "unit": 803
        },
        {
            "area": 112.0,
            "floor": 5,
            "is_repurchased": false,
            "lease_price_list": [
                {
                    "lease": null,
                    "price": 405000
                }
            ],
            "unit": 803
        },
        {
            "area": 112.0,
            "floor": 6,
            "is_repurchased": false,
            "lease_price_list": [
                {
                    "lease": null,
                    "price": 409500
                }
            ],
            "unit": 803
        },
        {
            "area": 112.0,
            "floor": 7,
            "is_repurchased": false,
            "lease_price_list": [
                {
                    "lease": null,
                    "price": 414000
                }
            ],
            "unit": 803
        },
        {
            "area": 112.0,
            "floor": 8,
            "is_repurchased": false,
            "lease_price_list": [
                {
                    "lease": null,
                    "price": 418500
                }
            ],
            "unit": 803
        },
        {
            "area": 112.0,
            "floor": 9,
            "is_repurchased": false,
            "lease_price_list": [
                {
                    "lease": null,
                    "price": 420100
                }
            ],
            "unit": 803
        },
        {
            "area": 112.0,
            "floor": 2,
            "is_repurchased": false,
            "lease_price_list": [
                {
                    "lease": null,
                    "price": 379500
                }
            ],
            "unit": 805
        },
        {
            "area": 112.0,
            "floor": 3,
            "is_repurchased": false,
            "lease_price_list": [
                {
                    "lease": null,
                    "price": 393000
                }
            ],
            "unit": 805
        },
        {
            "area": 112.0,
            "floor": 4,
            "is_repurchased": false,
            "lease_price_list": [
                {
                    "lease": null,
                    "price": 399000
                }
            ],
            "unit": 805
        },
        {
            "area": 112.0,
            "floor": 5,
            "is_repurchased": false,
            "lease_price_list": [
                {
                    "lease": null,
                    "price": 405000
                }
            ],
            "unit": 805
        },
        {
            "area": 112.0,
            "floor": 6,
            "is_repurchased": false,
            "lease_price_list": [
                {
                    "lease": null,
                    "price": 409500
                }
            ],
            "unit": 805
        },
        {
            "area": 112.0,
            "floor": 7,
            "is_repurchased": false,
            "lease_price_list": [
                {
                    "lease": null,
                    "price": 414000
                }
            ],
            "unit": 805
        }
    ],
    "block_code": {
        "block_num": "443B",
        "contract": "C8",
        "neighbourhood": "N4"
    },
    "dpd_date": "28 Feb 2019",
    "flat_type": "5-Room",
    "lcd_date": "-",
    "pcd_date": "4Q/2017",
    "quota_chinese": 14,
    "quota_malay": 3,
    "quota_other": 4,
    "street": "BT BATOK WEST AVE 8",
    "town": "Bukit Batok"
},
{
    "apartments": [
        {
            "area": 112.0,
            "floor": 2,
            "is_repurchased": false,
            "lease_price_list": [
                {
                    "lease": null,
                    "price": 379500
                }
            ],
            "unit": 787
        },
        {
            "area": 112.0,
            "floor": 3,
            "is_repurchased": false,
            "lease_price_list": [
                {
                    "lease": null,
                    "price": 385500
                }
            ],
            "unit": 787
        },
        {
            "area": 112.0,
            "floor": 4,
            "is_repurchased": false,
            "lease_price_list": [
                {
                    "lease": null,
                    "price": 391500
                }
            ],
            "unit": 787
        },
        {
            "area": 112.0,
            "floor": 5,
            "is_repurchased": false,
            "lease_price_list": [
                {
                    "lease": null,
                    "price": 405000
                }
            ],
            "unit": 787
        },
        {
            "area": 112.0,
            "floor": 6,
            "is_repurchased": false,
            "lease_price_list": [
                {
                    "lease": null,
                    "price": 409500
                }
            ],
            "unit": 787
        },
        {
            "area": 112.0,
            "floor": 7,
            "is_repurchased": false,
            "lease_price_list": [
                {
                    "lease": null,
                    "price": 414000
                }
            ],
            "unit": 787
        },
        {
            "area": 112.0,
            "floor": 9,
            "is_repurchased": false,
            "lease_price_list": [
                {
                    "lease": null,
                    "price": 420100
                }
            ],
            "unit": 787
        },
        {
            "area": 112.0,
            "floor": 2,
            "is_repurchased": false,
            "lease_price_list": [
                {
                    "lease": null,
                    "price": 386700
                }
            ],
            "unit": 789
        },
        {
            "area": 112.0,
            "floor": 3,
            "is_repurchased": false,
            "lease_price_list": [
                {
                    "lease": null,
                    "price": 392700
                }
            ],
            "unit": 789
        },
        {
            "area": 112.0,
            "floor": 4,
            "is_repurchased": false,
            "lease_price_list": [
                {
                    "lease": null,
                    "price": 398700
                }
            ],
            "unit": 789
        },
        {
            "area": 112.0,
            "floor": 5,
            "is_repurchased": false,
            "lease_price_list": [
                {
                    "lease": null,
                    "price": 404700
                }
            ],
            "unit": 789
        },
        {
            "area": 112.0,
            "floor": 6,
            "is_repurchased": false,
            "lease_price_list": [
                {
                    "lease": null,
                    "price": 409200
                }
            ],
            "unit": 789
        },
        {
            "area": 112.0,
            "floor": 7,
            "is_repurchased": false,
            "lease_price_list": [
                {
                    "lease": null,
                    "price": 413700
                }
            ],
            "unit": 789
        },
        {
            "area": 112.0,
            "floor": 8,
            "is_repurchased": false,
            "lease_price_list": [
                {
                    "lease": null,
                    "price": 418200
                }
            ],
            "unit": 789
        },
        {
            "area": 112.0,
            "floor": 2,
            "is_repurchased": false,
            "lease_price_list": [
                {
                    "lease": null,
                    "price": 386700
                }
            ],
            "unit": 791
        },
        {
            "area": 112.0,
            "floor": 3,
            "is_repurchased": false,
            "lease_price_list": [
                {
                    "lease": null,
                    "price": 392700
                }
            ],
            "unit": 791
        },
        {
            "area": 112.0,
            "floor": 4,
            "is_repurchased": false,
            "lease_price_list": [
                {
                    "lease": null,
                    "price": 398700
                }
            ],
            "unit": 791
        },
        {
            "area": 112.0,
            "floor": 5,
            "is_repurchased": false,
            "lease_price_list": [
                {
                    "lease": null,
                    "price": 404700
                }
            ],
            "unit": 791
        },
        {
            "area": 112.0,
            "floor": 6,
            "is_repurchased": false,
            "lease_price_list": [
                {
                    "lease": null,
                    "price": 409200
                }
            ],
            "unit": 791
        },
        {
            "area": 112.0,
            "floor": 2,
            "is_repurchased": false,
            "lease_price_list": [
                {
                    "lease": null,
                    "price": 387000
                }
            ],
            "unit": 797
        },
        {
            "area": 112.0,
            "floor": 3,
            "is_repurchased": false,
            "lease_price_list": [
                {
                    "lease": null,
                    "price": 393000
                }
            ],
            "unit": 797
        },
        {
            "area": 112.0,
            "floor": 4,
            "is_repurchased": false,
            "lease_price_list": [
                {
                    "lease": null,
                    "price": 399000
                }
            ],
            "unit": 797
        },
        {
            "area": 112.0,
            "floor": 5,
            "is_repurchased": false,
            "lease_price_list": [
                {
                    "lease": null,
                    "price": 405000
                }
            ],
            "unit": 797
        },
        {
            "area": 112.0,
            "floor": 2,
            "is_repurchased": false,
            "lease_price_list": [
                {
                    "lease": null,
                    "price": 379500
                }
            ],
            "unit": 799
        },
        {
            "area": 112.0,
            "floor": 3,
            "is_repurchased": false,
            "lease_price_list": [
                {
                    "lease": null,
                    "price": 393000
                }
            ],
            "unit": 799
        },
        {
            "area": 112.0,
            "floor": 4,
            "is_repurchased": false,
            "lease_price_list": [
                {
                    "lease": null,
                    "price": 399000
                }
            ],
            "unit": 799
        },
        {
            "area": 112.0,
            "floor": 5,
            "is_repurchased": false,
            "lease_price_list": [
                {
                    "lease": null,
                    "price": 405000
                }
            ],
            "unit": 799
        },
        {
            "area": 112.0,
            "floor": 6,
            "is_repurchased": false,
            "lease_price_list": [
                {
                    "lease": null,
                    "price": 409500
                }
            ],
            "unit": 799
        },
        {
            "area": 112.0,
            "floor": 2,
            "is_repurchased": false,
            "lease_price_list": [
                {
                    "lease": null,
                    "price": 379500
                }
            ],
            "unit": 801
        },
        {
            "area": 112.0,
            "floor": 3,
            "is_repurchased": false,
            "lease_price_list": [
                {
                    "lease": null,
                    "price": 385500
                }
            ],
            "unit": 801
        },
        {
            "area": 112.0,
            "floor": 4,
            "is_repurchased": false,
            "lease_price_list": [
                {
                    "lease": null,
                    "price": 391500
                }
            ],
            "unit": 801
        },
        {
            "area": 112.0,
            "floor": 5,
            "is_repurchased": false,
            "lease_price_list": [
                {
                    "lease": null,
                    "price": 405000
                }
            ],
            "unit": 801
        },
        {
            "area": 112.0,
            "floor": 6,
            "is_repurchased": false,
            "lease_price_list": [
                {
                    "lease": null,
                    "price": 409500
                }
            ],
            "unit": 801
        },
        {
            "area": 112.0,
            "floor": 7,
            "is_repurchased": false,
            "lease_price_list": [
                {
                    "lease": null,
                    "price": 414000
                }
            ],
            "unit": 801
        },
        {
            "area": 112.0,
            "floor": 9,
            "is_repurchased": false,
            "lease_price_list": [
                {
                    "lease": null,
                    "price": 420100
                }
            ],
            "unit": 801
        },
        {
            "area": 112.0,
            "floor": 10,
            "is_repurchased": false,
            "lease_price_list": [
                {
                    "lease": null,
                    "price": 421700
                }
            ],
            "unit": 801
        }
    ],
    "block_code": {
        "block_num": "443C",
        "contract": "C8",
        "neighbourhood": "N4"
    },
    "dpd_date": "28 Feb 2019",
    "flat_type": "5-Room",
    "lcd_date": "-",
    "pcd_date": "07/2017",
    "quota_chinese": 31,
    "quota_malay": 11,
    "quota_other": 18,
    "street": "BT BATOK WEST AVE 8",
    "town": "Bukit Batok"
},
{
    "apartments": [
        {
            "area": 112.0,
            "floor": 5,
            "is_repurchased": false,
            "lease_price_list": [
                {
                    "lease": null,
                    "price": 410700
                }
            ],
            "unit": 427
        },
        {
            "area": 112.0,
            "floor": 6,
            "is_repurchased": false,
            "lease_price_list": [
                {
                    "lease": null,
                    "price": 422300
                }
            ],
            "unit": 429
        },
        {
            "area": 112.0,
            "floor": 22,
            "is_repurchased": false,
            "lease_price_list": [
                {
                    "lease": null,
                    "price": 458500
                }
            ],
            "unit": 429
        }
    ],
    "block_code": {
        "block_num": "445A",
        "contract": "C13",
        "neighbourhood": "N4"
    },
    "dpd_date": "31 Dec 2018",
    "flat_type": "5-Room",
    "lcd_date": "-",
    "pcd_date": "4Q/2017",
    "quota_chinese": 3,
    "quota_malay": 3,
    "quota_other": 3,
    "street": "BT BATOK WEST AVE 8",
    "town": "Bukit Batok"
},
{
    "apartments": [
        {
            "area": 115.0,
            "floor": 2,
            "is_repurchased": false,
            "lease_price_list": [
                {
                    "lease": null,
                    "price": 391700
                }
            ],
            "unit": 623
        }
    ],
    "block_code": {
        "block_num": "450C",
        "contract": "C16",
        "neighbourhood": "N4"
    },
    "dpd_date": "28 Feb 2019",
    "flat_type": "5-Room",
    "lcd_date": "-",
    "pcd_date": "1Q/2018",
    "quota_chinese": 1,
    "quota_malay": 1,
    "quota_other": 1,
    "street": "BT BATOK WEST AVE 6",
    "town": "Bukit Batok"
},
{
    "apartments": [
        {
            "area": 115.0,
            "floor": 19,
            "is_repurchased": false,
            "lease_price_list": [
                {
                    "lease": null,
                    "price": 448200
                }
            ],
            "unit": 695
        }
    ],
    "block_code": {
        "block_num": "451B",
        "contract": "C16",
        "neighbourhood": "N4"
    },
    "dpd_date": "28 Feb 2019",
    "flat_type": "5-Room",
    "lcd_date": "-",
    "pcd_date": "1Q/2018",
    "quota_chinese": 1,
    "quota_malay": 1,
    "quota_other": 1,
    "street": "BT BATOK WEST AVE 6",
    "town": "Bukit Batok"
},
{
    "apartments": [
        {
            "area": 115.0,
            "floor": 14,
            "is_repurchased": false,
            "lease_price_list": [
                {
                    "lease": null,
                    "price": 440200
                }
            ],
            "unit": 743
        },
        {
            "area": 115.0,
            "floor": 9,
            "is_repurchased": false,
            "lease_price_list": [
                {
                    "lease": null,
                    "price": 439600
                }
            ],
            "unit": 757
        }
    ],
    "block_code": {
        "block_num": "453A",
        "contract": "C16",
        "neighbourhood": "N4"
    },
    "dpd_date": "28 Feb 2019",
    "flat_type": "5-Room",
    "lcd_date": "-",
    "pcd_date": "1Q/2018",
    "quota_chinese": 2,
    "quota_malay": 2,
    "quota_other": 2,
    "street": "BT BATOK WEST AVE 6",
    "town": "Bukit Batok"
},
{
    "apartments": [
        {
            "area": 114.0,
            "floor": 8,
            "is_repurchased": false,
            "lease_price_list": [
                {
                    "lease": null,
                    "price": 423800
                }
            ],
            "unit": 730
        },
        {
            "area": 114.0,
            "floor": 14,
            "is_repurchased": false,
            "lease_price_list": [
                {
                    "lease": null,
                    "price": 439900
                }
            ],
            "unit": 730
        }
    ],
    "block_code": {
        "block_num": "461B",
        "contract": "C10",
        "neighbourhood": "N4"
    },
    "dpd_date": "31 Aug 2019",
    "flat_type": "5-Room",
    "lcd_date": "-",
    "pcd_date": "3Q/2018",
    "quota_chinese": 2,
    "quota_malay": 2,
    "quota_other": 2,
    "street": "BT BATOK WEST AVE 8",
    "town": "Bukit Batok"
},
{
    "apartments": [
        {
            "area": 114.0,
            "floor": 16,
            "is_repurchased": false,
            "lease_price_list": [
                {
                    "lease": null,
                    "price": 434000
                }
            ],
            "unit": 750
        }
    ],
    "block_code": {
        "block_num": "461D",
        "contract": "C10",
        "neighbourhood": "N4"
    },
    "dpd_date": "31 Aug 2019",
    "flat_type": "5-Room",
    "lcd_date": "-",
    "pcd_date": "3Q/2018",
    "quota_chinese": 1,
    "quota_malay": 1,
    "quota_other": 1,
    "street": "BT BATOK WEST AVE 8",
    "town": "Bukit Batok"
}]
