[{
    "apartments": [
        {
            "area": 152.0,
            "floor": 3,
            "is_repurchased": true,
            "lease_price_list": [
                {
                    "lease": null,
                    "price": 510000
                }
            ],
            "unit": 30
        }
    ],
    "block_code": {
        "block_num": "402",
        "contract": "C4",
        "neighbourhood": "N4"
    },
    "dpd_date": "NA (Keys Available)",
    "flat_type": "Executive",
    "lcd_date": "28 Mar 1993",
    "pcd_date": "-",
    "quota_chinese": 1,
    "quota_malay": 1,
    "quota_other": 1,
    "street": "BT BATOK WEST AVE 7",
    "town": "Bukit Batok"
}]
