[{
    "apartments": [
        {
            "area": 47.0,
            "floor": 14,
            "is_repurchased": false,
            "lease_price_list": [
                {
                    "lease": "15",
                    "price": 37400
                },
                {
                    "lease": "20",
                    "price": 44300
                },
                {
                    "lease": "25",
                    "price": 49900
                },
                {
                    "lease": "30",
                    "price": 54600
                },
                {
                    "lease": "35",
                    "price": 58500
                },
                {
                    "lease": "40",
                    "price": 61800
                },
                {
                    "lease": "45",
                    "price": 64700
                },
                {
                    "lease": "Remaining",
                    "price": 106000
                }
            ],
            "unit": 559
        }
    ],
    "block_code": {
        "block_num": "104D",
        "contract": "C2",
        "neighbourhood": "N1"
    },
    "dpd_date": "NA (Keys Available)",
    "flat_type": "2-Room Flexi (Short Lease/99-Year Lease)",
    "lcd_date": "01 Jul 2018",
    "pcd_date": "-",
    "quota_chinese": 1,
    "quota_malay": 1,
    "quota_other": 0,
    "street": "CANBERRA ST",
    "town": "Sembawang"
},
{
    "apartments": [
        {
            "area": 47.0,
            "floor": 11,
            "is_repurchased": false,
            "lease_price_list": [
                {
                    "lease": "15",
                    "price": 38500
                },
                {
                    "lease": "20",
                    "price": 45600
                },
                {
                    "lease": "25",
                    "price": 51400
                },
                {
                    "lease": "30",
                    "price": 56200
                },
                {
                    "lease": "35",
                    "price": 60200
                },
                {
                    "lease": "40",
                    "price": 63700
                },
                {
                    "lease": "45",
                    "price": 66600
                },
                {
                    "lease": "99",
                    "price": 109100
                }
            ],
            "unit": 117
        }
    ],
    "block_code": {
        "block_num": "115A",
        "contract": "C5",
        "neighbourhood": "N1"
    },
    "dpd_date": "30 Jun 2018",
    "flat_type": "2-Room Flexi (Short Lease/99-Year Lease)",
    "lcd_date": "-",
    "pcd_date": "07/2017",
    "quota_chinese": 1,
    "quota_malay": 1,
    "quota_other": 0,
    "street": "CANBERRA WALK",
    "town": "Sembawang"
},
{
    "apartments": [
        {
            "area": 47.0,
            "floor": 9,
            "is_repurchased": false,
            "lease_price_list": [
                {
                    "lease": "15",
                    "price": 42700
                },
                {
                    "lease": "20",
                    "price": 50700
                },
                {
                    "lease": "25",
                    "price": 57300
                },
                {
                    "lease": "30",
                    "price": 62700
                },
                {
                    "lease": "35",
                    "price": 67200
                },
                {
                    "lease": "40",
                    "price": 71100
                },
                {
                    "lease": "45",
                    "price": 74400
                },
                {
                    "lease": "99",
                    "price": 122500
                }
            ],
            "unit": 308
        }
    ],
    "block_code": {
        "block_num": "116A",
        "contract": "C6",
        "neighbourhood": "N1"
    },
    "dpd_date": "30 Apr 2020",
    "flat_type": "2-Room Flexi (Short Lease/99-Year Lease)",
    "lcd_date": "-",
    "pcd_date": "2Q/2019",
    "quota_chinese": 1,
    "quota_malay": 1,
    "quota_other": 1,
    "street": "CANBERRA CRES",
    "town": "Sembawang"
},
{
    "apartments": [
        {
            "area": 47.0,
            "floor": 8,
            "is_repurchased": false,
            "lease_price_list": [
                {
                    "lease": "15",
                    "price": 42400
                },
                {
                    "lease": "20",
                    "price": 50400
                },
                {
                    "lease": "25",
                    "price": 56900
                },
                {
                    "lease": "30",
                    "price": 62300
                },
                {
                    "lease": "35",
                    "price": 66800
                },
                {
                    "lease": "40",
                    "price": 70700
                },
                {
                    "lease": "45",
                    "price": 73900
                },
                {
                    "lease": "99",
                    "price": 121700
                }
            ],
            "unit": 362
        }
    ],
    "block_code": {
        "block_num": "117B",
        "contract": "C6",
        "neighbourhood": "N1"
    },
    "dpd_date": "30 Apr 2020",
    "flat_type": "2-Room Flexi (Short Lease/99-Year Lease)",
    "lcd_date": "-",
    "pcd_date": "2Q/2019",
    "quota_chinese": 1,
    "quota_malay": 1,
    "quota_other": 1,
    "street": "CANBERRA CRES",
    "town": "Sembawang"
},
{
    "apartments": [
        {
            "area": 38.0,
            "floor": 9,
            "is_repurchased": false,
            "lease_price_list": [
                {
                    "lease": "15",
                    "price": 32600
                },
                {
                    "lease": "20",
                    "price": 38700
                },
                {
                    "lease": "25",
                    "price": 43700
                },
                {
                    "lease": "30",
                    "price": 47800
                },
                {
                    "lease": "35",
                    "price": 51200
                },
                {
                    "lease": "40",
                    "price": 54200
                },
                {
                    "lease": "45",
                    "price": 56700
                },
                {
                    "lease": "99",
                    "price": 93100
                }
            ],
            "unit": 348
        },
        {
            "area": 47.0,
            "floor": 5,
            "is_repurchased": false,
            "lease_price_list": [
                {
                    "lease": "15",
                    "price": 38600
                },
                {
                    "lease": "20",
                    "price": 45700
                },
                {
                    "lease": "25",
                    "price": 51600
                },
                {
                    "lease": "30",
                    "price": 56500
                },
                {
                    "lease": "35",
                    "price": 60600
                },
                {
                    "lease": "40",
                    "price": 64100
                },
                {
                    "lease": "45",
                    "price": 67000
                },
                {
                    "lease": "99",
                    "price": 110100
                }
            ],
            "unit": 352
        }
    ],
    "block_code": {
        "block_num": "118A",
        "contract": "C6",
        "neighbourhood": "N1"
    },
    "dpd_date": "30 Apr 2020",
    "flat_type": "2-Room Flexi (Short Lease/99-Year Lease)",
    "lcd_date": "-",
    "pcd_date": "2Q/2019",
    "quota_chinese": 2,
    "quota_malay": 2,
    "quota_other": 2,
    "street": "CANBERRA CRES",
    "town": "Sembawang"
},
{
    "apartments": [
        {
            "area": 47.0,
            "floor": 5,
            "is_repurchased": false,
            "lease_price_list": [
                {
                    "lease": "15",
                    "price": 39200
                },
                {
                    "lease": "20",
                    "price": 46400
                },
                {
                    "lease": "25",
                    "price": 52400
                },
                {
                    "lease": "30",
                    "price": 57400
                },
                {
                    "lease": "35",
                    "price": 61500
                },
                {
                    "lease": "40",
                    "price": 65100
                },
                {
                    "lease": "45",
                    "price": 68100
                },
                {
                    "lease": "99",
                    "price": 111900
                }
            ],
            "unit": 326
        }
    ],
    "block_code": {
        "block_num": "118B",
        "contract": "C6",
        "neighbourhood": "N1"
    },
    "dpd_date": "30 Apr 2020",
    "flat_type": "2-Room Flexi (Short Lease/99-Year Lease)",
    "lcd_date": "-",
    "pcd_date": "2Q/2019",
    "quota_chinese": 1,
    "quota_malay": 1,
    "quota_other": 1,
    "street": "CANBERRA CRES",
    "town": "Sembawang"
},
{
    "apartments": [
        {
            "area": 47.0,
            "floor": 8,
            "is_repurchased": false,
            "lease_price_list": [
                {
                    "lease": "15",
                    "price": 43700
                },
                {
                    "lease": "20",
                    "price": 51900
                },
                {
                    "lease": "25",
                    "price": 58700
                },
                {
                    "lease": "30",
                    "price": 64200
                },
                {
                    "lease": "35",
                    "price": 68900
                },
                {
                    "lease": "40",
                    "price": 72900
                },
                {
                    "lease": "45",
                    "price": 76300
                },
                {
                    "lease": "99",
                    "price": 125600
                }
            ],
            "unit": 546
        }
    ],
    "block_code": {
        "block_num": "131A",
        "contract": "C12",
        "neighbourhood": "N1"
    },
    "dpd_date": "31 Aug 2020",
    "flat_type": "2-Room Flexi (Short Lease/99-Year Lease)",
    "lcd_date": "-",
    "pcd_date": "3Q/2019",
    "quota_chinese": 1,
    "quota_malay": 1,
    "quota_other": 1,
    "street": "CANBERRA CRES",
    "town": "Sembawang"
},
{
    "apartments": [
        {
            "area": 47.0,
            "floor": 4,
            "is_repurchased": false,
            "lease_price_list": [
                {
                    "lease": "15",
                    "price": 40200
                },
                {
                    "lease": "20",
                    "price": 47700
                },
                {
                    "lease": "25",
                    "price": 53900
                },
                {
                    "lease": "30",
                    "price": 59000
                },
                {
                    "lease": "35",
                    "price": 63300
                },
                {
                    "lease": "40",
                    "price": 66900
                },
                {
                    "lease": "45",
                    "price": 70000
                },
                {
                    "lease": "99",
                    "price": 115100
                }
            ],
            "unit": 554
        }
    ],
    "block_code": {
        "block_num": "131B",
        "contract": "C12",
        "neighbourhood": "N1"
    },
    "dpd_date": "31 Aug 2020",
    "flat_type": "2-Room Flexi (Short Lease/99-Year Lease)",
    "lcd_date": "-",
    "pcd_date": "3Q/2019",
    "quota_chinese": 1,
    "quota_malay": 1,
    "quota_other": 1,
    "street": "CANBERRA CRES",
    "town": "Sembawang"
},
{
    "apartments": [
        {
            "area": 38.0,
            "floor": 7,
            "is_repurchased": false,
            "lease_price_list": [
                {
                    "lease": "15",
                    "price": 33500
                },
                {
                    "lease": "20",
                    "price": 39700
                },
                {
                    "lease": "25",
                    "price": 44900
                },
                {
                    "lease": "30",
                    "price": 49100
                },
                {
                    "lease": "35",
                    "price": 52600
                },
                {
                    "lease": "40",
                    "price": 55700
                },
                {
                    "lease": "45",
                    "price": 58200
                },
                {
                    "lease": "99",
                    "price": 95700
                }
            ],
            "unit": 514
        }
    ],
    "block_code": {
        "block_num": "132A",
        "contract": "C12",
        "neighbourhood": "N1"
    },
    "dpd_date": "31 Aug 2020",
    "flat_type": "2-Room Flexi (Short Lease/99-Year Lease)",
    "lcd_date": "-",
    "pcd_date": "3Q/2019",
    "quota_chinese": 1,
    "quota_malay": 1,
    "quota_other": 1,
    "street": "CANBERRA CRES",
    "town": "Sembawang"
},
{
    "apartments": [
        {
            "area": 47.0,
            "floor": 3,
            "is_repurchased": false,
            "lease_price_list": [
                {
                    "lease": "15",
                    "price": 35000
                },
                {
                    "lease": "20",
                    "price": 42000
                },
                {
                    "lease": "25",
                    "price": 47700
                },
                {
                    "lease": "30",
                    "price": 52400
                },
                {
                    "lease": "35",
                    "price": 56300
                },
                {
                    "lease": "40",
                    "price": 59700
                },
                {
                    "lease": "45",
                    "price": 62600
                },
                {
                    "lease": "99",
                    "price": 104300
                }
            ],
            "unit": 81
        }
    ],
    "block_code": {
        "block_num": "132C",
        "contract": "C12",
        "neighbourhood": "N1"
    },
    "dpd_date": "31 Aug 2020",
    "flat_type": "2-Room Flexi (Short Lease/99-Year Lease)",
    "lcd_date": "-",
    "pcd_date": "3Q/2019",
    "quota_chinese": 1,
    "quota_malay": 1,
    "quota_other": 1,
    "street": "CANBERRA VIEW",
    "town": "Sembawang"
},
{
    "apartments": [
        {
            "area": 47.0,
            "floor": 7,
            "is_repurchased": false,
            "lease_price_list": [
                {
                    "lease": "15",
                    "price": 38900
                },
                {
                    "lease": "20",
                    "price": 46100
                },
                {
                    "lease": "25",
                    "price": 52100
                },
                {
                    "lease": "30",
                    "price": 57000
                },
                {
                    "lease": "35",
                    "price": 61200
                },
                {
                    "lease": "40",
                    "price": 64700
                },
                {
                    "lease": "45",
                    "price": 67700
                },
                {
                    "lease": "99",
                    "price": 111300
                }
            ],
            "unit": 707
        }
    ],
    "block_code": {
        "block_num": "363A",
        "contract": "C8",
        "neighbourhood": "N3"
    },
    "dpd_date": "30 Apr 2019",
    "flat_type": "2-Room Flexi (Short Lease/99-Year Lease)",
    "lcd_date": "-",
    "pcd_date": "2Q/2018",
    "quota_chinese": 1,
    "quota_malay": 1,
    "quota_other": 1,
    "street": "SEMBAWANG CRES",
    "town": "Sembawang"
},
{
    "apartments": [
        {
            "area": 47.0,
            "floor": 3,
            "is_repurchased": false,
            "lease_price_list": [
                {
                    "lease": "15",
                    "price": 35300
                },
                {
                    "lease": "20",
                    "price": 41800
                },
                {
                    "lease": "25",
                    "price": 47200
                },
                {
                    "lease": "30",
                    "price": 51600
                },
                {
                    "lease": "35",
                    "price": 55300
                },
                {
                    "lease": "40",
                    "price": 58500
                },
                {
                    "lease": "45",
                    "price": 61200
                },
                {
                    "lease": "99",
                    "price": 100400
                }
            ],
            "unit": 725
        }
    ],
    "block_code": {
        "block_num": "363B",
        "contract": "C8",
        "neighbourhood": "N3"
    },
    "dpd_date": "30 Apr 2019",
    "flat_type": "2-Room Flexi (Short Lease/99-Year Lease)",
    "lcd_date": "-",
    "pcd_date": "2Q/2018",
    "quota_chinese": 1,
    "quota_malay": 1,
    "quota_other": 1,
    "street": "SEMBAWANG CRES",
    "town": "Sembawang"
},
{
    "apartments": [
        {
            "area": 48.0,
            "floor": 9,
            "is_repurchased": false,
            "lease_price_list": [
                {
                    "lease": "15",
                    "price": 39100
                },
                {
                    "lease": "20",
                    "price": 46400
                },
                {
                    "lease": "25",
                    "price": 52400
                },
                {
                    "lease": "30",
                    "price": 57300
                },
                {
                    "lease": "35",
                    "price": 61500
                },
                {
                    "lease": "40",
                    "price": 65000
                },
                {
                    "lease": "45",
                    "price": 68000
                },
                {
                    "lease": "99",
                    "price": 111900
                }
            ],
            "unit": 169
        },
        {
            "area": 48.0,
            "floor": 6,
            "is_repurchased": false,
            "lease_price_list": [
                {
                    "lease": "15",
                    "price": 37500
                },
                {
                    "lease": "20",
                    "price": 44500
                },
                {
                    "lease": "25",
                    "price": 50200
                },
                {
                    "lease": "30",
                    "price": 54900
                },
                {
                    "lease": "35",
                    "price": 58900
                },
                {
                    "lease": "40",
                    "price": 62300
                },
                {
                    "lease": "45",
                    "price": 65200
                },
                {
                    "lease": "99",
                    "price": 107100
                }
            ],
            "unit": 171
        }
    ],
    "block_code": {
        "block_num": "366A",
        "contract": "C7",
        "neighbourhood": "N3"
    },
    "dpd_date": "31 Mar 2019",
    "flat_type": "2-Room Flexi (Short Lease/99-Year Lease)",
    "lcd_date": "-",
    "pcd_date": "1Q/2018",
    "quota_chinese": 2,
    "quota_malay": 2,
    "quota_other": 2,
    "street": "SEMBAWANG CRES",
    "town": "Sembawang"
},
{
    "apartments": [
        {
            "area": 47.0,
            "floor": 13,
            "is_repurchased": false,
            "lease_price_list": [
                {
                    "lease": "15",
                    "price": 40700
                },
                {
                    "lease": "20",
                    "price": 48800
                },
                {
                    "lease": "25",
                    "price": 55400
                },
                {
                    "lease": "30",
                    "price": 60800
                },
                {
                    "lease": "35",
                    "price": 65400
                },
                {
                    "lease": "40",
                    "price": 69300
                },
                {
                    "lease": "45",
                    "price": 72600
                },
                {
                    "lease": "Remaining",
                    "price": 120600
                }
            ],
            "unit": 56
        }
    ],
    "block_code": {
        "block_num": "593B",
        "contract": "C1B",
        "neighbourhood": "N5"
    },
    "dpd_date": "NA (Keys Available)",
    "flat_type": "2-Room Flexi (Short Lease/99-Year Lease)",
    "lcd_date": "01 Apr 2015",
    "pcd_date": "-",
    "quota_chinese": 1,
    "quota_malay": 0,
    "quota_other": 1,
    "street": "MONTREAL LINK",
    "town": "Sembawang"
}]
