[{
    "apartments": [
        {
            "area": 67.0,
            "floor": 9,
            "is_repurchased": false,
            "lease_price_list": [
                {
                    "lease": null,
                    "price": 166000
                }
            ],
            "unit": 475
        },
        {
            "area": 67.0,
            "floor": 10,
            "is_repurchased": false,
            "lease_price_list": [
                {
                    "lease": null,
                    "price": 167000
                }
            ],
            "unit": 475
        }
    ],
    "block_code": {
        "block_num": "104A",
        "contract": "C2",
        "neighbourhood": "N1"
    },
    "dpd_date": "30 Jun 2018",
    "flat_type": "3-Room (income ceiling $6,000)",
    "lcd_date": "-",
    "pcd_date": "06/2017",
    "quota_chinese": 2,
    "quota_malay": 0,
    "quota_other": 0,
    "street": "CANBERRA ST",
    "town": "Sembawang"
},
{
    "apartments": [
        {
            "area": 68.0,
            "floor": 8,
            "is_repurchased": false,
            "lease_price_list": [
                {
                    "lease": null,
                    "price": 167800
                }
            ],
            "unit": 557
        },
        {
            "area": 68.0,
            "floor": 9,
            "is_repurchased": false,
            "lease_price_list": [
                {
                    "lease": null,
                    "price": 168800
                }
            ],
            "unit": 557
        }
    ],
    "block_code": {
        "block_num": "104D",
        "contract": "C2",
        "neighbourhood": "N1"
    },
    "dpd_date": "NA (Keys Available)",
    "flat_type": "3-Room (income ceiling $6,000)",
    "lcd_date": "01 Jul 2018",
    "pcd_date": "-",
    "quota_chinese": 2,
    "quota_malay": 1,
    "quota_other": 0,
    "street": "CANBERRA ST",
    "town": "Sembawang"
},
{
    "apartments": [
        {
            "area": 67.0,
            "floor": 15,
            "is_repurchased": false,
            "lease_price_list": [
                {
                    "lease": null,
                    "price": 173800
                }
            ],
            "unit": 563
        }
    ],
    "block_code": {
        "block_num": "107A",
        "contract": "C2",
        "neighbourhood": "N1"
    },
    "dpd_date": "NA (Keys Available)",
    "flat_type": "3-Room (income ceiling $6,000)",
    "lcd_date": "01 Jul 2018",
    "pcd_date": "-",
    "quota_chinese": 1,
    "quota_malay": 0,
    "quota_other": 0,
    "street": "CANBERRA ST",
    "town": "Sembawang"
},
{
    "apartments": [
        {
            "area": 67.0,
            "floor": 12,
            "is_repurchased": false,
            "lease_price_list": [
                {
                    "lease": null,
                    "price": 169000
                }
            ],
            "unit": 581
        }
    ],
    "block_code": {
        "block_num": "107B",
        "contract": "C2",
        "neighbourhood": "N1"
    },
    "dpd_date": "NA (Keys Available)",
    "flat_type": "3-Room (income ceiling $6,000)",
    "lcd_date": "01 Jul 2018",
    "pcd_date": "-",
    "quota_chinese": 1,
    "quota_malay": 0,
    "quota_other": 0,
    "street": "CANBERRA ST",
    "town": "Sembawang"
},
{
    "apartments": [
        {
            "area": 67.0,
            "floor": 6,
            "is_repurchased": false,
            "lease_price_list": [
                {
                    "lease": null,
                    "price": 160000
                }
            ],
            "unit": 601
        }
    ],
    "block_code": {
        "block_num": "107C",
        "contract": "C2",
        "neighbourhood": "N1"
    },
    "dpd_date": "NA (Keys Available)",
    "flat_type": "3-Room (income ceiling $6,000)",
    "lcd_date": "01 Jul 2018",
    "pcd_date": "-",
    "quota_chinese": 1,
    "quota_malay": 0,
    "quota_other": 0,
    "street": "CANBERRA ST",
    "town": "Sembawang"
},
{
    "apartments": [
        {
            "area": 68.0,
            "floor": 10,
            "is_repurchased": false,
            "lease_price_list": [
                {
                    "lease": null,
                    "price": 176300
                }
            ],
            "unit": 139
        },
        {
            "area": 68.0,
            "floor": 4,
            "is_repurchased": false,
            "lease_price_list": [
                {
                    "lease": null,
                    "price": 164200
                }
            ],
            "unit": 141
        },
        {
            "area": 68.0,
            "floor": 9,
            "is_repurchased": false,
            "lease_price_list": [
                {
                    "lease": null,
                    "price": 175700
                }
            ],
            "unit": 141
        },
        {
            "area": 68.0,
            "floor": 11,
            "is_repurchased": false,
            "lease_price_list": [
                {
                    "lease": null,
                    "price": 173300
                }
            ],
            "unit": 141
        }
    ],
    "block_code": {
        "block_num": "115B",
        "contract": "C5",
        "neighbourhood": "N1"
    },
    "dpd_date": "30 Jun 2018",
    "flat_type": "3-Room (income ceiling $6,000)",
    "lcd_date": "-",
    "pcd_date": "07/2017",
    "quota_chinese": 4,
    "quota_malay": 0,
    "quota_other": 0,
    "street": "CANBERRA WALK",
    "town": "Sembawang"
},
{
    "apartments": [
        {
            "area": 68.0,
            "floor": 6,
            "is_repurchased": false,
            "lease_price_list": [
                {
                    "lease": null,
                    "price": 169700
                }
            ],
            "unit": 163
        }
    ],
    "block_code": {
        "block_num": "115C",
        "contract": "C5",
        "neighbourhood": "N1"
    },
    "dpd_date": "30 Jun 2018",
    "flat_type": "3-Room (income ceiling $6,000)",
    "lcd_date": "-",
    "pcd_date": "07/2017",
    "quota_chinese": 1,
    "quota_malay": 0,
    "quota_other": 1,
    "street": "CANBERRA WALK",
    "town": "Sembawang"
},
{
    "apartments": [
        {
            "area": 68.0,
            "floor": 5,
            "is_repurchased": false,
            "lease_price_list": [
                {
                    "lease": null,
                    "price": 155200
                }
            ],
            "unit": 181
        },
        {
            "area": 68.0,
            "floor": 10,
            "is_repurchased": false,
            "lease_price_list": [
                {
                    "lease": null,
                    "price": 175800
                }
            ],
            "unit": 181
        },
        {
            "area": 68.0,
            "floor": 4,
            "is_repurchased": false,
            "lease_price_list": [
                {
                    "lease": null,
                    "price": 160800
                }
            ],
            "unit": 193
        },
        {
            "area": 68.0,
            "floor": 8,
            "is_repurchased": false,
            "lease_price_list": [
                {
                    "lease": null,
                    "price": 174700
                }
            ],
            "unit": 193
        },
        {
            "area": 68.0,
            "floor": 9,
            "is_repurchased": false,
            "lease_price_list": [
                {
                    "lease": null,
                    "price": 172300
                }
            ],
            "unit": 195
        }
    ],
    "block_code": {
        "block_num": "115D",
        "contract": "C5",
        "neighbourhood": "N1"
    },
    "dpd_date": "30 Jun 2018",
    "flat_type": "3-Room (income ceiling $6,000)",
    "lcd_date": "-",
    "pcd_date": "07/2017",
    "quota_chinese": 5,
    "quota_malay": 1,
    "quota_other": 0,
    "street": "CANBERRA WALK",
    "town": "Sembawang"
},
{
    "apartments": [
        {
            "area": 68.0,
            "floor": 6,
            "is_repurchased": false,
            "lease_price_list": [
                {
                    "lease": null,
                    "price": 184700
                }
            ],
            "unit": 304
        },
        {
            "area": 68.0,
            "floor": 8,
            "is_repurchased": false,
            "lease_price_list": [
                {
                    "lease": null,
                    "price": 189700
                }
            ],
            "unit": 304
        }
    ],
    "block_code": {
        "block_num": "116A",
        "contract": "C6",
        "neighbourhood": "N1"
    },
    "dpd_date": "30 Apr 2020",
    "flat_type": "3-Room (income ceiling $6,000)",
    "lcd_date": "-",
    "pcd_date": "2Q/2019",
    "quota_chinese": 2,
    "quota_malay": 0,
    "quota_other": 0,
    "street": "CANBERRA CRES",
    "town": "Sembawang"
},
{
    "apartments": [
        {
            "area": 68.0,
            "floor": 11,
            "is_repurchased": false,
            "lease_price_list": [
                {
                    "lease": null,
                    "price": 187900
                }
            ],
            "unit": 386
        }
    ],
    "block_code": {
        "block_num": "117A",
        "contract": "C6",
        "neighbourhood": "N1"
    },
    "dpd_date": "30 Apr 2020",
    "flat_type": "3-Room (income ceiling $6,000)",
    "lcd_date": "-",
    "pcd_date": "2Q/2019",
    "quota_chinese": 1,
    "quota_malay": 0,
    "quota_other": 0,
    "street": "CANBERRA CRES",
    "town": "Sembawang"
},
{
    "apartments": [
        {
            "area": 68.0,
            "floor": 12,
            "is_repurchased": false,
            "lease_price_list": [
                {
                    "lease": null,
                    "price": 176900
                }
            ],
            "unit": 520
        }
    ],
    "block_code": {
        "block_num": "128B",
        "contract": "C10",
        "neighbourhood": "N1"
    },
    "dpd_date": "30 Sep 2018",
    "flat_type": "3-Room (income ceiling $6,000)",
    "lcd_date": "-",
    "pcd_date": "06/2017",
    "quota_chinese": 1,
    "quota_malay": 0,
    "quota_other": 0,
    "street": "CANBERRA ST",
    "town": "Sembawang"
},
{
    "apartments": [
        {
            "area": 68.0,
            "floor": 13,
            "is_repurchased": false,
            "lease_price_list": [
                {
                    "lease": null,
                    "price": 176900
                }
            ],
            "unit": 433
        }
    ],
    "block_code": {
        "block_num": "130A",
        "contract": "C10",
        "neighbourhood": "N1"
    },
    "dpd_date": "NA (Keys Available)",
    "flat_type": "3-Room (income ceiling $6,000)",
    "lcd_date": "01 Oct 2018",
    "pcd_date": "-",
    "quota_chinese": 1,
    "quota_malay": 1,
    "quota_other": 1,
    "street": "CANBERRA CRES",
    "town": "Sembawang"
},
{
    "apartments": [
        {
            "area": 68.0,
            "floor": 11,
            "is_repurchased": false,
            "lease_price_list": [
                {
                    "lease": null,
                    "price": 192300
                }
            ],
            "unit": 538
        },
        {
            "area": 68.0,
            "floor": 11,
            "is_repurchased": false,
            "lease_price_list": [
                {
                    "lease": null,
                    "price": 195300
                }
            ],
            "unit": 542
        }
    ],
    "block_code": {
        "block_num": "131A",
        "contract": "C12",
        "neighbourhood": "N1"
    },
    "dpd_date": "31 Aug 2020",
    "flat_type": "3-Room (income ceiling $6,000)",
    "lcd_date": "-",
    "pcd_date": "3Q/2019",
    "quota_chinese": 2,
    "quota_malay": 2,
    "quota_other": 2,
    "street": "CANBERRA CRES",
    "town": "Sembawang"
},
{
    "apartments": [
        {
            "area": 68.0,
            "floor": 2,
            "is_repurchased": false,
            "lease_price_list": [
                {
                    "lease": null,
                    "price": 174500
                }
            ],
            "unit": 556
        },
        {
            "area": 68.0,
            "floor": 4,
            "is_repurchased": false,
            "lease_price_list": [
                {
                    "lease": null,
                    "price": 180500
                }
            ],
            "unit": 556
        },
        {
            "area": 68.0,
            "floor": 6,
            "is_repurchased": false,
            "lease_price_list": [
                {
                    "lease": null,
                    "price": 189100
                }
            ],
            "unit": 556
        },
        {
            "area": 68.0,
            "floor": 8,
            "is_repurchased": false,
            "lease_price_list": [
                {
                    "lease": null,
                    "price": 193300
                }
            ],
            "unit": 556
        }
    ],
    "block_code": {
        "block_num": "131B",
        "contract": "C12",
        "neighbourhood": "N1"
    },
    "dpd_date": "31 Aug 2020",
    "flat_type": "3-Room (income ceiling $6,000)",
    "lcd_date": "-",
    "pcd_date": "3Q/2019",
    "quota_chinese": 4,
    "quota_malay": 3,
    "quota_other": 3,
    "street": "CANBERRA CRES",
    "town": "Sembawang"
},
{
    "apartments": [
        {
            "area": 68.0,
            "floor": 4,
            "is_repurchased": false,
            "lease_price_list": [
                {
                    "lease": null,
                    "price": 180500
                }
            ],
            "unit": 570
        },
        {
            "area": 68.0,
            "floor": 11,
            "is_repurchased": false,
            "lease_price_list": [
                {
                    "lease": null,
                    "price": 198400
                }
            ],
            "unit": 570
        },
        {
            "area": 68.0,
            "floor": 3,
            "is_repurchased": false,
            "lease_price_list": [
                {
                    "lease": null,
                    "price": 177500
                }
            ],
            "unit": 578
        },
        {
            "area": 68.0,
            "floor": 5,
            "is_repurchased": false,
            "lease_price_list": [
                {
                    "lease": null,
                    "price": 182700
                }
            ],
            "unit": 578
        }
    ],
    "block_code": {
        "block_num": "131C",
        "contract": "C12",
        "neighbourhood": "N1"
    },
    "dpd_date": "31 Aug 2020",
    "flat_type": "3-Room (income ceiling $6,000)",
    "lcd_date": "-",
    "pcd_date": "3Q/2019",
    "quota_chinese": 4,
    "quota_malay": 4,
    "quota_other": 3,
    "street": "CANBERRA CRES",
    "town": "Sembawang"
},
{
    "apartments": [
        {
            "area": 68.0,
            "floor": 2,
            "is_repurchased": false,
            "lease_price_list": [
                {
                    "lease": null,
                    "price": 177600
                }
            ],
            "unit": 504
        },
        {
            "area": 68.0,
            "floor": 6,
            "is_repurchased": false,
            "lease_price_list": [
                {
                    "lease": null,
                    "price": 189100
                }
            ],
            "unit": 508
        },
        {
            "area": 68.0,
            "floor": 3,
            "is_repurchased": false,
            "lease_price_list": [
                {
                    "lease": null,
                    "price": 174400
                }
            ],
            "unit": 510
        },
        {
            "area": 68.0,
            "floor": 4,
            "is_repurchased": false,
            "lease_price_list": [
                {
                    "lease": null,
                    "price": 177400
                }
            ],
            "unit": 510
        }
    ],
    "block_code": {
        "block_num": "132A",
        "contract": "C12",
        "neighbourhood": "N1"
    },
    "dpd_date": "31 Aug 2020",
    "flat_type": "3-Room (income ceiling $6,000)",
    "lcd_date": "-",
    "pcd_date": "3Q/2019",
    "quota_chinese": 4,
    "quota_malay": 4,
    "quota_other": 4,
    "street": "CANBERRA CRES",
    "town": "Sembawang"
},
{
    "apartments": [
        {
            "area": 68.0,
            "floor": 4,
            "is_repurchased": false,
            "lease_price_list": [
                {
                    "lease": null,
                    "price": 179700
                }
            ],
            "unit": 65
        }
    ],
    "block_code": {
        "block_num": "132B",
        "contract": "C12",
        "neighbourhood": "N1"
    },
    "dpd_date": "31 Aug 2020",
    "flat_type": "3-Room (income ceiling $6,000)",
    "lcd_date": "-",
    "pcd_date": "3Q/2019",
    "quota_chinese": 1,
    "quota_malay": 1,
    "quota_other": 1,
    "street": "CANBERRA VIEW",
    "town": "Sembawang"
},
{
    "apartments": [
        {
            "area": 68.0,
            "floor": 17,
            "is_repurchased": false,
            "lease_price_list": [
                {
                    "lease": null,
                    "price": 186800
                }
            ],
            "unit": 843
        }
    ],
    "block_code": {
        "block_num": "362A",
        "contract": "C8",
        "neighbourhood": "N3"
    },
    "dpd_date": "30 Apr 2019",
    "flat_type": "3-Room (income ceiling $6,000)",
    "lcd_date": "-",
    "pcd_date": "2Q/2018",
    "quota_chinese": 1,
    "quota_malay": 0,
    "quota_other": 0,
    "street": "SEMBAWANG CRES",
    "town": "Sembawang"
},
{
    "apartments": [
        {
            "area": 68.0,
            "floor": 4,
            "is_repurchased": false,
            "lease_price_list": [
                {
                    "lease": null,
                    "price": 168300
                }
            ],
            "unit": 799
        },
        {
            "area": 68.0,
            "floor": 11,
            "is_repurchased": false,
            "lease_price_list": [
                {
                    "lease": null,
                    "price": 184800
                }
            ],
            "unit": 799
        },
        {
            "area": 68.0,
            "floor": 14,
            "is_repurchased": false,
            "lease_price_list": [
                {
                    "lease": null,
                    "price": 187800
                }
            ],
            "unit": 799
        },
        {
            "area": 68.0,
            "floor": 4,
            "is_repurchased": false,
            "lease_price_list": [
                {
                    "lease": null,
                    "price": 168300
                }
            ],
            "unit": 801
        },
        {
            "area": 68.0,
            "floor": 6,
            "is_repurchased": false,
            "lease_price_list": [
                {
                    "lease": null,
                    "price": 173800
                }
            ],
            "unit": 801
        },
        {
            "area": 68.0,
            "floor": 8,
            "is_repurchased": false,
            "lease_price_list": [
                {
                    "lease": null,
                    "price": 180300
                }
            ],
            "unit": 801
        },
        {
            "area": 68.0,
            "floor": 9,
            "is_repurchased": false,
            "lease_price_list": [
                {
                    "lease": null,
                    "price": 182800
                }
            ],
            "unit": 801
        }
    ],
    "block_code": {
        "block_num": "362C",
        "contract": "C8",
        "neighbourhood": "N3"
    },
    "dpd_date": "30 Apr 2019",
    "flat_type": "3-Room (income ceiling $6,000)",
    "lcd_date": "-",
    "pcd_date": "2Q/2018",
    "quota_chinese": 7,
    "quota_malay": 0,
    "quota_other": 0,
    "street": "SEMBAWANG CRES",
    "town": "Sembawang"
},
{
    "apartments": [
        {
            "area": 68.0,
            "floor": 16,
            "is_repurchased": false,
            "lease_price_list": [
                {
                    "lease": null,
                    "price": 188800
                }
            ],
            "unit": 723
        }
    ],
    "block_code": {
        "block_num": "363A",
        "contract": "C8",
        "neighbourhood": "N3"
    },
    "dpd_date": "30 Apr 2019",
    "flat_type": "3-Room (income ceiling $6,000)",
    "lcd_date": "-",
    "pcd_date": "2Q/2018",
    "quota_chinese": 1,
    "quota_malay": 1,
    "quota_other": 0,
    "street": "SEMBAWANG CRES",
    "town": "Sembawang"
},
{
    "apartments": [
        {
            "area": 68.0,
            "floor": 14,
            "is_repurchased": false,
            "lease_price_list": [
                {
                    "lease": null,
                    "price": 177500
                }
            ],
            "unit": 747
        }
    ],
    "block_code": {
        "block_num": "363B",
        "contract": "C8",
        "neighbourhood": "N3"
    },
    "dpd_date": "30 Apr 2019",
    "flat_type": "3-Room (income ceiling $6,000)",
    "lcd_date": "-",
    "pcd_date": "2Q/2018",
    "quota_chinese": 1,
    "quota_malay": 1,
    "quota_other": 1,
    "street": "SEMBAWANG CRES",
    "town": "Sembawang"
},
{
    "apartments": [
        {
            "area": 68.0,
            "floor": 10,
            "is_repurchased": false,
            "lease_price_list": [
                {
                    "lease": null,
                    "price": 176400
                }
            ],
            "unit": 183
        }
    ],
    "block_code": {
        "block_num": "366B",
        "contract": "C7",
        "neighbourhood": "N3"
    },
    "dpd_date": "31 Mar 2019",
    "flat_type": "3-Room (income ceiling $6,000)",
    "lcd_date": "-",
    "pcd_date": "1Q/2018",
    "quota_chinese": 1,
    "quota_malay": 1,
    "quota_other": 1,
    "street": "SEMBAWANG CRES",
    "town": "Sembawang"
},
{
    "apartments": [
        {
            "area": 68.0,
            "floor": 12,
            "is_repurchased": true,
            "lease_price_list": [
                {
                    "lease": null,
                    "price": 184900
                }
            ],
            "unit": 47
        }
    ],
    "block_code": {
        "block_num": "590B",
        "contract": "C1A",
        "neighbourhood": "N5"
    },
    "dpd_date": "NA (Keys Available)",
    "flat_type": "3-Room (income ceiling $6,000)",
    "lcd_date": "01 Apr 2015",
    "pcd_date": "-",
    "quota_chinese": 1,
    "quota_malay": 1,
    "quota_other": 1,
    "street": "MONTREAL LINK",
    "town": "Sembawang"
},
{
    "apartments": [
        {
            "area": 68.0,
            "floor": 11,
            "is_repurchased": true,
            "lease_price_list": [
                {
                    "lease": null,
                    "price": 183100
                }
            ],
            "unit": 48
        }
    ],
    "block_code": {
        "block_num": "593B",
        "contract": "C1B",
        "neighbourhood": "N5"
    },
    "dpd_date": "NA (Keys Available)",
    "flat_type": "3-Room (income ceiling $6,000)",
    "lcd_date": "01 Apr 2015",
    "pcd_date": "-",
    "quota_chinese": 1,
    "quota_malay": 0,
    "quota_other": 0,
    "street": "MONTREAL LINK",
    "town": "Sembawang"
}]
