[{
    "apartments": [
        {
            "area": 93.0,
            "floor": 9,
            "is_repurchased": false,
            "lease_price_list": [
                {
                    "lease": null,
                    "price": 265400
                }
            ],
            "unit": 483
        }
    ],
    "block_code": {
        "block_num": "104A",
        "contract": "C2",
        "neighbourhood": "N1"
    },
    "dpd_date": "30 Jun 2018",
    "flat_type": "4-Room",
    "lcd_date": "-",
    "pcd_date": "06/2017",
    "quota_chinese": 1,
    "quota_malay": 0,
    "quota_other": 0,
    "street": "CANBERRA ST",
    "town": "Sembawang"
},
{
    "apartments": [
        {
            "area": 93.0,
            "floor": 11,
            "is_repurchased": false,
            "lease_price_list": [
                {
                    "lease": null,
                    "price": 268200
                }
            ],
            "unit": 593
        }
    ],
    "block_code": {
        "block_num": "107B",
        "contract": "C2",
        "neighbourhood": "N1"
    },
    "dpd_date": "NA (Keys Available)",
    "flat_type": "4-Room",
    "lcd_date": "01 Jul 2018",
    "pcd_date": "-",
    "quota_chinese": 1,
    "quota_malay": 0,
    "quota_other": 0,
    "street": "CANBERRA ST",
    "town": "Sembawang"
},
{
    "apartments": [
        {
            "area": 93.0,
            "floor": 13,
            "is_repurchased": false,
            "lease_price_list": [
                {
                    "lease": null,
                    "price": 283900
                }
            ],
            "unit": 43
        }
    ],
    "block_code": {
        "block_num": "108B",
        "contract": "C4",
        "neighbourhood": "N1"
    },
    "dpd_date": "30 Apr 2018",
    "flat_type": "4-Room",
    "lcd_date": "-",
    "pcd_date": "07/2017",
    "quota_chinese": 1,
    "quota_malay": 0,
    "quota_other": 0,
    "street": "CANBERRA WALK",
    "town": "Sembawang"
},
{
    "apartments": [
        {
            "area": 93.0,
            "floor": 12,
            "is_repurchased": false,
            "lease_price_list": [
                {
                    "lease": null,
                    "price": 282500
                }
            ],
            "unit": 29
        }
    ],
    "block_code": {
        "block_num": "108C",
        "contract": "C4",
        "neighbourhood": "N1"
    },
    "dpd_date": "30 Apr 2018",
    "flat_type": "4-Room",
    "lcd_date": "-",
    "pcd_date": "07/2017",
    "quota_chinese": 1,
    "quota_malay": 1,
    "quota_other": 0,
    "street": "CANBERRA WALK",
    "town": "Sembawang"
},
{
    "apartments": [
        {
            "area": 93.0,
            "floor": 7,
            "is_repurchased": false,
            "lease_price_list": [
                {
                    "lease": null,
                    "price": 272700
                }
            ],
            "unit": 135
        }
    ],
    "block_code": {
        "block_num": "115B",
        "contract": "C5",
        "neighbourhood": "N1"
    },
    "dpd_date": "30 Jun 2018",
    "flat_type": "4-Room",
    "lcd_date": "-",
    "pcd_date": "07/2017",
    "quota_chinese": 1,
    "quota_malay": 1,
    "quota_other": 0,
    "street": "CANBERRA WALK",
    "town": "Sembawang"
},
{
    "apartments": [
        {
            "area": 93.0,
            "floor": 7,
            "is_repurchased": false,
            "lease_price_list": [
                {
                    "lease": null,
                    "price": 282000
                }
            ],
            "unit": 165
        }
    ],
    "block_code": {
        "block_num": "115C",
        "contract": "C5",
        "neighbourhood": "N1"
    },
    "dpd_date": "30 Jun 2018",
    "flat_type": "4-Room",
    "lcd_date": "-",
    "pcd_date": "07/2017",
    "quota_chinese": 1,
    "quota_malay": 0,
    "quota_other": 0,
    "street": "CANBERRA WALK",
    "town": "Sembawang"
},
{
    "apartments": [
        {
            "area": 93.0,
            "floor": 10,
            "is_repurchased": false,
            "lease_price_list": [
                {
                    "lease": null,
                    "price": 292500
                }
            ],
            "unit": 325
        }
    ],
    "block_code": {
        "block_num": "119B",
        "contract": "C7",
        "neighbourhood": "N1"
    },
    "dpd_date": "NA (Keys Available)",
    "flat_type": "4-Room",
    "lcd_date": "01 Feb 2018",
    "pcd_date": "-",
    "quota_chinese": 1,
    "quota_malay": 0,
    "quota_other": 0,
    "street": "CANBERRA CRES",
    "town": "Sembawang"
},
{
    "apartments": [
        {
            "area": 93.0,
            "floor": 8,
            "is_repurchased": false,
            "lease_price_list": [
                {
                    "lease": null,
                    "price": 288600
                }
            ],
            "unit": 709
        },
        {
            "area": 93.0,
            "floor": 4,
            "is_repurchased": false,
            "lease_price_list": [
                {
                    "lease": null,
                    "price": 259200
                }
            ],
            "unit": 715
        }
    ],
    "block_code": {
        "block_num": "121A",
        "contract": "C8",
        "neighbourhood": "N1"
    },
    "dpd_date": "NA (Keys Available)",
    "flat_type": "4-Room",
    "lcd_date": "01 Jan 2018",
    "pcd_date": "-",
    "quota_chinese": 2,
    "quota_malay": 0,
    "quota_other": 1,
    "street": "CANBERRA ST",
    "town": "Sembawang"
},
{
    "apartments": [
        {
            "area": 93.0,
            "floor": 6,
            "is_repurchased": false,
            "lease_price_list": [
                {
                    "lease": null,
                    "price": 291400
                }
            ],
            "unit": 737
        }
    ],
    "block_code": {
        "block_num": "121C",
        "contract": "C8",
        "neighbourhood": "N1"
    },
    "dpd_date": "NA (Keys Available)",
    "flat_type": "4-Room",
    "lcd_date": "01 Jan 2018",
    "pcd_date": "-",
    "quota_chinese": 1,
    "quota_malay": 0,
    "quota_other": 0,
    "street": "CANBERRA ST",
    "town": "Sembawang"
},
{
    "apartments": [
        {
            "area": 93.0,
            "floor": 12,
            "is_repurchased": false,
            "lease_price_list": [
                {
                    "lease": null,
                    "price": 284600
                }
            ],
            "unit": 743
        }
    ],
    "block_code": {
        "block_num": "121D",
        "contract": "C8",
        "neighbourhood": "N1"
    },
    "dpd_date": "NA (Keys Available)",
    "flat_type": "4-Room",
    "lcd_date": "01 Jan 2018",
    "pcd_date": "-",
    "quota_chinese": 1,
    "quota_malay": 0,
    "quota_other": 0,
    "street": "CANBERRA ST",
    "town": "Sembawang"
},
{
    "apartments": [
        {
            "area": 93.0,
            "floor": 4,
            "is_repurchased": false,
            "lease_price_list": [
                {
                    "lease": null,
                    "price": 262900
                }
            ],
            "unit": 560
        }
    ],
    "block_code": {
        "block_num": "128C",
        "contract": "C10",
        "neighbourhood": "N1"
    },
    "dpd_date": "30 Sep 2018",
    "flat_type": "4-Room",
    "lcd_date": "-",
    "pcd_date": "07/2017",
    "quota_chinese": 1,
    "quota_malay": 1,
    "quota_other": 0,
    "street": "CANBERRA ST",
    "town": "Sembawang"
},
{
    "apartments": [
        {
            "area": 93.0,
            "floor": 3,
            "is_repurchased": false,
            "lease_price_list": [
                {
                    "lease": null,
                    "price": 253700
                }
            ],
            "unit": 644
        },
        {
            "area": 93.0,
            "floor": 10,
            "is_repurchased": false,
            "lease_price_list": [
                {
                    "lease": null,
                    "price": 280700
                }
            ],
            "unit": 646
        }
    ],
    "block_code": {
        "block_num": "129A",
        "contract": "C10",
        "neighbourhood": "N1"
    },
    "dpd_date": "NA (Keys Available)",
    "flat_type": "4-Room",
    "lcd_date": "01 Oct 2018",
    "pcd_date": "-",
    "quota_chinese": 2,
    "quota_malay": 0,
    "quota_other": 2,
    "street": "CANBERRA ST",
    "town": "Sembawang"
},
{
    "apartments": [
        {
            "area": 93.0,
            "floor": 6,
            "is_repurchased": false,
            "lease_price_list": [
                {
                    "lease": null,
                    "price": 266200
                }
            ],
            "unit": 600
        },
        {
            "area": 93.0,
            "floor": 7,
            "is_repurchased": false,
            "lease_price_list": [
                {
                    "lease": null,
                    "price": 269700
                }
            ],
            "unit": 624
        }
    ],
    "block_code": {
        "block_num": "129B",
        "contract": "C10",
        "neighbourhood": "N1"
    },
    "dpd_date": "NA (Keys Available)",
    "flat_type": "4-Room",
    "lcd_date": "01 Oct 2018",
    "pcd_date": "-",
    "quota_chinese": 2,
    "quota_malay": 1,
    "quota_other": 2,
    "street": "CANBERRA ST",
    "town": "Sembawang"
},
{
    "apartments": [
        {
            "area": 93.0,
            "floor": 2,
            "is_repurchased": false,
            "lease_price_list": [
                {
                    "lease": null,
                    "price": 258600
                }
            ],
            "unit": 590
        },
        {
            "area": 93.0,
            "floor": 7,
            "is_repurchased": false,
            "lease_price_list": [
                {
                    "lease": null,
                    "price": 278500
                }
            ],
            "unit": 592
        }
    ],
    "block_code": {
        "block_num": "129C",
        "contract": "C10",
        "neighbourhood": "N1"
    },
    "dpd_date": "NA (Keys Available)",
    "flat_type": "4-Room",
    "lcd_date": "01 Oct 2018",
    "pcd_date": "-",
    "quota_chinese": 2,
    "quota_malay": 1,
    "quota_other": 2,
    "street": "CANBERRA ST",
    "town": "Sembawang"
},
{
    "apartments": [
        {
            "area": 93.0,
            "floor": 4,
            "is_repurchased": false,
            "lease_price_list": [
                {
                    "lease": null,
                    "price": 253500
                }
            ],
            "unit": 445
        },
        {
            "area": 93.0,
            "floor": 3,
            "is_repurchased": false,
            "lease_price_list": [
                {
                    "lease": null,
                    "price": 249000
                }
            ],
            "unit": 447
        },
        {
            "area": 93.0,
            "floor": 4,
            "is_repurchased": false,
            "lease_price_list": [
                {
                    "lease": null,
                    "price": 248800
                }
            ],
            "unit": 449
        }
    ],
    "block_code": {
        "block_num": "130A",
        "contract": "C10",
        "neighbourhood": "N1"
    },
    "dpd_date": "NA (Keys Available)",
    "flat_type": "4-Room",
    "lcd_date": "01 Oct 2018",
    "pcd_date": "-",
    "quota_chinese": 3,
    "quota_malay": 3,
    "quota_other": 3,
    "street": "CANBERRA CRES",
    "town": "Sembawang"
},
{
    "apartments": [
        {
            "area": 93.0,
            "floor": 4,
            "is_repurchased": false,
            "lease_price_list": [
                {
                    "lease": null,
                    "price": 253500
                }
            ],
            "unit": 455
        },
        {
            "area": 93.0,
            "floor": 12,
            "is_repurchased": false,
            "lease_price_list": [
                {
                    "lease": null,
                    "price": 278200
                }
            ],
            "unit": 455
        }
    ],
    "block_code": {
        "block_num": "130B",
        "contract": "C10",
        "neighbourhood": "N1"
    },
    "dpd_date": "NA (Keys Available)",
    "flat_type": "4-Room",
    "lcd_date": "01 Oct 2018",
    "pcd_date": "-",
    "quota_chinese": 2,
    "quota_malay": 2,
    "quota_other": 2,
    "street": "CANBERRA CRES",
    "town": "Sembawang"
},
{
    "apartments": [
        {
            "area": 92.0,
            "floor": 4,
            "is_repurchased": false,
            "lease_price_list": [
                {
                    "lease": null,
                    "price": 278500
                }
            ],
            "unit": 526
        }
    ],
    "block_code": {
        "block_num": "131A",
        "contract": "C12",
        "neighbourhood": "N1"
    },
    "dpd_date": "31 Aug 2020",
    "flat_type": "4-Room",
    "lcd_date": "-",
    "pcd_date": "3Q/2019",
    "quota_chinese": 1,
    "quota_malay": 1,
    "quota_other": 1,
    "street": "CANBERRA CRES",
    "town": "Sembawang"
},
{
    "apartments": [
        {
            "area": 92.0,
            "floor": 3,
            "is_repurchased": false,
            "lease_price_list": [
                {
                    "lease": null,
                    "price": 277500
                }
            ],
            "unit": 516
        },
        {
            "area": 92.0,
            "floor": 6,
            "is_repurchased": false,
            "lease_price_list": [
                {
                    "lease": null,
                    "price": 295700
                }
            ],
            "unit": 516
        }
    ],
    "block_code": {
        "block_num": "132A",
        "contract": "C12",
        "neighbourhood": "N1"
    },
    "dpd_date": "31 Aug 2020",
    "flat_type": "4-Room",
    "lcd_date": "-",
    "pcd_date": "3Q/2019",
    "quota_chinese": 2,
    "quota_malay": 2,
    "quota_other": 2,
    "street": "CANBERRA CRES",
    "town": "Sembawang"
},
{
    "apartments": [
        {
            "area": 92.0,
            "floor": 5,
            "is_repurchased": false,
            "lease_price_list": [
                {
                    "lease": null,
                    "price": 291400
                }
            ],
            "unit": 51
        }
    ],
    "block_code": {
        "block_num": "132B",
        "contract": "C12",
        "neighbourhood": "N1"
    },
    "dpd_date": "31 Aug 2020",
    "flat_type": "4-Room",
    "lcd_date": "-",
    "pcd_date": "3Q/2019",
    "quota_chinese": 1,
    "quota_malay": 1,
    "quota_other": 1,
    "street": "CANBERRA VIEW",
    "town": "Sembawang"
},
{
    "apartments": [
        {
            "area": 93.0,
            "floor": 5,
            "is_repurchased": false,
            "lease_price_list": [
                {
                    "lease": null,
                    "price": 278100
                }
            ],
            "unit": 847
        },
        {
            "area": 93.0,
            "floor": 8,
            "is_repurchased": false,
            "lease_price_list": [
                {
                    "lease": null,
                    "price": 277900
                }
            ],
            "unit": 853
        }
    ],
    "block_code": {
        "block_num": "362A",
        "contract": "C8",
        "neighbourhood": "N3"
    },
    "dpd_date": "30 Apr 2019",
    "flat_type": "4-Room",
    "lcd_date": "-",
    "pcd_date": "2Q/2018",
    "quota_chinese": 2,
    "quota_malay": 2,
    "quota_other": 1,
    "street": "SEMBAWANG CRES",
    "town": "Sembawang"
},
{
    "apartments": [
        {
            "area": 93.0,
            "floor": 5,
            "is_repurchased": false,
            "lease_price_list": [
                {
                    "lease": null,
                    "price": 273200
                }
            ],
            "unit": 719
        }
    ],
    "block_code": {
        "block_num": "363A",
        "contract": "C8",
        "neighbourhood": "N3"
    },
    "dpd_date": "30 Apr 2019",
    "flat_type": "4-Room",
    "lcd_date": "-",
    "pcd_date": "2Q/2018",
    "quota_chinese": 1,
    "quota_malay": 1,
    "quota_other": 1,
    "street": "SEMBAWANG CRES",
    "town": "Sembawang"
},
{
    "apartments": [
        {
            "area": 93.0,
            "floor": 9,
            "is_repurchased": false,
            "lease_price_list": [
                {
                    "lease": null,
                    "price": 291600
                }
            ],
            "unit": 123
        },
        {
            "area": 93.0,
            "floor": 10,
            "is_repurchased": false,
            "lease_price_list": [
                {
                    "lease": null,
                    "price": 283600
                }
            ],
            "unit": 131
        }
    ],
    "block_code": {
        "block_num": "365B",
        "contract": "C7",
        "neighbourhood": "N3"
    },
    "dpd_date": "31 Mar 2019",
    "flat_type": "4-Room",
    "lcd_date": "-",
    "pcd_date": "1Q/2018",
    "quota_chinese": 2,
    "quota_malay": 2,
    "quota_other": 0,
    "street": "SEMBAWANG CRES",
    "town": "Sembawang"
},
{
    "apartments": [
        {
            "area": 93.0,
            "floor": 12,
            "is_repurchased": false,
            "lease_price_list": [
                {
                    "lease": null,
                    "price": 286400
                }
            ],
            "unit": 141
        },
        {
            "area": 93.0,
            "floor": 6,
            "is_repurchased": false,
            "lease_price_list": [
                {
                    "lease": null,
                    "price": 273800
                }
            ],
            "unit": 143
        }
    ],
    "block_code": {
        "block_num": "365C",
        "contract": "C7",
        "neighbourhood": "N3"
    },
    "dpd_date": "31 Mar 2019",
    "flat_type": "4-Room",
    "lcd_date": "-",
    "pcd_date": "1Q/2018",
    "quota_chinese": 2,
    "quota_malay": 2,
    "quota_other": 1,
    "street": "SEMBAWANG CRES",
    "town": "Sembawang"
},
{
    "apartments": [
        {
            "area": 93.0,
            "floor": 11,
            "is_repurchased": false,
            "lease_price_list": [
                {
                    "lease": null,
                    "price": 279700
                }
            ],
            "unit": 179
        }
    ],
    "block_code": {
        "block_num": "366A",
        "contract": "C7",
        "neighbourhood": "N3"
    },
    "dpd_date": "31 Mar 2019",
    "flat_type": "4-Room",
    "lcd_date": "-",
    "pcd_date": "1Q/2018",
    "quota_chinese": 1,
    "quota_malay": 1,
    "quota_other": 0,
    "street": "SEMBAWANG CRES",
    "town": "Sembawang"
},
{
    "apartments": [
        {
            "area": 93.0,
            "floor": 4,
            "is_repurchased": false,
            "lease_price_list": [
                {
                    "lease": null,
                    "price": 291500
                }
            ],
            "unit": 36
        }
    ],
    "block_code": {
        "block_num": "592C",
        "contract": "C1B",
        "neighbourhood": "N5"
    },
    "dpd_date": "NA (Keys Available)",
    "flat_type": "4-Room",
    "lcd_date": "01 Apr 2015",
    "pcd_date": "-",
    "quota_chinese": 1,
    "quota_malay": 0,
    "quota_other": 1,
    "street": "MONTREAL LINK",
    "town": "Sembawang"
},
{
    "apartments": [
        {
            "area": 93.0,
            "floor": 16,
            "is_repurchased": false,
            "lease_price_list": [
                {
                    "lease": null,
                    "price": 321300
                }
            ],
            "unit": 66
        }
    ],
    "block_code": {
        "block_num": "593A",
        "contract": "C1B",
        "neighbourhood": "N5"
    },
    "dpd_date": "NA (Keys Available)",
    "flat_type": "4-Room",
    "lcd_date": "01 Apr 2015",
    "pcd_date": "-",
    "quota_chinese": 1,
    "quota_malay": 0,
    "quota_other": 1,
    "street": "MONTREAL LINK",
    "town": "Sembawang"
}]
