[{
    "apartments": [
        {
            "area": 113.0,
            "floor": 8,
            "is_repurchased": false,
            "lease_price_list": [
                {
                    "lease": null,
                    "price": 364700
                }
            ],
            "unit": 15
        }
    ],
    "block_code": {
        "block_num": "108A",
        "contract": "C4",
        "neighbourhood": "N1"
    },
    "dpd_date": "30 Apr 2018",
    "flat_type": "5-Room",
    "lcd_date": "-",
    "pcd_date": "07/2017",
    "quota_chinese": 1,
    "quota_malay": 0,
    "quota_other": 0,
    "street": "CANBERRA WALK",
    "town": "Sembawang"
},
{
    "apartments": [
        {
            "area": 113.0,
            "floor": 13,
            "is_repurchased": false,
            "lease_price_list": [
                {
                    "lease": null,
                    "price": 371600
                }
            ],
            "unit": 37
        },
        {
            "area": 113.0,
            "floor": 14,
            "is_repurchased": false,
            "lease_price_list": [
                {
                    "lease": null,
                    "price": 371600
                }
            ],
            "unit": 41
        }
    ],
    "block_code": {
        "block_num": "108B",
        "contract": "C4",
        "neighbourhood": "N1"
    },
    "dpd_date": "30 Apr 2018",
    "flat_type": "5-Room",
    "lcd_date": "-",
    "pcd_date": "07/2017",
    "quota_chinese": 1,
    "quota_malay": 0,
    "quota_other": 1,
    "street": "CANBERRA WALK",
    "town": "Sembawang"
},
{
    "apartments": [
        {
            "area": 113.0,
            "floor": 9,
            "is_repurchased": false,
            "lease_price_list": [
                {
                    "lease": null,
                    "price": 366300
                }
            ],
            "unit": 19
        },
        {
            "area": 113.0,
            "floor": 10,
            "is_repurchased": false,
            "lease_price_list": [
                {
                    "lease": null,
                    "price": 367900
                }
            ],
            "unit": 19
        }
    ],
    "block_code": {
        "block_num": "108C",
        "contract": "C4",
        "neighbourhood": "N1"
    },
    "dpd_date": "30 Apr 2018",
    "flat_type": "5-Room",
    "lcd_date": "-",
    "pcd_date": "07/2017",
    "quota_chinese": 1,
    "quota_malay": 1,
    "quota_other": 0,
    "street": "CANBERRA WALK",
    "town": "Sembawang"
},
{
    "apartments": [
        {
            "area": 113.0,
            "floor": 7,
            "is_repurchased": false,
            "lease_price_list": [
                {
                    "lease": null,
                    "price": 359400
                }
            ],
            "unit": 311
        }
    ],
    "block_code": {
        "block_num": "119A",
        "contract": "C7",
        "neighbourhood": "N1"
    },
    "dpd_date": "NA (Keys Available)",
    "flat_type": "5-Room",
    "lcd_date": "01 Feb 2018",
    "pcd_date": "-",
    "quota_chinese": 1,
    "quota_malay": 1,
    "quota_other": 0,
    "street": "CANBERRA CRES",
    "town": "Sembawang"
},
{
    "apartments": [
        {
            "area": 113.0,
            "floor": 7,
            "is_repurchased": false,
            "lease_price_list": [
                {
                    "lease": null,
                    "price": 350300
                }
            ],
            "unit": 331
        },
        {
            "area": 113.0,
            "floor": 7,
            "is_repurchased": false,
            "lease_price_list": [
                {
                    "lease": null,
                    "price": 356400
                }
            ],
            "unit": 335
        }
    ],
    "block_code": {
        "block_num": "119B",
        "contract": "C7",
        "neighbourhood": "N1"
    },
    "dpd_date": "NA (Keys Available)",
    "flat_type": "5-Room",
    "lcd_date": "01 Feb 2018",
    "pcd_date": "-",
    "quota_chinese": 1,
    "quota_malay": 0,
    "quota_other": 1,
    "street": "CANBERRA CRES",
    "town": "Sembawang"
},
{
    "apartments": [
        {
            "area": 113.0,
            "floor": 8,
            "is_repurchased": false,
            "lease_price_list": [
                {
                    "lease": null,
                    "price": 360900
                }
            ],
            "unit": 391
        }
    ],
    "block_code": {
        "block_num": "120C",
        "contract": "C7",
        "neighbourhood": "N1"
    },
    "dpd_date": "NA (Keys Available)",
    "flat_type": "5-Room",
    "lcd_date": "01 Feb 2018",
    "pcd_date": "-",
    "quota_chinese": 1,
    "quota_malay": 0,
    "quota_other": 0,
    "street": "CANBERRA CRES",
    "town": "Sembawang"
},
{
    "apartments": [
        {
            "area": 113.0,
            "floor": 6,
            "is_repurchased": false,
            "lease_price_list": [
                {
                    "lease": null,
                    "price": 357900
                }
            ],
            "unit": 397
        },
        {
            "area": 113.0,
            "floor": 7,
            "is_repurchased": false,
            "lease_price_list": [
                {
                    "lease": null,
                    "price": 362400
                }
            ],
            "unit": 399
        }
    ],
    "block_code": {
        "block_num": "120D",
        "contract": "C7",
        "neighbourhood": "N1"
    },
    "dpd_date": "NA (Keys Available)",
    "flat_type": "5-Room",
    "lcd_date": "01 Feb 2018",
    "pcd_date": "-",
    "quota_chinese": 2,
    "quota_malay": 0,
    "quota_other": 0,
    "street": "CANBERRA CRES",
    "town": "Sembawang"
},
{
    "apartments": [
        {
            "area": 113.0,
            "floor": 9,
            "is_repurchased": false,
            "lease_price_list": [
                {
                    "lease": null,
                    "price": 362300
                }
            ],
            "unit": 703
        }
    ],
    "block_code": {
        "block_num": "121A",
        "contract": "C8",
        "neighbourhood": "N1"
    },
    "dpd_date": "NA (Keys Available)",
    "flat_type": "5-Room",
    "lcd_date": "01 Jan 2018",
    "pcd_date": "-",
    "quota_chinese": 1,
    "quota_malay": 0,
    "quota_other": 0,
    "street": "CANBERRA ST",
    "town": "Sembawang"
},
{
    "apartments": [
        {
            "area": 113.0,
            "floor": 7,
            "is_repurchased": false,
            "lease_price_list": [
                {
                    "lease": null,
                    "price": 356200
                }
            ],
            "unit": 731
        },
        {
            "area": 113.0,
            "floor": 7,
            "is_repurchased": false,
            "lease_price_list": [
                {
                    "lease": null,
                    "price": 368600
                }
            ],
            "unit": 733
        }
    ],
    "block_code": {
        "block_num": "121C",
        "contract": "C8",
        "neighbourhood": "N1"
    },
    "dpd_date": "NA (Keys Available)",
    "flat_type": "5-Room",
    "lcd_date": "01 Jan 2018",
    "pcd_date": "-",
    "quota_chinese": 1,
    "quota_malay": 0,
    "quota_other": 1,
    "street": "CANBERRA ST",
    "town": "Sembawang"
},
{
    "apartments": [
        {
            "area": 113.0,
            "floor": 7,
            "is_repurchased": false,
            "lease_price_list": [
                {
                    "lease": null,
                    "price": 350000
                }
            ],
            "unit": 755
        },
        {
            "area": 113.0,
            "floor": 9,
            "is_repurchased": false,
            "lease_price_list": [
                {
                    "lease": null,
                    "price": 356100
                }
            ],
            "unit": 755
        }
    ],
    "block_code": {
        "block_num": "121D",
        "contract": "C8",
        "neighbourhood": "N1"
    },
    "dpd_date": "NA (Keys Available)",
    "flat_type": "5-Room",
    "lcd_date": "01 Jan 2018",
    "pcd_date": "-",
    "quota_chinese": 2,
    "quota_malay": 0,
    "quota_other": 0,
    "street": "CANBERRA ST",
    "town": "Sembawang"
},
{
    "apartments": [
        {
            "area": 113.0,
            "floor": 10,
            "is_repurchased": false,
            "lease_price_list": [
                {
                    "lease": null,
                    "price": 364500
                }
            ],
            "unit": 502
        },
        {
            "area": 113.0,
            "floor": 11,
            "is_repurchased": false,
            "lease_price_list": [
                {
                    "lease": null,
                    "price": 366100
                }
            ],
            "unit": 502
        }
    ],
    "block_code": {
        "block_num": "128A",
        "contract": "C10",
        "neighbourhood": "N1"
    },
    "dpd_date": "NA (Keys Available)",
    "flat_type": "5-Room",
    "lcd_date": "01 Oct 2018",
    "pcd_date": "-",
    "quota_chinese": 2,
    "quota_malay": 0,
    "quota_other": 0,
    "street": "CANBERRA ST",
    "town": "Sembawang"
},
{
    "apartments": [
        {
            "area": 113.0,
            "floor": 8,
            "is_repurchased": false,
            "lease_price_list": [
                {
                    "lease": null,
                    "price": 367400
                }
            ],
            "unit": 556
        },
        {
            "area": 113.0,
            "floor": 8,
            "is_repurchased": false,
            "lease_price_list": [
                {
                    "lease": null,
                    "price": 361300
                }
            ],
            "unit": 564
        }
    ],
    "block_code": {
        "block_num": "128C",
        "contract": "C10",
        "neighbourhood": "N1"
    },
    "dpd_date": "30 Sep 2018",
    "flat_type": "5-Room",
    "lcd_date": "-",
    "pcd_date": "07/2017",
    "quota_chinese": 2,
    "quota_malay": 0,
    "quota_other": 1,
    "street": "CANBERRA ST",
    "town": "Sembawang"
}]
