[{
    "apartments": [
        {
            "area": 136.0,
            "floor": 15,
            "is_repurchased": true,
            "lease_price_list": [
                {
                    "lease": null,
                    "price": 477000
                }
            ],
            "unit": 160
        }
    ],
    "block_code": {
        "block_num": "338",
        "contract": "C15",
        "neighbourhood": "N3"
    },
    "dpd_date": "NA (Keys Available)",
    "flat_type": "Executive",
    "lcd_date": "01 Jul 1999",
    "pcd_date": "-",
    "quota_chinese": 1,
    "quota_malay": 1,
    "quota_other": 1,
    "street": "SEMBAWANG CRES",
    "town": "Sembawang"
},
{
    "apartments": [
        {
            "area": 137.0,
            "floor": 10,
            "is_repurchased": true,
            "lease_price_list": [
                {
                    "lease": null,
                    "price": 405000
                }
            ],
            "unit": 213
        }
    ],
    "block_code": {
        "block_num": "468D",
        "contract": "C5",
        "neighbourhood": "N4"
    },
    "dpd_date": "NA (Keys Available)",
    "flat_type": "Executive",
    "lcd_date": "01 May 2001",
    "pcd_date": "-",
    "quota_chinese": 1,
    "quota_malay": 1,
    "quota_other": 1,
    "street": "ADMIRALTY DR",
    "town": "Sembawang"
}]
