[{
    "apartments": [
        {
            "area": 104.0,
            "floor": 9,
            "is_repurchased": true,
            "lease_price_list": [
                {
                    "lease": null,
                    "price": 261000
                }
            ],
            "unit": 48
        }
    ],
    "block_code": {
        "block_num": "272",
        "contract": "C9",
        "neighbourhood": "N2"
    },
    "dpd_date": "NA (Keys Available)",
    "flat_type": "4-Room",
    "lcd_date": "01 Dec 1988",
    "pcd_date": "-",
    "quota_chinese": 1,
    "quota_malay": 1,
    "quota_other": 1,
    "street": "BANGKIT RD",
    "town": "Bukit Panjang"
},
{
    "apartments": [
        {
            "area": 104.0,
            "floor": 5,
            "is_repurchased": true,
            "lease_price_list": [
                {
                    "lease": null,
                    "price": 256000
                }
            ],
            "unit": 649
        }
    ],
    "block_code": {
        "block_num": "435",
        "contract": "C3",
        "neighbourhood": "N4"
    },
    "dpd_date": "NA (Keys Available)",
    "flat_type": "4-Room",
    "lcd_date": "01 Dec 1988",
    "pcd_date": "-",
    "quota_chinese": 1,
    "quota_malay": 1,
    "quota_other": 1,
    "street": "BT PANJANG RING RD",
    "town": "Bukit Panjang"
},
{
    "apartments": [
        {
            "area": 93.0,
            "floor": 5,
            "is_repurchased": false,
            "lease_price_list": [
                {
                    "lease": null,
                    "price": 279800
                }
            ],
            "unit": 44
        }
    ],
    "block_code": {
        "block_num": "442D",
        "contract": "C15",
        "neighbourhood": "N4"
    },
    "dpd_date": "NA (Keys Available)",
    "flat_type": "4-Room",
    "lcd_date": "01 Dec 2016",
    "pcd_date": "-",
    "quota_chinese": 1,
    "quota_malay": 1,
    "quota_other": 1,
    "street": "FAJAR RD",
    "town": "Bukit Panjang"
},
{
    "apartments": [
        {
            "area": 93.0,
            "floor": 14,
            "is_repurchased": false,
            "lease_price_list": [
                {
                    "lease": null,
                    "price": 298700
                }
            ],
            "unit": 76
        }
    ],
    "block_code": {
        "block_num": "443C",
        "contract": "C15",
        "neighbourhood": "N4"
    },
    "dpd_date": "NA (Keys Available)",
    "flat_type": "4-Room",
    "lcd_date": "01 Dec 2016",
    "pcd_date": "-",
    "quota_chinese": 1,
    "quota_malay": 1,
    "quota_other": 1,
    "street": "FAJAR RD",
    "town": "Bukit Panjang"
},
{
    "apartments": [
        {
            "area": 102.0,
            "floor": 10,
            "is_repurchased": true,
            "lease_price_list": [
                {
                    "lease": null,
                    "price": 261000
                }
            ],
            "unit": 20
        }
    ],
    "block_code": {
        "block_num": "506",
        "contract": "C3",
        "neighbourhood": "N5"
    },
    "dpd_date": "NA (Keys Available)",
    "flat_type": "4-Room",
    "lcd_date": "01 Apr 1998",
    "pcd_date": "-",
    "quota_chinese": 1,
    "quota_malay": 1,
    "quota_other": 1,
    "street": "JELAPANG RD",
    "town": "Bukit Panjang"
},
{
    "apartments": [
        {
            "area": 90.0,
            "floor": 3,
            "is_repurchased": true,
            "lease_price_list": [
                {
                    "lease": null,
                    "price": 231000
                }
            ],
            "unit": 64
        }
    ],
    "block_code": {
        "block_num": "510",
        "contract": "C4",
        "neighbourhood": "N5"
    },
    "dpd_date": "NA (Keys Available)",
    "flat_type": "4-Room",
    "lcd_date": "01 Jun 1998",
    "pcd_date": "-",
    "quota_chinese": 1,
    "quota_malay": 1,
    "quota_other": 1,
    "street": "JELAPANG RD",
    "town": "Bukit Panjang"
},
{
    "apartments": [
        {
            "area": 92.0,
            "floor": 17,
            "is_repurchased": false,
            "lease_price_list": [
                {
                    "lease": null,
                    "price": 301700
                }
            ],
            "unit": 81
        }
    ],
    "block_code": {
        "block_num": "547A",
        "contract": "C13",
        "neighbourhood": "N5"
    },
    "dpd_date": "NA (Keys Available)",
    "flat_type": "4-Room",
    "lcd_date": "01 Jul 2015",
    "pcd_date": "-",
    "quota_chinese": 1,
    "quota_malay": 1,
    "quota_other": 1,
    "street": "SEGAR RD",
    "town": "Bukit Panjang"
},
{
    "apartments": [
        {
            "area": 92.0,
            "floor": 12,
            "is_repurchased": false,
            "lease_price_list": [
                {
                    "lease": null,
                    "price": 329400
                }
            ],
            "unit": 323
        },
        {
            "area": 92.0,
            "floor": 2,
            "is_repurchased": false,
            "lease_price_list": [
                {
                    "lease": null,
                    "price": 281700
                }
            ],
            "unit": 329
        }
    ],
    "block_code": {
        "block_num": "636B",
        "contract": "C11",
        "neighbourhood": "N6"
    },
    "dpd_date": "NA (Keys Available)",
    "flat_type": "4-Room",
    "lcd_date": "01 Nov 2015",
    "pcd_date": "-",
    "quota_chinese": 2,
    "quota_malay": 2,
    "quota_other": 2,
    "street": "SENJA RD",
    "town": "Bukit Panjang"
},
{
    "apartments": [
        {
            "area": 92.0,
            "floor": 13,
            "is_repurchased": true,
            "lease_price_list": [
                {
                    "lease": null,
                    "price": 316200
                }
            ],
            "unit": 343
        }
    ],
    "block_code": {
        "block_num": "636C",
        "contract": "C11",
        "neighbourhood": "N6"
    },
    "dpd_date": "NA (Keys Available)",
    "flat_type": "4-Room",
    "lcd_date": "01 Nov 2015",
    "pcd_date": "-",
    "quota_chinese": 1,
    "quota_malay": 1,
    "quota_other": 1,
    "street": "SENJA RD",
    "town": "Bukit Panjang"
}]
