[{
    "apartments": [
        {
            "area": 113.0,
            "floor": 2,
            "is_repurchased": false,
            "lease_price_list": [
                {
                    "lease": null,
                    "price": 330100
                }
            ],
            "unit": 72
        }
    ],
    "block_code": {
        "block_num": "443C",
        "contract": "C15",
        "neighbourhood": "N4"
    },
    "dpd_date": "NA (Keys Available)",
    "flat_type": "5-Room",
    "lcd_date": "01 Dec 2016",
    "pcd_date": "-",
    "quota_chinese": 1,
    "quota_malay": 1,
    "quota_other": 1,
    "street": "FAJAR RD",
    "town": "Bukit Panjang"
},
{
    "apartments": [
        {
            "area": 110.0,
            "floor": 3,
            "is_repurchased": true,
            "lease_price_list": [
                {
                    "lease": null,
                    "price": 313000
                }
            ],
            "unit": 400
        }
    ],
    "block_code": {
        "block_num": "477",
        "contract": "C12",
        "neighbourhood": "N4"
    },
    "dpd_date": "NA (Keys Available)",
    "flat_type": "5-Room",
    "lcd_date": "01 Jan 2003",
    "pcd_date": "-",
    "quota_chinese": 1,
    "quota_malay": 1,
    "quota_other": 1,
    "street": "SEGAR RD",
    "town": "Bukit Panjang"
},
{
    "apartments": [
        {
            "area": 110.0,
            "floor": 6,
            "is_repurchased": true,
            "lease_price_list": [
                {
                    "lease": null,
                    "price": 344800
                }
            ],
            "unit": 30
        }
    ],
    "block_code": {
        "block_num": "653",
        "contract": "C6",
        "neighbourhood": "N6"
    },
    "dpd_date": "NA (Keys Available)",
    "flat_type": "5-Room",
    "lcd_date": "01 Sep 2001",
    "pcd_date": "-",
    "quota_chinese": 0,
    "quota_malay": 1,
    "quota_other": 1,
    "street": "SENJA LINK",
    "town": "Bukit Panjang"
}]
