{
    "blocks": [
        {
            "apartments": [
                {
                    "area": 92,
                    "floor": 3,
                    "is_repurchased": true,
                    "lease_price_list": [
                        {
                            "lease": 60,
                            "price": 306000
                        }
                    ],
                    "unit": 85
                }
            ],
            "block_code": {
                "block_num": "132",
                "contract": "C6",
                "neighbourhood": "N1"
            },
            "dpd_date": null,
            "flat_type": "4-Room",
            "lcd_date": {
                "year": 1978,
                "month": 4,
                "day": 1,
                "quarter": null,
                "months_since": -469
            },
            "pcd_date": null,
            "quota_chinese": 1,
            "quota_malay": 1,
            "quota_other": 1,
            "street": "BEDOK NORTH STREET 2",
            "town": "Bedok",
            "title": "HDB-BEDOK",
            "lat": 1.32775288998398,
            "long": 103.936709340476,
            "postal": 460132
        },
        {
            "apartments": [
                {
                    "area": 93,
                    "floor": 10,
                    "is_repurchased": false,
                    "lease_price_list": [
                        {
                            "lease": 99,
                            "price": 412800
                        }
                    ],
                    "unit": 14
                }
            ],
            "block_code": {
                "block_num": "186A",
                "contract": "C20",
                "neighbourhood": "N3"
            },
            "dpd_date": {
                "year": 2018,
                "month": 11,
                "day": 30,
                "quarter": null,
                "months_since": 18
            },
            "flat_type": "4-Room",
            "lcd_date": null,
            "pcd_date": {
                "year": 2017,
                "month": null,
                "day": null,
                "quarter": 4,
                "months_since": 7
            },
            "quota_chinese": 1,
            "quota_malay": 1,
            "quota_other": 1,
            "street": "BEDOK NORTH STREET 4",
            "town": "Bedok",
            "title": "FENGSHAN GREENVILLE",
            "lat": 1.32991427421907,
            "long": 103.940310513079,
            "postal": 461186
        },
        {
            "apartments": [
                {
                    "area": 93,
                    "floor": 2,
                    "is_repurchased": false,
                    "lease_price_list": [
                        {
                            "lease": 99,
                            "price": 378700
                        }
                    ],
                    "unit": 16
                }
            ],
            "block_code": {
                "block_num": "186B",
                "contract": "C20",
                "neighbourhood": "N3"
            },
            "dpd_date": {
                "year": 2018,
                "month": 11,
                "day": 30,
                "quarter": null,
                "months_since": 18
            },
            "flat_type": "4-Room",
            "lcd_date": null,
            "pcd_date": {
                "year": 2017,
                "month": null,
                "day": null,
                "quarter": 4,
                "months_since": 7
            },
            "quota_chinese": 1,
            "quota_malay": 1,
            "quota_other": 1,
            "street": "BEDOK NORTH STREET 4",
            "town": "Bedok",
            "title": "FENGSHAN GREENVILLE",
            "lat": 1.33003736213545,
            "long": 103.940842245678,
            "postal": 462186
        },
        {
            "apartments": [
                {
                    "area": 93,
                    "floor": 10,
                    "is_repurchased": false,
                    "lease_price_list": [
                        {
                            "lease": 99,
                            "price": 420100
                        }
                    ],
                    "unit": 46
                },
                {
                    "area": 93,
                    "floor": 6,
                    "is_repurchased": false,
                    "lease_price_list": [
                        {
                            "lease": 99,
                            "price": 403000
                        }
                    ],
                    "unit": 56
                }
            ],
            "block_code": {
                "block_num": "187B",
                "contract": "C20",
                "neighbourhood": "N3"
            },
            "dpd_date": {
                "year": 2018,
                "month": 11,
                "day": 30,
                "quarter": null,
                "months_since": 18
            },
            "flat_type": "4-Room",
            "lcd_date": null,
            "pcd_date": {
                "year": 2017,
                "month": null,
                "day": null,
                "quarter": 4,
                "months_since": 7
            },
            "quota_chinese": 2,
            "quota_malay": 2,
            "quota_other": 2,
            "street": "BEDOK NORTH STREET 4",
            "town": "Bedok",
            "title": "FENGSHAN GREENVILLE",
            "lat": 1.33038146607472,
            "long": 103.940088401203,
            "postal": 462187
        },
        {
            "apartments": [
                {
                    "area": 93,
                    "floor": 15,
                    "is_repurchased": false,
                    "lease_price_list": [
                        {
                            "lease": 99,
                            "price": 422100
                        }
                    ],
                    "unit": 66
                },
                {
                    "area": 93,
                    "floor": 2,
                    "is_repurchased": false,
                    "lease_price_list": [
                        {
                            "lease": 99,
                            "price": 386000
                        }
                    ],
                    "unit": 74
                },
                {
                    "area": 93,
                    "floor": 14,
                    "is_repurchased": false,
                    "lease_price_list": [
                        {
                            "lease": 99,
                            "price": 413400
                        }
                    ],
                    "unit": 76
                }
            ],
            "block_code": {
                "block_num": "188A",
                "contract": "C20",
                "neighbourhood": "N3"
            },
            "dpd_date": {
                "year": 2018,
                "month": 11,
                "day": 30,
                "quarter": null,
                "months_since": 18
            },
            "flat_type": "4-Room",
            "lcd_date": null,
            "pcd_date": {
                "year": 2017,
                "month": null,
                "day": null,
                "quarter": 4,
                "months_since": 7
            },
            "quota_chinese": 3,
            "quota_malay": 3,
            "quota_other": 3,
            "street": "BEDOK NORTH STREET 4",
            "town": "Bedok",
            "title": "FENGSHAN GREENVILLE",
            "lat": 1.3316335310137,
            "long": 103.941371320775,
            "postal": 461188
        },
        {
            "apartments": [
                {
                    "area": 93,
                    "floor": 4,
                    "is_repurchased": false,
                    "lease_price_list": [
                        {
                            "lease": 99,
                            "price": 402300
                        }
                    ],
                    "unit": 86
                },
                {
                    "area": 93,
                    "floor": 4,
                    "is_repurchased": false,
                    "lease_price_list": [
                        {
                            "lease": 99,
                            "price": 397300
                        }
                    ],
                    "unit": 88
                }
            ],
            "block_code": {
                "block_num": "188B",
                "contract": "C20",
                "neighbourhood": "N3"
            },
            "dpd_date": {
                "year": 2018,
                "month": 11,
                "day": 30,
                "quarter": null,
                "months_since": 18
            },
            "flat_type": "4-Room",
            "lcd_date": null,
            "pcd_date": {
                "year": 2017,
                "month": null,
                "day": null,
                "quarter": 4,
                "months_since": 7
            },
            "quota_chinese": 2,
            "quota_malay": 2,
            "quota_other": 2,
            "street": "BEDOK NORTH STREET 4",
            "town": "Bedok",
            "title": "FENGSHAN GREENVILLE",
            "lat": 1.33196249675671,
            "long": 103.941467643694,
            "postal": 462188
        },
        {
            "apartments": [
                {
                    "area": 93,
                    "floor": 7,
                    "is_repurchased": false,
                    "lease_price_list": [
                        {
                            "lease": 99,
                            "price": 396500
                        }
                    ],
                    "unit": 104
                }
            ],
            "block_code": {
                "block_num": "188C",
                "contract": "C20",
                "neighbourhood": "N3"
            },
            "dpd_date": {
                "year": 2019,
                "month": 12,
                "day": 31,
                "quarter": null,
                "months_since": 31
            },
            "flat_type": "4-Room",
            "lcd_date": null,
            "pcd_date": {
                "year": 2018,
                "month": null,
                "day": null,
                "quarter": 4,
                "months_since": 19
            },
            "quota_chinese": 1,
            "quota_malay": 1,
            "quota_other": 1,
            "street": "BEDOK NORTH STREET 4",
            "town": "Bedok",
            "title": "FENGSHAN GREENVILLE",
            "lat": 1.33180346002148,
            "long": 103.940785939953,
            "postal": 463188
        },
        {
            "apartments": [
                {
                    "area": 92,
                    "floor": 4,
                    "is_repurchased": true,
                    "lease_price_list": [
                        {
                            "lease": 61,
                            "price": 331000
                        }
                    ],
                    "unit": 655
                }
            ],
            "block_code": {
                "block_num": "427",
                "contract": "C5",
                "neighbourhood": "N4"
            },
            "dpd_date": null,
            "flat_type": "4-Room",
            "lcd_date": {
                "year": 1979,
                "month": 1,
                "day": 1,
                "quarter": null,
                "months_since": -460
            },
            "pcd_date": null,
            "quota_chinese": 1,
            "quota_malay": 1,
            "quota_other": 1,
            "street": "BEDOK NORTH ROAD",
            "town": "Bedok",
            "title": "GARDEN HILL",
            "lat": 1.32910888380158,
            "long": 103.92773420389,
            "postal": 460427
        },
        {
            "apartments": [
                {
                    "area": 96,
                    "floor": 2,
                    "is_repurchased": false,
                    "lease_price_list": [
                        {
                            "lease": 63,
                            "price": 314000
                        }
                    ],
                    "unit": 3606
                }
            ],
            "block_code": {
                "block_num": "704",
                "contract": "C4",
                "neighbourhood": "N7"
            },
            "dpd_date": null,
            "flat_type": "4-Room",
            "lcd_date": {
                "year": 1981,
                "month": 7,
                "day": 1,
                "quarter": null,
                "months_since": -430
            },
            "pcd_date": null,
            "quota_chinese": 1,
            "quota_malay": 1,
            "quota_other": 1,
            "street": "BEDOK RESERVOIR ROAD",
            "town": "Bedok",
            "title": "RESERVOIR RISE",
            "lat": 1.33635490577954,
            "long": 103.920203566512,
            "postal": 470704
        },
        {
            "apartments": [
                {
                    "area": 93,
                    "floor": 15,
                    "is_repurchased": false,
                    "lease_price_list": [
                        {
                            "lease": 99,
                            "price": 483900
                        }
                    ],
                    "unit": 2
                },
                {
                    "area": 93,
                    "floor": 5,
                    "is_repurchased": false,
                    "lease_price_list": [
                        {
                            "lease": 99,
                            "price": 452400
                        }
                    ],
                    "unit": 4
                }
            ],
            "block_code": {
                "block_num": "807A",
                "contract": "C20",
                "neighbourhood": "N8"
            },
            "dpd_date": null,
            "flat_type": "4-Room",
            "lcd_date": {
                "year": 2016,
                "month": 11,
                "day": 1,
                "quarter": null,
                "months_since": -6
            },
            "pcd_date": null,
            "quota_chinese": 2,
            "quota_malay": 2,
            "quota_other": 2,
            "street": "CHAI CHEE ROAD",
            "town": "Bedok",
            "title": "PING YI GREENS",
            "lat": 1.32707387863853,
            "long": 103.923188202853,
            "postal": 461807
        },
        {
            "apartments": [
                {
                    "area": 93,
                    "floor": 11,
                    "is_repurchased": false,
                    "lease_price_list": [
                        {
                            "lease": 99,
                            "price": 467100
                        }
                    ],
                    "unit": 60
                }
            ],
            "block_code": {
                "block_num": "807C",
                "contract": "C20",
                "neighbourhood": "N8"
            },
            "dpd_date": null,
            "flat_type": "4-Room",
            "lcd_date": {
                "year": 2016,
                "month": 11,
                "day": 1,
                "quarter": null,
                "months_since": -6
            },
            "pcd_date": null,
            "quota_chinese": 1,
            "quota_malay": 1,
            "quota_other": 1,
            "street": "CHAI CHEE ROAD",
            "town": "Bedok",
            "title": "PING YI GREENS",
            "lat": 1.32799794072312,
            "long": 103.92324860169,
            "postal": 463807
        },
        {
            "apartments": [
                {
                    "area": 93,
                    "floor": 10,
                    "is_repurchased": false,
                    "lease_price_list": [
                        {
                            "lease": 99,
                            "price": 478300
                        }
                    ],
                    "unit": 120
                }
            ],
            "block_code": {
                "block_num": "808A",
                "contract": "C20",
                "neighbourhood": "N8"
            },
            "dpd_date": null,
            "flat_type": "4-Room",
            "lcd_date": {
                "year": 2016,
                "month": 11,
                "day": 1,
                "quarter": null,
                "months_since": -6
            },
            "pcd_date": null,
            "quota_chinese": 1,
            "quota_malay": 1,
            "quota_other": 1,
            "street": "CHAI CHEE ROAD",
            "town": "Bedok",
            "title": "PING YI GREENS",
            "lat": 1.32687044565332,
            "long": 103.923848194061,
            "postal": 461808
        },
        {
            "apartments": [
                {
                    "area": 93,
                    "floor": 6,
                    "is_repurchased": false,
                    "lease_price_list": [
                        {
                            "lease": 99,
                            "price": 455900
                        }
                    ],
                    "unit": 72
                },
                {
                    "area": 88,
                    "floor": 2,
                    "is_repurchased": false,
                    "lease_price_list": [
                        {
                            "lease": 99,
                            "price": 400500
                        }
                    ],
                    "unit": 80
                }
            ],
            "block_code": {
                "block_num": "808C",
                "contract": "C20",
                "neighbourhood": "N8"
            },
            "dpd_date": null,
            "flat_type": "4-Room",
            "lcd_date": {
                "year": 2016,
                "month": 11,
                "day": 1,
                "quarter": null,
                "months_since": -6
            },
            "pcd_date": null,
            "quota_chinese": 2,
            "quota_malay": 2,
            "quota_other": 2,
            "street": "CHAI CHEE ROAD",
            "town": "Bedok",
            "title": "PING YI GREENS",
            "lat": 1.3278930296847,
            "long": 103.923874941007,
            "postal": 463808
        }
    ]
}