{
    "blocks": [
        {
            "apartments": [
                {
                    "area": 83,
                    "floor": 3,
                    "is_repurchased": true,
                    "lease_price_list": [
                        {
                            "lease": 70,
                            "price": 399900
                        }
                    ],
                    "unit": 79
                }
            ],
            "block_code": {
                "block_num": "172",
                "contract": "C11",
                "neighbourhood": "N1"
            },
            "dpd_date": null,
            "flat_type": "4-Room",
            "lcd_date": {
                "year": 1987,
                "month": 12,
                "day": 1,
                "quarter": null,
                "months_since": -353
            },
            "pcd_date": null,
            "quota_chinese": 0,
            "quota_malay": 1,
            "quota_other": 1,
            "street": "BISHAN STREET 13",
            "town": "Bishan",
            "title": "HDB-BISHAN",
            "lat": 1.34748317620024,
            "long": 103.85354374139,
            "postal": 570172
        },
        {
            "apartments": [
                {
                    "area": 104,
                    "floor": 4,
                    "is_repurchased": true,
                    "lease_price_list": [
                        {
                            "lease": 74,
                            "price": 427500
                        }
                    ],
                    "unit": 297
                }
            ],
            "block_code": {
                "block_num": "260",
                "contract": "C17",
                "neighbourhood": "N2"
            },
            "dpd_date": null,
            "flat_type": "4-Room",
            "lcd_date": {
                "year": 1992,
                "month": 7,
                "day": 22,
                "quarter": null,
                "months_since": -298
            },
            "pcd_date": null,
            "quota_chinese": 0,
            "quota_malay": 1,
            "quota_other": 1,
            "street": "BISHAN STREET 22",
            "town": "Bishan",
            "title": "HDB-BISHAN",
            "lat": 1.35961376765046,
            "long": 103.842187438495,
            "postal": 570260
        }
    ]
}