{
    "blocks": [
        {
            "apartments": [
                {
                    "area": 121,
                    "floor": 2,
                    "is_repurchased": true,
                    "lease_price_list": [
                        {
                            "lease": 69,
                            "price": 544300
                        }
                    ],
                    "unit": 432
                }
            ],
            "block_code": {
                "block_num": "136",
                "contract": "C8",
                "neighbourhood": "N1"
            },
            "dpd_date": null,
            "flat_type": "5-Room",
            "lcd_date": {
                "year": 1987,
                "month": 11,
                "day": 1,
                "quarter": null,
                "months_since": -354
            },
            "pcd_date": null,
            "quota_chinese": 0,
            "quota_malay": 1,
            "quota_other": 1,
            "street": "BISHAN STREET 12",
            "town": "Bishan",
            "title": "BISHAN GREEN",
            "lat": 1.34413413892599,
            "long": 103.851740462088,
            "postal": 570136
        },
        {
            "apartments": [
                {
                    "area": 130,
                    "floor": 4,
                    "is_repurchased": true,
                    "lease_price_list": [
                        {
                            "lease": 69,
                            "price": 561400
                        }
                    ],
                    "unit": 444
                }
            ],
            "block_code": {
                "block_num": "138",
                "contract": "C8",
                "neighbourhood": "N1"
            },
            "dpd_date": null,
            "flat_type": "5-Room",
            "lcd_date": {
                "year": 1987,
                "month": 7,
                "day": 1,
                "quarter": null,
                "months_since": -358
            },
            "pcd_date": null,
            "quota_chinese": 0,
            "quota_malay": 0,
            "quota_other": 1,
            "street": "BISHAN STREET 12",
            "town": "Bishan",
            "title": "BISHAN GREEN",
            "lat": 1.34476326355539,
            "long": 103.852206845531,
            "postal": 570138
        },
        {
            "apartments": [
                {
                    "area": 119,
                    "floor": 5,
                    "is_repurchased": true,
                    "lease_price_list": [
                        {
                            "lease": 69,
                            "price": 577600
                        }
                    ],
                    "unit": 74
                }
            ],
            "block_code": {
                "block_num": "155",
                "contract": "C10",
                "neighbourhood": "N1"
            },
            "dpd_date": null,
            "flat_type": "5-Room",
            "lcd_date": {
                "year": 1987,
                "month": 11,
                "day": 1,
                "quarter": null,
                "months_since": -354
            },
            "pcd_date": null,
            "quota_chinese": 0,
            "quota_malay": 1,
            "quota_other": 1,
            "street": "BISHAN STREET 13",
            "town": "Bishan",
            "title": "HDB-BISHAN",
            "lat": 1.34622709238314,
            "long": 103.85590556522,
            "postal": 570155
        },
        {
            "apartments": [
                {
                    "area": 121,
                    "floor": 2,
                    "is_repurchased": true,
                    "lease_price_list": [
                        {
                            "lease": 70,
                            "price": 556700
                        }
                    ],
                    "unit": 150
                }
            ],
            "block_code": {
                "block_num": "161",
                "contract": "C15",
                "neighbourhood": "N1"
            },
            "dpd_date": null,
            "flat_type": "5-Room",
            "lcd_date": {
                "year": 1988,
                "month": 7,
                "day": 1,
                "quarter": null,
                "months_since": -346
            },
            "pcd_date": null,
            "quota_chinese": 0,
            "quota_malay": 1,
            "quota_other": 1,
            "street": "BISHAN STREET 13",
            "town": "Bishan",
            "title": "HDB-BISHAN",
            "lat": 1.34759183482173,
            "long": 103.856411840501,
            "postal": 570161
        },
        {
            "apartments": [
                {
                    "area": 121,
                    "floor": 3,
                    "is_repurchased": true,
                    "lease_price_list": [
                        {
                            "lease": 70,
                            "price": 546200
                        }
                    ],
                    "unit": 83
                }
            ],
            "block_code": {
                "block_num": "172",
                "contract": "C11",
                "neighbourhood": "N1"
            },
            "dpd_date": null,
            "flat_type": "5-Room",
            "lcd_date": {
                "year": 1987,
                "month": 12,
                "day": 1,
                "quarter": null,
                "months_since": -353
            },
            "pcd_date": null,
            "quota_chinese": 0,
            "quota_malay": 1,
            "quota_other": 1,
            "street": "BISHAN STREET 13",
            "town": "Bishan",
            "title": "HDB-BISHAN",
            "lat": 1.34748317620024,
            "long": 103.85354374139,
            "postal": 570172
        },
        {
            "apartments": [
                {
                    "area": 133,
                    "floor": 2,
                    "is_repurchased": true,
                    "lease_price_list": [
                        {
                            "lease": 74,
                            "price": 615600
                        }
                    ],
                    "unit": 201
                }
            ],
            "block_code": {
                "block_num": "215",
                "contract": "C22",
                "neighbourhood": "N2"
            },
            "dpd_date": null,
            "flat_type": "5-Room",
            "lcd_date": {
                "year": 1992,
                "month": 4,
                "day": 16,
                "quarter": null,
                "months_since": -301
            },
            "pcd_date": null,
            "quota_chinese": 0,
            "quota_malay": 1,
            "quota_other": 1,
            "street": "BISHAN STREET 23",
            "town": "Bishan",
            "title": "HDB-BISHAN",
            "lat": 1.35708728798564,
            "long": 103.848808695541,
            "postal": 570215
        }
    ]
}