{
    "blocks": [
        {
            "apartments": [
                {
                    "area": 138,
                    "floor": 16,
                    "is_repurchased": true,
                    "lease_price_list": [
                        {
                            "lease": 79,
                            "price": 688700
                        }
                    ],
                    "unit": 3
                }
            ],
            "block_code": {
                "block_num": "851",
                "contract": "C5",
                "neighbourhood": "N8"
            },
            "dpd_date": null,
            "flat_type": "Executive",
            "lcd_date": {
                "year": 1997,
                "month": 2,
                "day": 1,
                "quarter": null,
                "months_since": -243
            },
            "pcd_date": null,
            "quota_chinese": 0,
            "quota_malay": 1,
            "quota_other": 1,
            "street": "HOUGANG CENTRAL",
            "town": "Hougang",
            "title": "HDB-HOUGANG",
            "lat": 1.37016899097487,
            "long": 103.893626110537,
            "postal": 530851
        }
    ]
}