[{
    "apartments": [
        {
            "area": 68.0,
            "floor": 14,
            "is_repurchased": false,
            "lease_price_list": [
                {
                    "lease": null,
                    "price": 339500
                }
            ],
            "unit": 113
        },
        {
            "area": 68.0,
            "floor": 33,
            "is_repurchased": false,
            "lease_price_list": [
                {
                    "lease": null,
                    "price": 361800
                }
            ],
            "unit": 113
        },
        {
            "area": 68.0,
            "floor": 9,
            "is_repurchased": false,
            "lease_price_list": [
                {
                    "lease": null,
                    "price": 337800
                }
            ],
            "unit": 115
        },
        {
            "area": 68.0,
            "floor": 21,
            "is_repurchased": false,
            "lease_price_list": [
                {
                    "lease": null,
                    "price": 346500
                }
            ],
            "unit": 115
        },
        {
            "area": 68.0,
            "floor": 32,
            "is_repurchased": false,
            "lease_price_list": [
                {
                    "lease": null,
                    "price": 360800
                }
            ],
            "unit": 115
        },
        {
            "area": 68.0,
            "floor": 35,
            "is_repurchased": false,
            "lease_price_list": [
                {
                    "lease": null,
                    "price": 360500
                }
            ],
            "unit": 115
        }
    ],
    "block_code": {
        "block_num": "208A",
        "contract": "C2",
        "neighbourhood": "N2"
    },
    "dpd_date": "NA (Keys Available)",
    "flat_type": "3-Room",
    "lcd_date": "01 Oct 2017",
    "pcd_date": "-",
    "quota_chinese": 5,
    "quota_malay": 6,
    "quota_other": 6,
    "street": "CLEMENTI AVE 6",
    "town": "Clementi"
},
{
    "apartments": [
        {
            "area": 68.0,
            "floor": 6,
            "is_repurchased": false,
            "lease_price_list": [
                {
                    "lease": null,
                    "price": 328500
                }
            ],
            "unit": 125
        },
        {
            "area": 68.0,
            "floor": 13,
            "is_repurchased": false,
            "lease_price_list": [
                {
                    "lease": null,
                    "price": 338500
                }
            ],
            "unit": 127
        },
        {
            "area": 68.0,
            "floor": 18,
            "is_repurchased": false,
            "lease_price_list": [
                {
                    "lease": null,
                    "price": 343500
                }
            ],
            "unit": 127
        },
        {
            "area": 68.0,
            "floor": 28,
            "is_repurchased": false,
            "lease_price_list": [
                {
                    "lease": null,
                    "price": 353500
                }
            ],
            "unit": 127
        }
    ],
    "block_code": {
        "block_num": "208B",
        "contract": "C2",
        "neighbourhood": "N2"
    },
    "dpd_date": "NA (Keys Available)",
    "flat_type": "3-Room",
    "lcd_date": "01 Oct 2017",
    "pcd_date": "-",
    "quota_chinese": 4,
    "quota_malay": 4,
    "quota_other": 4,
    "street": "CLEMENTI AVE 6",
    "town": "Clementi"
},
{
    "apartments": [
        {
            "area": 69.0,
            "floor": 9,
            "is_repurchased": false,
            "lease_price_list": [
                {
                    "lease": null,
                    "price": 354200
                }
            ],
            "unit": 161
        },
        {
            "area": 69.0,
            "floor": 10,
            "is_repurchased": false,
            "lease_price_list": [
                {
                    "lease": null,
                    "price": 358400
                }
            ],
            "unit": 161
        },
        {
            "area": 69.0,
            "floor": 14,
            "is_repurchased": false,
            "lease_price_list": [
                {
                    "lease": null,
                    "price": 359200
                }
            ],
            "unit": 161
        },
        {
            "area": 69.0,
            "floor": 20,
            "is_repurchased": false,
            "lease_price_list": [
                {
                    "lease": null,
                    "price": 368400
                }
            ],
            "unit": 161
        },
        {
            "area": 69.0,
            "floor": 21,
            "is_repurchased": false,
            "lease_price_list": [
                {
                    "lease": null,
                    "price": 369400
                }
            ],
            "unit": 161
        }
    ],
    "block_code": {
        "block_num": "312A",
        "contract": "C18B",
        "neighbourhood": "N3"
    },
    "dpd_date": "NA (Keys Available)",
    "flat_type": "3-Room",
    "lcd_date": "01 Aug 2017",
    "pcd_date": "-",
    "quota_chinese": 4,
    "quota_malay": 5,
    "quota_other": 5,
    "street": "CLEMENTI AVE 4",
    "town": "Clementi"
},
{
    "apartments": [
        {
            "area": 69.0,
            "floor": 7,
            "is_repurchased": false,
            "lease_price_list": [
                {
                    "lease": null,
                    "price": 360000
                }
            ],
            "unit": 173
        },
        {
            "area": 69.0,
            "floor": 12,
            "is_repurchased": false,
            "lease_price_list": [
                {
                    "lease": null,
                    "price": 366500
                }
            ],
            "unit": 179
        },
        {
            "area": 69.0,
            "floor": 15,
            "is_repurchased": false,
            "lease_price_list": [
                {
                    "lease": null,
                    "price": 369500
                }
            ],
            "unit": 179
        },
        {
            "area": 69.0,
            "floor": 38,
            "is_repurchased": false,
            "lease_price_list": [
                {
                    "lease": null,
                    "price": 392500
                }
            ],
            "unit": 179
        }
    ],
    "block_code": {
        "block_num": "312B",
        "contract": "C18B",
        "neighbourhood": "N3"
    },
    "dpd_date": "NA (Keys Available)",
    "flat_type": "3-Room",
    "lcd_date": "01 Aug 2017",
    "pcd_date": "-",
    "quota_chinese": 4,
    "quota_malay": 4,
    "quota_other": 4,
    "street": "CLEMENTI AVE 4",
    "town": "Clementi"
},
{
    "apartments": [
        {
            "area": 67.0,
            "floor": 4,
            "is_repurchased": true,
            "lease_price_list": [
                {
                    "lease": null,
                    "price": 239000
                }
            ],
            "unit": 47
        }
    ],
    "block_code": {
        "block_num": "351",
        "contract": "C11",
        "neighbourhood": "N3"
    },
    "dpd_date": "NA (Keys Available)",
    "flat_type": "3-Room",
    "lcd_date": "01 Sep 1978",
    "pcd_date": "-",
    "quota_chinese": 1,
    "quota_malay": 1,
    "quota_other": 1,
    "street": "CLEMENTI AVE 2",
    "town": "Clementi"
},
{
    "apartments": [
        {
            "area": 67.0,
            "floor": 4,
            "is_repurchased": true,
            "lease_price_list": [
                {
                    "lease": null,
                    "price": 239000
                }
            ],
            "unit": 459
        }
    ],
    "block_code": {
        "block_num": "364",
        "contract": "C10",
        "neighbourhood": "N3"
    },
    "dpd_date": "NA (Keys Available)",
    "flat_type": "3-Room",
    "lcd_date": "01 Jan 1978",
    "pcd_date": "-",
    "quota_chinese": 1,
    "quota_malay": 1,
    "quota_other": 1,
    "street": "CLEMENTI AVE 2",
    "town": "Clementi"
},
{
    "apartments": [
        {
            "area": 67.0,
            "floor": 4,
            "is_repurchased": true,
            "lease_price_list": [
                {
                    "lease": null,
                    "price": 255500
                }
            ],
            "unit": 368
        }
    ],
    "block_code": {
        "block_num": "430",
        "contract": "C2E",
        "neighbourhood": "N4"
    },
    "dpd_date": "NA (Keys Available)",
    "flat_type": "3-Room",
    "lcd_date": "01 Oct 1979",
    "pcd_date": "-",
    "quota_chinese": 0,
    "quota_malay": 1,
    "quota_other": 1,
    "street": "CLEMENTI AVE 3",
    "town": "Clementi"
},
{
    "apartments": [
        {
            "area": 82.0,
            "floor": 4,
            "is_repurchased": true,
            "lease_price_list": [
                {
                    "lease": null,
                    "price": 336300
                }
            ],
            "unit": 296
        }
    ],
    "block_code": {
        "block_num": "431",
        "contract": "C2E",
        "neighbourhood": "N4"
    },
    "dpd_date": "NA (Keys Available)",
    "flat_type": "3-Room",
    "lcd_date": "01 Oct 1979",
    "pcd_date": "-",
    "quota_chinese": 0,
    "quota_malay": 1,
    "quota_other": 1,
    "street": "CLEMENTI AVE 3",
    "town": "Clementi"
},
{
    "apartments": [
        {
            "area": 69.0,
            "floor": 35,
            "is_repurchased": false,
            "lease_price_list": [
                {
                    "lease": null,
                    "price": 422300
                }
            ],
            "unit": 22
        }
    ],
    "block_code": {
        "block_num": "440B",
        "contract": "C10",
        "neighbourhood": "N4"
    },
    "dpd_date": "31 Jul 2018",
    "flat_type": "3-Room",
    "lcd_date": "-",
    "pcd_date": "09/2017",
    "quota_chinese": 1,
    "quota_malay": 1,
    "quota_other": 1,
    "street": "CLEMENTI AVE 3",
    "town": "Clementi"
},
{
    "apartments": [
        {
            "area": 68.0,
            "floor": 3,
            "is_repurchased": true,
            "lease_price_list": [
                {
                    "lease": null,
                    "price": 294000
                }
            ],
            "unit": 115
        }
    ],
    "block_code": {
        "block_num": "442",
        "contract": "C1",
        "neighbourhood": "N4"
    },
    "dpd_date": "NA (Keys Available)",
    "flat_type": "3-Room",
    "lcd_date": "01 Apr 1980",
    "pcd_date": "-",
    "quota_chinese": 1,
    "quota_malay": 1,
    "quota_other": 1,
    "street": "CLEMENTI AVE 3",
    "town": "Clementi"
},
{
    "apartments": [
        {
            "area": 67.0,
            "floor": 9,
            "is_repurchased": true,
            "lease_price_list": [
                {
                    "lease": null,
                    "price": 248000
                }
            ],
            "unit": 421
        },
        {
            "area": 67.0,
            "floor": 13,
            "is_repurchased": false,
            "lease_price_list": [
                {
                    "lease": null,
                    "price": 248000
                }
            ],
            "unit": 441
        }
    ],
    "block_code": {
        "block_num": "704",
        "contract": "C1A",
        "neighbourhood": "N7"
    },
    "dpd_date": "NA (Keys Available)",
    "flat_type": "3-Room",
    "lcd_date": "01 Sep 1980",
    "pcd_date": "-",
    "quota_chinese": 2,
    "quota_malay": 2,
    "quota_other": 2,
    "street": "WEST COAST RD",
    "town": "Clementi"
},
{
    "apartments": [
        {
            "area": 68.0,
            "floor": 9,
            "is_repurchased": true,
            "lease_price_list": [
                {
                    "lease": null,
                    "price": 234000
                }
            ],
            "unit": 365
        }
    ],
    "block_code": {
        "block_num": "706",
        "contract": "C7",
        "neighbourhood": "N7"
    },
    "dpd_date": "NA (Keys Available)",
    "flat_type": "3-Room",
    "lcd_date": "01 Jul 1980",
    "pcd_date": "-",
    "quota_chinese": 1,
    "quota_malay": 1,
    "quota_other": 1,
    "street": "CLEMENTI WEST ST 2",
    "town": "Clementi"
},
{
    "apartments": [
        {
            "area": 67.0,
            "floor": 2,
            "is_repurchased": true,
            "lease_price_list": [
                {
                    "lease": null,
                    "price": 199000
                }
            ],
            "unit": 113
        }
    ],
    "block_code": {
        "block_num": "713",
        "contract": "C2",
        "neighbourhood": "N7"
    },
    "dpd_date": "NA (Keys Available)",
    "flat_type": "3-Room",
    "lcd_date": "01 Jul 1985",
    "pcd_date": "-",
    "quota_chinese": 1,
    "quota_malay": 1,
    "quota_other": 1,
    "street": "CLEMENTI WEST ST 2",
    "town": "Clementi"
},
{
    "apartments": [
        {
            "area": 68.0,
            "floor": 2,
            "is_repurchased": false,
            "lease_price_list": [
                {
                    "lease": null,
                    "price": 194000
                }
            ],
            "unit": 212
        }
    ],
    "block_code": {
        "block_num": "725",
        "contract": "C5",
        "neighbourhood": "N7"
    },
    "dpd_date": "NA (Keys Available)",
    "flat_type": "3-Room",
    "lcd_date": "01 Oct 1985",
    "pcd_date": "-",
    "quota_chinese": 1,
    "quota_malay": 0,
    "quota_other": 1,
    "street": "CLEMENTI WEST ST 2",
    "town": "Clementi"
}]
