[{
    "apartments": [
        {
            "area": 93.0,
            "floor": 3,
            "is_repurchased": false,
            "lease_price_list": [
                {
                    "lease": null,
                    "price": 443400
                }
            ],
            "unit": 117
        },
        {
            "area": 93.0,
            "floor": 9,
            "is_repurchased": false,
            "lease_price_list": [
                {
                    "lease": null,
                    "price": 472300
                }
            ],
            "unit": 117
        },
        {
            "area": 93.0,
            "floor": 35,
            "is_repurchased": false,
            "lease_price_list": [
                {
                    "lease": null,
                    "price": 519700
                }
            ],
            "unit": 117
        }
    ],
    "block_code": {
        "block_num": "208A",
        "contract": "C2",
        "neighbourhood": "N2"
    },
    "dpd_date": "NA (Keys Available)",
    "flat_type": "4-Room",
    "lcd_date": "01 Oct 2017",
    "pcd_date": "-",
    "quota_chinese": 3,
    "quota_malay": 3,
    "quota_other": 3,
    "street": "CLEMENTI AVE 6",
    "town": "Clementi"
},
{
    "apartments": [
        {
            "area": 93.0,
            "floor": 12,
            "is_repurchased": false,
            "lease_price_list": [
                {
                    "lease": null,
                    "price": 476500
                }
            ],
            "unit": 121
        },
        {
            "area": 93.0,
            "floor": 26,
            "is_repurchased": false,
            "lease_price_list": [
                {
                    "lease": null,
                    "price": 491100
                }
            ],
            "unit": 121
        },
        {
            "area": 93.0,
            "floor": 30,
            "is_repurchased": false,
            "lease_price_list": [
                {
                    "lease": null,
                    "price": 496700
                }
            ],
            "unit": 123
        }
    ],
    "block_code": {
        "block_num": "208B",
        "contract": "C2",
        "neighbourhood": "N2"
    },
    "dpd_date": "NA (Keys Available)",
    "flat_type": "4-Room",
    "lcd_date": "01 Oct 2017",
    "pcd_date": "-",
    "quota_chinese": 3,
    "quota_malay": 3,
    "quota_other": 3,
    "street": "CLEMENTI AVE 6",
    "town": "Clementi"
},
{
    "apartments": [
        {
            "area": 93.0,
            "floor": 10,
            "is_repurchased": false,
            "lease_price_list": [
                {
                    "lease": null,
                    "price": 530100
                }
            ],
            "unit": 163
        },
        {
            "area": 93.0,
            "floor": 34,
            "is_repurchased": false,
            "lease_price_list": [
                {
                    "lease": null,
                    "price": 563700
                }
            ],
            "unit": 163
        },
        {
            "area": 93.0,
            "floor": 18,
            "is_repurchased": false,
            "lease_price_list": [
                {
                    "lease": null,
                    "price": 554900
                }
            ],
            "unit": 165
        }
    ],
    "block_code": {
        "block_num": "312A",
        "contract": "C18B",
        "neighbourhood": "N3"
    },
    "dpd_date": "NA (Keys Available)",
    "flat_type": "4-Room",
    "lcd_date": "01 Aug 2017",
    "pcd_date": "-",
    "quota_chinese": 3,
    "quota_malay": 3,
    "quota_other": 3,
    "street": "CLEMENTI AVE 4",
    "town": "Clementi"
},
{
    "apartments": [
        {
            "area": 93.0,
            "floor": 2,
            "is_repurchased": false,
            "lease_price_list": [
                {
                    "lease": null,
                    "price": 503700
                }
            ],
            "unit": 175
        },
        {
            "area": 93.0,
            "floor": 40,
            "is_repurchased": false,
            "lease_price_list": [
                {
                    "lease": null,
                    "price": 579500
                }
            ],
            "unit": 177
        }
    ],
    "block_code": {
        "block_num": "312B",
        "contract": "C18B",
        "neighbourhood": "N3"
    },
    "dpd_date": "NA (Keys Available)",
    "flat_type": "4-Room",
    "lcd_date": "01 Aug 2017",
    "pcd_date": "-",
    "quota_chinese": 2,
    "quota_malay": 2,
    "quota_other": 2,
    "street": "CLEMENTI AVE 4",
    "town": "Clementi"
},
{
    "apartments": [
        {
            "area": 93.0,
            "floor": 35,
            "is_repurchased": false,
            "lease_price_list": [
                {
                    "lease": null,
                    "price": 596200
                }
            ],
            "unit": 185
        },
        {
            "area": 93.0,
            "floor": 37,
            "is_repurchased": false,
            "lease_price_list": [
                {
                    "lease": null,
                    "price": 594200
                }
            ],
            "unit": 185
        },
        {
            "area": 93.0,
            "floor": 4,
            "is_repurchased": false,
            "lease_price_list": [
                {
                    "lease": null,
                    "price": 490800
                }
            ],
            "unit": 189
        },
        {
            "area": 93.0,
            "floor": 9,
            "is_repurchased": false,
            "lease_price_list": [
                {
                    "lease": null,
                    "price": 537500
                }
            ],
            "unit": 189
        },
        {
            "area": 93.0,
            "floor": 14,
            "is_repurchased": false,
            "lease_price_list": [
                {
                    "lease": null,
                    "price": 549300
                }
            ],
            "unit": 189
        },
        {
            "area": 93.0,
            "floor": 18,
            "is_repurchased": false,
            "lease_price_list": [
                {
                    "lease": null,
                    "price": 550100
                }
            ],
            "unit": 189
        },
        {
            "area": 93.0,
            "floor": 37,
            "is_repurchased": false,
            "lease_price_list": [
                {
                    "lease": null,
                    "price": 576700
                }
            ],
            "unit": 189
        }
    ],
    "block_code": {
        "block_num": "312C",
        "contract": "C18B",
        "neighbourhood": "N3"
    },
    "dpd_date": "NA (Keys Available)",
    "flat_type": "4-Room",
    "lcd_date": "01 Aug 2017",
    "pcd_date": "-",
    "quota_chinese": 7,
    "quota_malay": 7,
    "quota_other": 7,
    "street": "CLEMENTI AVE 4",
    "town": "Clementi"
},
{
    "apartments": [
        {
            "area": 87.0,
            "floor": 24,
            "is_repurchased": false,
            "lease_price_list": [
                {
                    "lease": null,
                    "price": 555700
                }
            ],
            "unit": 14
        }
    ],
    "block_code": {
        "block_num": "440A",
        "contract": "C10",
        "neighbourhood": "N4"
    },
    "dpd_date": "31 Jul 2018",
    "flat_type": "4-Room",
    "lcd_date": "-",
    "pcd_date": "09/2017",
    "quota_chinese": 1,
    "quota_malay": 1,
    "quota_other": 1,
    "street": "CLEMENTI AVE 3",
    "town": "Clementi"
},
{
    "apartments": [
        {
            "area": 94.0,
            "floor": 21,
            "is_repurchased": false,
            "lease_price_list": [
                {
                    "lease": null,
                    "price": 594500
                }
            ],
            "unit": 20
        }
    ],
    "block_code": {
        "block_num": "440B",
        "contract": "C10",
        "neighbourhood": "N4"
    },
    "dpd_date": "31 Jul 2018",
    "flat_type": "4-Room",
    "lcd_date": "-",
    "pcd_date": "09/2017",
    "quota_chinese": 1,
    "quota_malay": 1,
    "quota_other": 1,
    "street": "CLEMENTI AVE 3",
    "town": "Clementi"
},
{
    "apartments": [
        {
            "area": 93.0,
            "floor": 37,
            "is_repurchased": false,
            "lease_price_list": [
                {
                    "lease": null,
                    "price": 639900
                }
            ],
            "unit": 351
        },
        {
            "area": 93.0,
            "floor": 3,
            "is_repurchased": false,
            "lease_price_list": [
                {
                    "lease": null,
                    "price": 546400
                }
            ],
            "unit": 353
        },
        {
            "area": 93.0,
            "floor": 3,
            "is_repurchased": false,
            "lease_price_list": [
                {
                    "lease": null,
                    "price": 508300
                }
            ],
            "unit": 355
        },
        {
            "area": 93.0,
            "floor": 15,
            "is_repurchased": false,
            "lease_price_list": [
                {
                    "lease": null,
                    "price": 585200
                }
            ],
            "unit": 355
        },
        {
            "area": 93.0,
            "floor": 21,
            "is_repurchased": false,
            "lease_price_list": [
                {
                    "lease": null,
                    "price": 593600
                }
            ],
            "unit": 355
        },
        {
            "area": 93.0,
            "floor": 34,
            "is_repurchased": false,
            "lease_price_list": [
                {
                    "lease": null,
                    "price": 621400
                }
            ],
            "unit": 355
        },
        {
            "area": 93.0,
            "floor": 35,
            "is_repurchased": false,
            "lease_price_list": [
                {
                    "lease": null,
                    "price": 622800
                }
            ],
            "unit": 355
        }
    ],
    "block_code": {
        "block_num": "445A",
        "contract": "C11",
        "neighbourhood": "N4"
    },
    "dpd_date": "31 May 2021",
    "flat_type": "4-Room",
    "lcd_date": "-",
    "pcd_date": "2Q/2020",
    "quota_chinese": 7,
    "quota_malay": 7,
    "quota_other": 7,
    "street": "CLEMENTI AVE 3",
    "town": "Clementi"
},
{
    "apartments": [
        {
            "area": 93.0,
            "floor": 2,
            "is_repurchased": false,
            "lease_price_list": [
                {
                    "lease": null,
                    "price": 547600
                }
            ],
            "unit": 361
        },
        {
            "area": 93.0,
            "floor": 18,
            "is_repurchased": false,
            "lease_price_list": [
                {
                    "lease": null,
                    "price": 589400
                }
            ],
            "unit": 361
        },
        {
            "area": 93.0,
            "floor": 23,
            "is_repurchased": false,
            "lease_price_list": [
                {
                    "lease": null,
                    "price": 602100
                }
            ],
            "unit": 361
        },
        {
            "area": 93.0,
            "floor": 26,
            "is_repurchased": false,
            "lease_price_list": [
                {
                    "lease": null,
                    "price": 610200
                }
            ],
            "unit": 363
        },
        {
            "area": 93.0,
            "floor": 27,
            "is_repurchased": false,
            "lease_price_list": [
                {
                    "lease": null,
                    "price": 611600
                }
            ],
            "unit": 363
        },
        {
            "area": 93.0,
            "floor": 16,
            "is_repurchased": false,
            "lease_price_list": [
                {
                    "lease": null,
                    "price": 581900
                }
            ],
            "unit": 365
        },
        {
            "area": 93.0,
            "floor": 25,
            "is_repurchased": false,
            "lease_price_list": [
                {
                    "lease": null,
                    "price": 599200
                }
            ],
            "unit": 365
        },
        {
            "area": 93.0,
            "floor": 37,
            "is_repurchased": false,
            "lease_price_list": [
                {
                    "lease": null,
                    "price": 620800
                }
            ],
            "unit": 365
        },
        {
            "area": 93.0,
            "floor": 38,
            "is_repurchased": false,
            "lease_price_list": [
                {
                    "lease": null,
                    "price": 627000
                }
            ],
            "unit": 365
        }
    ],
    "block_code": {
        "block_num": "445B",
        "contract": "C11",
        "neighbourhood": "N4"
    },
    "dpd_date": "31 May 2021",
    "flat_type": "4-Room",
    "lcd_date": "-",
    "pcd_date": "2Q/2020",
    "quota_chinese": 9,
    "quota_malay": 9,
    "quota_other": 9,
    "street": "CLEMENTI AVE 3",
    "town": "Clementi"
},
{
    "apartments": [
        {
            "area": 93.0,
            "floor": 2,
            "is_repurchased": true,
            "lease_price_list": [
                {
                    "lease": null,
                    "price": 346000
                }
            ],
            "unit": 241
        }
    ],
    "block_code": {
        "block_num": "710",
        "contract": "C7",
        "neighbourhood": "N7"
    },
    "dpd_date": "NA (Keys Available)",
    "flat_type": "4-Room",
    "lcd_date": "01 Apr 1984",
    "pcd_date": "-",
    "quota_chinese": 1,
    "quota_malay": 1,
    "quota_other": 1,
    "street": "CLEMENTI WEST ST 2",
    "town": "Clementi"
}]
