[{
    "apartments": [
        {
            "area": 113.0,
            "floor": 10,
            "is_repurchased": false,
            "lease_price_list": [
                {
                    "lease": null,
                    "price": 648800
                }
            ],
            "unit": 169
        }
    ],
    "block_code": {
        "block_num": "312A",
        "contract": "C18B",
        "neighbourhood": "N3"
    },
    "dpd_date": "NA (Keys Available)",
    "flat_type": "5-Room",
    "lcd_date": "01 Aug 2017",
    "pcd_date": "-",
    "quota_chinese": 1,
    "quota_malay": 1,
    "quota_other": 1,
    "street": "CLEMENTI AVE 4",
    "town": "Clementi"
},
{
    "apartments": [
        {
            "area": 113.0,
            "floor": 6,
            "is_repurchased": false,
            "lease_price_list": [
                {
                    "lease": null,
                    "price": 630700
                }
            ],
            "unit": 181
        },
        {
            "area": 113.0,
            "floor": 22,
            "is_repurchased": false,
            "lease_price_list": [
                {
                    "lease": null,
                    "price": 672600
                }
            ],
            "unit": 183
        }
    ],
    "block_code": {
        "block_num": "312B",
        "contract": "C18B",
        "neighbourhood": "N3"
    },
    "dpd_date": "NA (Keys Available)",
    "flat_type": "5-Room",
    "lcd_date": "01 Aug 2017",
    "pcd_date": "-",
    "quota_chinese": 2,
    "quota_malay": 2,
    "quota_other": 2,
    "street": "CLEMENTI AVE 4",
    "town": "Clementi"
},
{
    "apartments": [
        {
            "area": 113.0,
            "floor": 12,
            "is_repurchased": false,
            "lease_price_list": [
                {
                    "lease": null,
                    "price": 635500
                }
            ],
            "unit": 193
        },
        {
            "area": 113.0,
            "floor": 17,
            "is_repurchased": false,
            "lease_price_list": [
                {
                    "lease": null,
                    "price": 654100
                }
            ],
            "unit": 195
        }
    ],
    "block_code": {
        "block_num": "312C",
        "contract": "C18B",
        "neighbourhood": "N3"
    },
    "dpd_date": "NA (Keys Available)",
    "flat_type": "5-Room",
    "lcd_date": "01 Aug 2017",
    "pcd_date": "-",
    "quota_chinese": 2,
    "quota_malay": 2,
    "quota_other": 2,
    "street": "CLEMENTI AVE 4",
    "town": "Clementi"
},
{
    "apartments": [
        {
            "area": 113.0,
            "floor": 2,
            "is_repurchased": false,
            "lease_price_list": [
                {
                    "lease": null,
                    "price": 605400
                }
            ],
            "unit": 357
        },
        {
            "area": 113.0,
            "floor": 15,
            "is_repurchased": false,
            "lease_price_list": [
                {
                    "lease": null,
                    "price": 693300
                }
            ],
            "unit": 357
        },
        {
            "area": 113.0,
            "floor": 18,
            "is_repurchased": false,
            "lease_price_list": [
                {
                    "lease": null,
                    "price": 698100
                }
            ],
            "unit": 357
        },
        {
            "area": 113.0,
            "floor": 23,
            "is_repurchased": false,
            "lease_price_list": [
                {
                    "lease": null,
                    "price": 717400
                }
            ],
            "unit": 357
        },
        {
            "area": 113.0,
            "floor": 2,
            "is_repurchased": false,
            "lease_price_list": [
                {
                    "lease": null,
                    "price": 605400
                }
            ],
            "unit": 359
        },
        {
            "area": 113.0,
            "floor": 15,
            "is_repurchased": false,
            "lease_price_list": [
                {
                    "lease": null,
                    "price": 692700
                }
            ],
            "unit": 359
        },
        {
            "area": 113.0,
            "floor": 40,
            "is_repurchased": false,
            "lease_price_list": [
                {
                    "lease": null,
                    "price": 754300
                }
            ],
            "unit": 359
        }
    ],
    "block_code": {
        "block_num": "445A",
        "contract": "C11",
        "neighbourhood": "N4"
    },
    "dpd_date": "31 May 2021",
    "flat_type": "5-Room",
    "lcd_date": "-",
    "pcd_date": "2Q/2020",
    "quota_chinese": 7,
    "quota_malay": 4,
    "quota_other": 7,
    "street": "CLEMENTI AVE 3",
    "town": "Clementi"
},
{
    "apartments": [
        {
            "area": 113.0,
            "floor": 9,
            "is_repurchased": false,
            "lease_price_list": [
                {
                    "lease": null,
                    "price": 683700
                }
            ],
            "unit": 367
        },
        {
            "area": 113.0,
            "floor": 11,
            "is_repurchased": false,
            "lease_price_list": [
                {
                    "lease": null,
                    "price": 686900
                }
            ],
            "unit": 367
        },
        {
            "area": 113.0,
            "floor": 19,
            "is_repurchased": false,
            "lease_price_list": [
                {
                    "lease": null,
                    "price": 699700
                }
            ],
            "unit": 367
        },
        {
            "area": 113.0,
            "floor": 20,
            "is_repurchased": false,
            "lease_price_list": [
                {
                    "lease": null,
                    "price": 706900
                }
            ],
            "unit": 367
        },
        {
            "area": 113.0,
            "floor": 8,
            "is_repurchased": false,
            "lease_price_list": [
                {
                    "lease": null,
                    "price": 682100
                }
            ],
            "unit": 369
        },
        {
            "area": 113.0,
            "floor": 15,
            "is_repurchased": false,
            "lease_price_list": [
                {
                    "lease": null,
                    "price": 693300
                }
            ],
            "unit": 369
        }
    ],
    "block_code": {
        "block_num": "445B",
        "contract": "C11",
        "neighbourhood": "N4"
    },
    "dpd_date": "31 May 2021",
    "flat_type": "5-Room",
    "lcd_date": "-",
    "pcd_date": "2Q/2020",
    "quota_chinese": 6,
    "quota_malay": 4,
    "quota_other": 6,
    "street": "CLEMENTI AVE 3",
    "town": "Clementi"
},
{
    "apartments": [
        {
            "area": 119.0,
            "floor": 2,
            "is_repurchased": true,
            "lease_price_list": [
                {
                    "lease": null,
                    "price": 511000
                }
            ],
            "unit": 53
        }
    ],
    "block_code": {
        "block_num": "606",
        "contract": "C1",
        "neighbourhood": "N6"
    },
    "dpd_date": "NA (Keys Available)",
    "flat_type": "5-Room",
    "lcd_date": "01 Nov 1979",
    "pcd_date": "-",
    "quota_chinese": 1,
    "quota_malay": 1,
    "quota_other": 1,
    "street": "CLEMENTI WEST ST 1",
    "town": "Clementi"
},
{
    "apartments": [
        {
            "area": 118.0,
            "floor": 3,
            "is_repurchased": true,
            "lease_price_list": [
                {
                    "lease": null,
                    "price": 482600
                }
            ],
            "unit": 180
        }
    ],
    "block_code": {
        "block_num": "723",
        "contract": "C4A",
        "neighbourhood": "N7"
    },
    "dpd_date": "NA (Keys Available)",
    "flat_type": "5-Room",
    "lcd_date": "01 Jan 1981",
    "pcd_date": "-",
    "quota_chinese": 0,
    "quota_malay": 1,
    "quota_other": 1,
    "street": "CLEMENTI WEST ST 2",
    "town": "Clementi"
}]
