[{
    "apartments": [
        {
            "area": 45.0,
            "floor": 3,
            "is_repurchased": true,
            "lease_price_list": [
                {
                    "lease": "15",
                    "price": 91800
                },
                {
                    "lease": "20",
                    "price": 108600
                },
                {
                    "lease": "25",
                    "price": 122500
                },
                {
                    "lease": "30",
                    "price": 133900
                },
                {
                    "lease": "35",
                    "price": 143600
                },
                {
                    "lease": "40",
                    "price": 151800
                },
                {
                    "lease": "45",
                    "price": 158800
                }
            ],
            "unit": 214
        },
        {
            "area": 45.0,
            "floor": 14,
            "is_repurchased": true,
            "lease_price_list": [
                {
                    "lease": "15",
                    "price": 97000
                },
                {
                    "lease": "20",
                    "price": 114900
                },
                {
                    "lease": "25",
                    "price": 129700
                },
                {
                    "lease": "30",
                    "price": 141800
                },
                {
                    "lease": "35",
                    "price": 152100
                },
                {
                    "lease": "40",
                    "price": 160800
                },
                {
                    "lease": "45",
                    "price": 168200
                }
            ],
            "unit": 214
        }
    ],
    "block_code": {
        "block_num": "31",
        "contract": "RC26",
        "neighbourhood": "N5"
    },
    "dpd_date": "NA (Keys Available)",
    "flat_type": "2-Room Flexi (Short Lease)",
    "lcd_date": "From keys collection date",
    "pcd_date": "-",
    "quota_chinese": 2,
    "quota_malay": 2,
    "quota_other": 2,
    "street": "EUNOS CRES",
    "town": "Geylang"
},
{
    "apartments": [
        {
            "area": 45.0,
            "floor": 13,
            "is_repurchased": true,
            "lease_price_list": [
                {
                    "lease": "15",
                    "price": 96800
                },
                {
                    "lease": "20",
                    "price": 114600
                },
                {
                    "lease": "25",
                    "price": 129300
                },
                {
                    "lease": "30",
                    "price": 141400
                },
                {
                    "lease": "35",
                    "price": 151700
                },
                {
                    "lease": "40",
                    "price": 160400
                },
                {
                    "lease": "45",
                    "price": 167700
                }
            ],
            "unit": 230
        },
        {
            "area": 35.0,
            "floor": 2,
            "is_repurchased": true,
            "lease_price_list": [
                {
                    "lease": "15",
                    "price": 70500
                },
                {
                    "lease": "20",
                    "price": 83200
                },
                {
                    "lease": "25",
                    "price": 93700
                },
                {
                    "lease": "30",
                    "price": 102300
                },
                {
                    "lease": "35",
                    "price": 109600
                },
                {
                    "lease": "40",
                    "price": 115700
                },
                {
                    "lease": "45",
                    "price": 121000
                }
            ],
            "unit": 232
        }
    ],
    "block_code": {
        "block_num": "32",
        "contract": "RC26",
        "neighbourhood": "N5"
    },
    "dpd_date": "NA (Keys Available)",
    "flat_type": "2-Room Flexi (Short Lease)",
    "lcd_date": "From keys collection date",
    "pcd_date": "-",
    "quota_chinese": 2,
    "quota_malay": 2,
    "quota_other": 2,
    "street": "EUNOS CRES",
    "town": "Geylang"
},
{
    "apartments": [
        {
            "area": 36.0,
            "floor": 7,
            "is_repurchased": false,
            "lease_price_list": [
                {
                    "lease": "15",
                    "price": 71900
                },
                {
                    "lease": "20",
                    "price": 84000
                },
                {
                    "lease": "25",
                    "price": 94000
                },
                {
                    "lease": "30",
                    "price": 102100
                },
                {
                    "lease": "35",
                    "price": 109000
                },
                {
                    "lease": "40",
                    "price": 114900
                },
                {
                    "lease": "45",
                    "price": 119900
                }
            ],
            "unit": 213
        },
        {
            "area": 36.0,
            "floor": 9,
            "is_repurchased": false,
            "lease_price_list": [
                {
                    "lease": "15",
                    "price": 72900
                },
                {
                    "lease": "20",
                    "price": 85100
                },
                {
                    "lease": "25",
                    "price": 95200
                },
                {
                    "lease": "30",
                    "price": 103500
                },
                {
                    "lease": "35",
                    "price": 110500
                },
                {
                    "lease": "40",
                    "price": 116500
                },
                {
                    "lease": "45",
                    "price": 121600
                }
            ],
            "unit": 215
        },
        {
            "area": 36.0,
            "floor": 5,
            "is_repurchased": false,
            "lease_price_list": [
                {
                    "lease": "15",
                    "price": 69100
                },
                {
                    "lease": "20",
                    "price": 80600
                },
                {
                    "lease": "25",
                    "price": 90000
                },
                {
                    "lease": "30",
                    "price": 97800
                },
                {
                    "lease": "35",
                    "price": 104400
                },
                {
                    "lease": "40",
                    "price": 110000
                },
                {
                    "lease": "45",
                    "price": 114800
                }
            ],
            "unit": 217
        },
        {
            "area": 46.0,
            "floor": 3,
            "is_repurchased": false,
            "lease_price_list": [
                {
                    "lease": "15",
                    "price": 84700
                },
                {
                    "lease": "20",
                    "price": 99100
                },
                {
                    "lease": "25",
                    "price": 111000
                },
                {
                    "lease": "30",
                    "price": 120700
                },
                {
                    "lease": "35",
                    "price": 129000
                },
                {
                    "lease": "40",
                    "price": 136000
                },
                {
                    "lease": "45",
                    "price": 142000
                }
            ],
            "unit": 221
        },
        {
            "area": 46.0,
            "floor": 11,
            "is_repurchased": false,
            "lease_price_list": [
                {
                    "lease": "15",
                    "price": 92900
                },
                {
                    "lease": "20",
                    "price": 109000
                },
                {
                    "lease": "25",
                    "price": 122300
                },
                {
                    "lease": "30",
                    "price": 133100
                },
                {
                    "lease": "35",
                    "price": 142300
                },
                {
                    "lease": "40",
                    "price": 150200
                },
                {
                    "lease": "45",
                    "price": 156800
                }
            ],
            "unit": 221
        },
        {
            "area": 46.0,
            "floor": 6,
            "is_repurchased": false,
            "lease_price_list": [
                {
                    "lease": "15",
                    "price": 88900
                },
                {
                    "lease": "20",
                    "price": 104100
                },
                {
                    "lease": "25",
                    "price": 116700
                },
                {
                    "lease": "30",
                    "price": 127000
                },
                {
                    "lease": "35",
                    "price": 135800
                },
                {
                    "lease": "40",
                    "price": 143200
                },
                {
                    "lease": "45",
                    "price": 149500
                }
            ],
            "unit": 227
        },
        {
            "area": 46.0,
            "floor": 9,
            "is_repurchased": false,
            "lease_price_list": [
                {
                    "lease": "15",
                    "price": 90500
                },
                {
                    "lease": "20",
                    "price": 106000
                },
                {
                    "lease": "25",
                    "price": 118900
                },
                {
                    "lease": "30",
                    "price": 129400
                },
                {
                    "lease": "35",
                    "price": 138400
                },
                {
                    "lease": "40",
                    "price": 145900
                },
                {
                    "lease": "45",
                    "price": 152400
                }
            ],
            "unit": 227
        },
        {
            "area": 36.0,
            "floor": 12,
            "is_repurchased": false,
            "lease_price_list": [
                {
                    "lease": "15",
                    "price": 72100
                },
                {
                    "lease": "20",
                    "price": 84200
                },
                {
                    "lease": "25",
                    "price": 94200
                },
                {
                    "lease": "30",
                    "price": 102400
                },
                {
                    "lease": "35",
                    "price": 109400
                },
                {
                    "lease": "40",
                    "price": 115300
                },
                {
                    "lease": "45",
                    "price": 120300
                }
            ],
            "unit": 229
        },
        {
            "area": 36.0,
            "floor": 18,
            "is_repurchased": false,
            "lease_price_list": [
                {
                    "lease": "15",
                    "price": 75300
                },
                {
                    "lease": "20",
                    "price": 88000
                },
                {
                    "lease": "25",
                    "price": 98500
                },
                {
                    "lease": "30",
                    "price": 107100
                },
                {
                    "lease": "35",
                    "price": 114400
                },
                {
                    "lease": "40",
                    "price": 120600
                },
                {
                    "lease": "45",
                    "price": 125900
                }
            ],
            "unit": 229
        },
        {
            "area": 36.0,
            "floor": 3,
            "is_repurchased": false,
            "lease_price_list": [
                {
                    "lease": "15",
                    "price": 67400
                },
                {
                    "lease": "20",
                    "price": 78600
                },
                {
                    "lease": "25",
                    "price": 87800
                },
                {
                    "lease": "30",
                    "price": 95300
                },
                {
                    "lease": "35",
                    "price": 101700
                },
                {
                    "lease": "40",
                    "price": 107200
                },
                {
                    "lease": "45",
                    "price": 111800
                }
            ],
            "unit": 231
        },
        {
            "area": 36.0,
            "floor": 12,
            "is_repurchased": false,
            "lease_price_list": [
                {
                    "lease": "15",
                    "price": 72100
                },
                {
                    "lease": "20",
                    "price": 84200
                },
                {
                    "lease": "25",
                    "price": 94200
                },
                {
                    "lease": "30",
                    "price": 102400
                },
                {
                    "lease": "35",
                    "price": 109400
                },
                {
                    "lease": "40",
                    "price": 115300
                },
                {
                    "lease": "45",
                    "price": 120300
                }
            ],
            "unit": 231
        },
        {
            "area": 46.0,
            "floor": 9,
            "is_repurchased": false,
            "lease_price_list": [
                {
                    "lease": "15",
                    "price": 90500
                },
                {
                    "lease": "20",
                    "price": 106000
                },
                {
                    "lease": "25",
                    "price": 118900
                },
                {
                    "lease": "30",
                    "price": 129400
                },
                {
                    "lease": "35",
                    "price": 138400
                },
                {
                    "lease": "40",
                    "price": 145900
                },
                {
                    "lease": "45",
                    "price": 152400
                }
            ],
            "unit": 233
        },
        {
            "area": 46.0,
            "floor": 17,
            "is_repurchased": false,
            "lease_price_list": [
                {
                    "lease": "15",
                    "price": 94500
                },
                {
                    "lease": "20",
                    "price": 110900
                },
                {
                    "lease": "25",
                    "price": 124400
                },
                {
                    "lease": "30",
                    "price": 135500
                },
                {
                    "lease": "35",
                    "price": 144900
                },
                {
                    "lease": "40",
                    "price": 152900
                },
                {
                    "lease": "45",
                    "price": 159700
                }
            ],
            "unit": 233
        }
    ],
    "block_code": {
        "block_num": "63",
        "contract": "C28",
        "neighbourhood": "N3"
    },
    "dpd_date": "NA (Keys Available)",
    "flat_type": "2-Room Flexi (Short Lease)",
    "lcd_date": "From keys collection date",
    "pcd_date": "-",
    "quota_chinese": 7,
    "quota_malay": 9,
    "quota_other": 13,
    "street": "SIMS PL",
    "town": "Geylang"
},
{
    "apartments": [
        {
            "area": 38.0,
            "floor": 19,
            "is_repurchased": false,
            "lease_price_list": [
                {
                    "lease": "15",
                    "price": 74300
                },
                {
                    "lease": "20",
                    "price": 86800
                },
                {
                    "lease": "25",
                    "price": 97100
                },
                {
                    "lease": "30",
                    "price": 105600
                },
                {
                    "lease": "35",
                    "price": 112800
                },
                {
                    "lease": "40",
                    "price": 118900
                },
                {
                    "lease": "45",
                    "price": 124100
                }
            ],
            "unit": 76
        }
    ],
    "block_code": {
        "block_num": "82A",
        "contract": "C43B",
        "neighbourhood": "N1"
    },
    "dpd_date": "30 Apr 2020",
    "flat_type": "2-Room Flexi (Short Lease)",
    "lcd_date": "-",
    "pcd_date": "2Q/2019",
    "quota_chinese": 1,
    "quota_malay": 1,
    "quota_other": 1,
    "street": "CIRCUIT RD",
    "town": "Geylang"
}]
