[{
    "apartments": [
        {
            "area": 67.0,
            "floor": 6,
            "is_repurchased": false,
            "lease_price_list": [
                {
                    "lease": null,
                    "price": 294100
                }
            ],
            "unit": 270
        }
    ],
    "block_code": {
        "block_num": "18A",
        "contract": "C18",
        "neighbourhood": "N1"
    },
    "dpd_date": "NA (Keys Available)",
    "flat_type": "3-Room",
    "lcd_date": "01 Nov 2016",
    "pcd_date": "-",
    "quota_chinese": 0,
    "quota_malay": 1,
    "quota_other": 1,
    "street": "CIRCUIT RD",
    "town": "Geylang"
},
{
    "apartments": [
        {
            "area": 67.0,
            "floor": 5,
            "is_repurchased": false,
            "lease_price_list": [
                {
                    "lease": null,
                    "price": 297100
                }
            ],
            "unit": 236
        }
    ],
    "block_code": {
        "block_num": "18C",
        "contract": "C18",
        "neighbourhood": "N1"
    },
    "dpd_date": "NA (Keys Available)",
    "flat_type": "3-Room",
    "lcd_date": "01 Nov 2016",
    "pcd_date": "-",
    "quota_chinese": 1,
    "quota_malay": 1,
    "quota_other": 1,
    "street": "CIRCUIT RD",
    "town": "Geylang"
},
{
    "apartments": [
        {
            "area": 68.0,
            "floor": 5,
            "is_repurchased": true,
            "lease_price_list": [
                {
                    "lease": null,
                    "price": 303000
                }
            ],
            "unit": 66
        }
    ],
    "block_code": {
        "block_num": "32",
        "contract": "C0A",
        "neighbourhood": "N4"
    },
    "dpd_date": "NA (Keys Available)",
    "flat_type": "3-Room",
    "lcd_date": "01 Jul 1981",
    "pcd_date": "-",
    "quota_chinese": 0,
    "quota_malay": 1,
    "quota_other": 1,
    "street": "CASSIA CRES",
    "town": "Geylang"
},
{
    "apartments": [
        {
            "area": 58.0,
            "floor": 7,
            "is_repurchased": false,
            "lease_price_list": [
                {
                    "lease": null,
                    "price": 197000
                }
            ],
            "unit": 387
        },
        {
            "area": 59.0,
            "floor": 3,
            "is_repurchased": false,
            "lease_price_list": [
                {
                    "lease": null,
                    "price": 195000
                }
            ],
            "unit": 399
        },
        {
            "area": 58.0,
            "floor": 4,
            "is_repurchased": false,
            "lease_price_list": [
                {
                    "lease": null,
                    "price": 194000
                }
            ],
            "unit": 409
        },
        {
            "area": 58.0,
            "floor": 8,
            "is_repurchased": false,
            "lease_price_list": [
                {
                    "lease": null,
                    "price": 198000
                }
            ],
            "unit": 439
        },
        {
            "area": 58.0,
            "floor": 9,
            "is_repurchased": false,
            "lease_price_list": [
                {
                    "lease": null,
                    "price": 200000
                }
            ],
            "unit": 439
        },
        {
            "area": 59.0,
            "floor": 6,
            "is_repurchased": false,
            "lease_price_list": [
                {
                    "lease": null,
                    "price": 198000
                }
            ],
            "unit": 453
        },
        {
            "area": 59.0,
            "floor": 9,
            "is_repurchased": false,
            "lease_price_list": [
                {
                    "lease": null,
                    "price": 200000
                }
            ],
            "unit": 453
        },
        {
            "area": 58.0,
            "floor": 16,
            "is_repurchased": false,
            "lease_price_list": [
                {
                    "lease": null,
                    "price": 206000
                }
            ],
            "unit": 455
        },
        {
            "area": 58.0,
            "floor": 15,
            "is_repurchased": false,
            "lease_price_list": [
                {
                    "lease": null,
                    "price": 204000
                }
            ],
            "unit": 465
        }
    ],
    "block_code": {
        "block_num": "37",
        "contract": "C13",
        "neighbourhood": "N1"
    },
    "dpd_date": "NA (Keys Available)",
    "flat_type": "3-Room",
    "lcd_date": "01 Nov 1972",
    "pcd_date": "-",
    "quota_chinese": 9,
    "quota_malay": 5,
    "quota_other": 9,
    "street": "CIRCUIT RD",
    "town": "Geylang"
},
{
    "apartments": [
        {
            "area": 56.0,
            "floor": 10,
            "is_repurchased": true,
            "lease_price_list": [
                {
                    "lease": null,
                    "price": 199000
                }
            ],
            "unit": 777
        }
    ],
    "block_code": {
        "block_num": "50",
        "contract": "C2",
        "neighbourhood": "N1"
    },
    "dpd_date": "NA (Keys Available)",
    "flat_type": "3-Room",
    "lcd_date": "01 Jan 1969",
    "pcd_date": "-",
    "quota_chinese": 1,
    "quota_malay": 1,
    "quota_other": 1,
    "street": "CIRCUIT RD",
    "town": "Geylang"
},
{
    "apartments": [
        {
            "area": 56.0,
            "floor": 5,
            "is_repurchased": false,
            "lease_price_list": [
                {
                    "lease": null,
                    "price": 186000
                }
            ],
            "unit": 825
        },
        {
            "area": 56.0,
            "floor": 7,
            "is_repurchased": false,
            "lease_price_list": [
                {
                    "lease": null,
                    "price": 191000
                }
            ],
            "unit": 825
        }
    ],
    "block_code": {
        "block_num": "52",
        "contract": "C12",
        "neighbourhood": "N1"
    },
    "dpd_date": "NA (Keys Available)",
    "flat_type": "3-Room",
    "lcd_date": "01 Jan 1969",
    "pcd_date": "-",
    "quota_chinese": 2,
    "quota_malay": 0,
    "quota_other": 2,
    "street": "CIRCUIT RD",
    "town": "Geylang"
},
{
    "apartments": [
        {
            "area": 68.0,
            "floor": 12,
            "is_repurchased": false,
            "lease_price_list": [
                {
                    "lease": null,
                    "price": 330900
                }
            ],
            "unit": 201
        },
        {
            "area": 68.0,
            "floor": 15,
            "is_repurchased": false,
            "lease_price_list": [
                {
                    "lease": null,
                    "price": 333400
                }
            ],
            "unit": 201
        },
        {
            "area": 68.0,
            "floor": 18,
            "is_repurchased": false,
            "lease_price_list": [
                {
                    "lease": null,
                    "price": 339200
                }
            ],
            "unit": 201
        },
        {
            "area": 68.0,
            "floor": 2,
            "is_repurchased": false,
            "lease_price_list": [
                {
                    "lease": null,
                    "price": 304700
                }
            ],
            "unit": 207
        },
        {
            "area": 68.0,
            "floor": 18,
            "is_repurchased": true,
            "lease_price_list": [
                {
                    "lease": null,
                    "price": 336700
                }
            ],
            "unit": 207
        },
        {
            "area": 68.0,
            "floor": 7,
            "is_repurchased": false,
            "lease_price_list": [
                {
                    "lease": null,
                    "price": 324400
                }
            ],
            "unit": 211
        },
        {
            "area": 68.0,
            "floor": 9,
            "is_repurchased": false,
            "lease_price_list": [
                {
                    "lease": null,
                    "price": 327900
                }
            ],
            "unit": 211
        },
        {
            "area": 68.0,
            "floor": 3,
            "is_repurchased": false,
            "lease_price_list": [
                {
                    "lease": null,
                    "price": 307700
                }
            ],
            "unit": 235
        },
        {
            "area": 68.0,
            "floor": 4,
            "is_repurchased": false,
            "lease_price_list": [
                {
                    "lease": null,
                    "price": 307400
                }
            ],
            "unit": 237
        }
    ],
    "block_code": {
        "block_num": "63",
        "contract": "C28",
        "neighbourhood": "N3"
    },
    "dpd_date": "NA (Keys Available)",
    "flat_type": "3-Room",
    "lcd_date": "01 Dec 2016",
    "pcd_date": "-",
    "quota_chinese": 9,
    "quota_malay": 9,
    "quota_other": 9,
    "street": "SIMS PL",
    "town": "Geylang"
},
{
    "apartments": [
        {
            "area": 56.0,
            "floor": 4,
            "is_repurchased": false,
            "lease_price_list": [
                {
                    "lease": null,
                    "price": 190000
                }
            ],
            "unit": 85
        }
    ],
    "block_code": {
        "block_num": "68",
        "contract": "C10",
        "neighbourhood": "N1"
    },
    "dpd_date": "NA (Keys Available)",
    "flat_type": "3-Room",
    "lcd_date": "01 Jan 1969",
    "pcd_date": "-",
    "quota_chinese": 1,
    "quota_malay": 1,
    "quota_other": 1,
    "street": "CIRCUIT RD",
    "town": "Geylang"
},
{
    "apartments": [
        {
            "area": 68.0,
            "floor": 4,
            "is_repurchased": false,
            "lease_price_list": [
                {
                    "lease": null,
                    "price": 309000
                }
            ],
            "unit": 62
        },
        {
            "area": 68.0,
            "floor": 8,
            "is_repurchased": false,
            "lease_price_list": [
                {
                    "lease": null,
                    "price": 319700
                }
            ],
            "unit": 78
        }
    ],
    "block_code": {
        "block_num": "82A",
        "contract": "C43B",
        "neighbourhood": "N1"
    },
    "dpd_date": "30 Apr 2020",
    "flat_type": "3-Room",
    "lcd_date": "-",
    "pcd_date": "2Q/2019",
    "quota_chinese": 2,
    "quota_malay": 2,
    "quota_other": 2,
    "street": "CIRCUIT RD",
    "town": "Geylang"
},
{
    "apartments": [
        {
            "area": 58.0,
            "floor": 2,
            "is_repurchased": true,
            "lease_price_list": [
                {
                    "lease": null,
                    "price": 190000
                }
            ],
            "unit": 3059
        },
        {
            "area": 58.0,
            "floor": 4,
            "is_repurchased": false,
            "lease_price_list": [
                {
                    "lease": null,
                    "price": 190000
                }
            ],
            "unit": 3061
        }
    ],
    "block_code": {
        "block_num": "93",
        "contract": "C4",
        "neighbourhood": "N1"
    },
    "dpd_date": "NA (Keys Available)",
    "flat_type": "3-Room",
    "lcd_date": "01 Sep 1972",
    "pcd_date": "-",
    "quota_chinese": 2,
    "quota_malay": 2,
    "quota_other": 2,
    "street": "PAYA LEBAR WAY",
    "town": "Geylang"
},
{
    "apartments": [
        {
            "area": 68.0,
            "floor": 2,
            "is_repurchased": false,
            "lease_price_list": [
                {
                    "lease": null,
                    "price": 244000
                }
            ],
            "unit": 41
        }
    ],
    "block_code": {
        "block_num": "115",
        "contract": "C7",
        "neighbourhood": "N2"
    },
    "dpd_date": "NA (Keys Available)",
    "flat_type": "3-Room",
    "lcd_date": "01 Apr 1975",
    "pcd_date": "-",
    "quota_chinese": 1,
    "quota_malay": 1,
    "quota_other": 0,
    "street": "ALJUNIED AVE 2",
    "town": "Geylang"
},
{
    "apartments": [
        {
            "area": 68.0,
            "floor": 2,
            "is_repurchased": false,
            "lease_price_list": [
                {
                    "lease": null,
                    "price": 251000
                }
            ],
            "unit": 8
        }
    ],
    "block_code": {
        "block_num": "119",
        "contract": "C8",
        "neighbourhood": "N2"
    },
    "dpd_date": "NA (Keys Available)",
    "flat_type": "3-Room",
    "lcd_date": "01 Mar 1999",
    "pcd_date": "-",
    "quota_chinese": 1,
    "quota_malay": 1,
    "quota_other": 0,
    "street": "ALJUNIED AVE 2",
    "town": "Geylang"
},
{
    "apartments": [
        {
            "area": 64.0,
            "floor": 4,
            "is_repurchased": false,
            "lease_price_list": [
                {
                    "lease": null,
                    "price": 229000
                }
            ],
            "unit": 79
        }
    ],
    "block_code": {
        "block_num": "302",
        "contract": "C40",
        "neighbourhood": "N6"
    },
    "dpd_date": "NA (Keys Available)",
    "flat_type": "3-Room",
    "lcd_date": "01 May 2000",
    "pcd_date": "-",
    "quota_chinese": 1,
    "quota_malay": 1,
    "quota_other": 1,
    "street": "UBI AVE 1",
    "town": "Geylang"
}]
