[{
    "apartments": [
        {
            "area": 95.0,
            "floor": 14,
            "is_repurchased": true,
            "lease_price_list": [
                {
                    "lease": null,
                    "price": 536000
                }
            ],
            "unit": 39
        }
    ],
    "block_code": {
        "block_num": "2D",
        "contract": "C27",
        "neighbourhood": "N5"
    },
    "dpd_date": "NA (Keys Available)",
    "flat_type": "4-Room",
    "lcd_date": "01 Dec 2011",
    "pcd_date": "-",
    "quota_chinese": 1,
    "quota_malay": 1,
    "quota_other": 1,
    "street": "GEYLANG SERAI",
    "town": "Geylang"
},
{
    "apartments": [
        {
            "area": 93.0,
            "floor": 6,
            "is_repurchased": false,
            "lease_price_list": [
                {
                    "lease": null,
                    "price": 441100
                }
            ],
            "unit": 210
        },
        {
            "area": 93.0,
            "floor": 17,
            "is_repurchased": false,
            "lease_price_list": [
                {
                    "lease": null,
                    "price": 464900
                }
            ],
            "unit": 214
        },
        {
            "area": 93.0,
            "floor": 3,
            "is_repurchased": false,
            "lease_price_list": [
                {
                    "lease": null,
                    "price": 429000
                }
            ],
            "unit": 218
        }
    ],
    "block_code": {
        "block_num": "17B",
        "contract": "C18",
        "neighbourhood": "N1"
    },
    "dpd_date": "NA (Keys Available)",
    "flat_type": "4-Room",
    "lcd_date": "01 Nov 2016",
    "pcd_date": "-",
    "quota_chinese": 2,
    "quota_malay": 3,
    "quota_other": 3,
    "street": "CIRCUIT RD",
    "town": "Geylang"
},
{
    "apartments": [
        {
            "area": 93.0,
            "floor": 2,
            "is_repurchased": false,
            "lease_price_list": [
                {
                    "lease": null,
                    "price": 398500
                }
            ],
            "unit": 242
        },
        {
            "area": 93.0,
            "floor": 7,
            "is_repurchased": false,
            "lease_price_list": [
                {
                    "lease": null,
                    "price": 430100
                }
            ],
            "unit": 244
        }
    ],
    "block_code": {
        "block_num": "18C",
        "contract": "C18",
        "neighbourhood": "N1"
    },
    "dpd_date": "NA (Keys Available)",
    "flat_type": "4-Room",
    "lcd_date": "01 Nov 2016",
    "pcd_date": "-",
    "quota_chinese": 0,
    "quota_malay": 2,
    "quota_other": 2,
    "street": "CIRCUIT RD",
    "town": "Geylang"
},
{
    "apartments": [
        {
            "area": 93.0,
            "floor": 7,
            "is_repurchased": true,
            "lease_price_list": [
                {
                    "lease": null,
                    "price": 449400
                }
            ],
            "unit": 220
        }
    ],
    "block_code": {
        "block_num": "18D",
        "contract": "C18",
        "neighbourhood": "N1"
    },
    "dpd_date": "NA (Keys Available)",
    "flat_type": "4-Room",
    "lcd_date": "01 Nov 2016",
    "pcd_date": "-",
    "quota_chinese": 1,
    "quota_malay": 1,
    "quota_other": 1,
    "street": "CIRCUIT RD",
    "town": "Geylang"
},
{
    "apartments": [
        {
            "area": 103.0,
            "floor": 2,
            "is_repurchased": true,
            "lease_price_list": [
                {
                    "lease": null,
                    "price": 300200
                }
            ],
            "unit": 213
        }
    ],
    "block_code": {
        "block_num": "40",
        "contract": "C12",
        "neighbourhood": "N3"
    },
    "dpd_date": "NA (Keys Available)",
    "flat_type": "4-Room",
    "lcd_date": "01 Jun 1990",
    "pcd_date": "-",
    "quota_chinese": 0,
    "quota_malay": 1,
    "quota_other": 1,
    "street": "SIMS DR",
    "town": "Geylang"
},
{
    "apartments": [
        {
            "area": 93.0,
            "floor": 11,
            "is_repurchased": false,
            "lease_price_list": [
                {
                    "lease": null,
                    "price": 463400
                }
            ],
            "unit": 44
        },
        {
            "area": 93.0,
            "floor": 4,
            "is_repurchased": false,
            "lease_price_list": [
                {
                    "lease": null,
                    "price": 430300
                }
            ],
            "unit": 50
        }
    ],
    "block_code": {
        "block_num": "82B",
        "contract": "C43B",
        "neighbourhood": "N1"
    },
    "dpd_date": "30 Apr 2020",
    "flat_type": "4-Room",
    "lcd_date": "-",
    "pcd_date": "2Q/2019",
    "quota_chinese": 2,
    "quota_malay": 2,
    "quota_other": 2,
    "street": "CIRCUIT RD",
    "town": "Geylang"
},
{
    "apartments": [
        {
            "area": 96.0,
            "floor": 19,
            "is_repurchased": false,
            "lease_price_list": [
                {
                    "lease": null,
                    "price": 474500
                }
            ],
            "unit": 4
        }
    ],
    "block_code": {
        "block_num": "83A",
        "contract": "C43B",
        "neighbourhood": "N1"
    },
    "dpd_date": "30 Apr 2020",
    "flat_type": "4-Room",
    "lcd_date": "-",
    "pcd_date": "2Q/2019",
    "quota_chinese": 0,
    "quota_malay": 1,
    "quota_other": 1,
    "street": "CIRCUIT RD",
    "town": "Geylang"
}]
