{
    "blocks": [
        {
            "apartments": [
                {
                    "area": 67,
                    "floor": 14,
                    "is_repurchased": false,
                    "lease_price_list": [
                        {
                            "lease": 97,
                            "price": 230800
                        }
                    ],
                    "unit": 2202
                }
            ],
            "block_code": {
                "block_num": "180A",
                "contract": "C19",
                "neighbourhood": "N1"
            },
            "dpd_date": null,
            "flat_type": "3-Room (income ceiling $6,000)",
            "lcd_date": {
                "year": 2015,
                "month": 7,
                "day": 1,
                "quarter": null,
                "months_since": -22
            },
            "pcd_date": null,
            "quota_chinese": 1,
            "quota_malay": 1,
            "quota_other": 1,
            "street": "MARSILING ROAD",
            "town": "Woodlands",
            "title": "MARSILING HEIGHTS",
            "lat": 1.43905616085406,
            "long": 103.778144908408,
            "postal": 731180
        },
        {
            "apartments": [
                {
                    "area": 66,
                    "floor": 20,
                    "is_repurchased": false,
                    "lease_price_list": [
                        {
                            "lease": 97,
                            "price": 241500
                        }
                    ],
                    "unit": 2226
                }
            ],
            "block_code": {
                "block_num": "180B",
                "contract": "C19",
                "neighbourhood": "N1"
            },
            "dpd_date": null,
            "flat_type": "3-Room (income ceiling $6,000)",
            "lcd_date": {
                "year": 2015,
                "month": 7,
                "day": 1,
                "quarter": null,
                "months_since": -22
            },
            "pcd_date": null,
            "quota_chinese": 1,
            "quota_malay": 1,
            "quota_other": 0,
            "street": "MARSILING ROAD",
            "town": "Woodlands",
            "title": "MARSILING HEIGHTS",
            "lat": 1.43905659750826,
            "long": 103.778349763028,
            "postal": 732180
        },
        {
            "apartments": [
                {
                    "area": 68,
                    "floor": 20,
                    "is_repurchased": false,
                    "lease_price_list": [
                        {
                            "lease": 99,
                            "price": 185700
                        }
                    ],
                    "unit": 677
                }
            ],
            "block_code": {
                "block_num": "185B",
                "contract": "C26",
                "neighbourhood": "N1"
            },
            "dpd_date": {
                "year": 2019,
                "month": 9,
                "day": 30,
                "quarter": null,
                "months_since": 28
            },
            "flat_type": "3-Room (income ceiling $6,000)",
            "lcd_date": null,
            "pcd_date": {
                "year": 2018,
                "month": null,
                "day": null,
                "quarter": 3,
                "months_since": 16
            },
            "quota_chinese": 1,
            "quota_malay": 1,
            "quota_other": 1,
            "street": "WOODLANDS STREET 13",
            "town": "Woodlands",
            "title": "MARSILING GREENVIEW",
            "lat": 1.435856503832,
            "long": 103.776294109996,
            "postal": 732185
        },
        {
            "apartments": [
                {
                    "area": 68,
                    "floor": 3,
                    "is_repurchased": true,
                    "lease_price_list": [
                        {
                            "lease": 63,
                            "price": 191000
                        }
                    ],
                    "unit": 170
                }
            ],
            "block_code": {
                "block_num": "203",
                "contract": "C8",
                "neighbourhood": "N2"
            },
            "dpd_date": null,
            "flat_type": "3-Room (income ceiling $6,000)",
            "lcd_date": {
                "year": 1981,
                "month": 10,
                "day": 1,
                "quarter": null,
                "months_since": -427
            },
            "pcd_date": null,
            "quota_chinese": 1,
            "quota_malay": 0,
            "quota_other": 0,
            "street": "MARSILING DRIVE",
            "town": "Woodlands",
            "title": "MARSILING ADMIRALTY PARK",
            "lat": 1.44378245782926,
            "long": 103.774416596146,
            "postal": 730203
        },
        {
            "apartments": [
                {
                    "area": 67,
                    "floor": 8,
                    "is_repurchased": false,
                    "lease_price_list": [
                        {
                            "lease": 98,
                            "price": 222500
                        }
                    ],
                    "unit": 319
                }
            ],
            "block_code": {
                "block_num": "302A",
                "contract": "C14",
                "neighbourhood": "N3"
            },
            "dpd_date": null,
            "flat_type": "3-Room (income ceiling $6,000)",
            "lcd_date": {
                "year": 2016,
                "month": 10,
                "day": 1,
                "quarter": null,
                "months_since": -7
            },
            "pcd_date": null,
            "quota_chinese": 1,
            "quota_malay": 1,
            "quota_other": 0,
            "street": "WOODLANDS STREET 31",
            "town": "Woodlands",
            "title": "WOODLANDS PEAK",
            "lat": 1.43185558749488,
            "long": 103.775294044439,
            "postal": 731302
        },
        {
            "apartments": [
                {
                    "area": 68,
                    "floor": 7,
                    "is_repurchased": false,
                    "lease_price_list": [
                        {
                            "lease": 99,
                            "price": 179000
                        }
                    ],
                    "unit": 733
                }
            ],
            "block_code": {
                "block_num": "693B",
                "contract": "C22",
                "neighbourhood": "N6"
            },
            "dpd_date": {
                "year": 2018,
                "month": 8,
                "day": 31,
                "quarter": null,
                "months_since": 15
            },
            "flat_type": "3-Room (income ceiling $6,000)",
            "lcd_date": null,
            "pcd_date": {
                "year": 2017,
                "month": 8,
                "day": null,
                "quarter": null,
                "months_since": 3
            },
            "quota_chinese": 1,
            "quota_malay": 1,
            "quota_other": 1,
            "street": "WOODLANDS AVENUE 6",
            "town": "Woodlands",
            "title": "ADMIRALTY GROVE",
            "lat": 1.43850605916388,
            "long": 103.804250612304,
            "postal": 732693
        },
        {
            "apartments": [
                {
                    "area": 68,
                    "floor": 12,
                    "is_repurchased": false,
                    "lease_price_list": [
                        {
                            "lease": 99,
                            "price": 182600
                        }
                    ],
                    "unit": 50
                }
            ],
            "block_code": {
                "block_num": "694C",
                "contract": "C22",
                "neighbourhood": "N6"
            },
            "dpd_date": {
                "year": 2018,
                "month": 8,
                "day": 31,
                "quarter": null,
                "months_since": 15
            },
            "flat_type": "3-Room (income ceiling $6,000)",
            "lcd_date": null,
            "pcd_date": {
                "year": 2017,
                "month": null,
                "day": null,
                "quarter": 3,
                "months_since": 4
            },
            "quota_chinese": 1,
            "quota_malay": 0,
            "quota_other": 1,
            "street": "WOODLANDS DRIVE 62",
            "town": "Woodlands",
            "title": "ADMIRALTY GROVE",
            "lat": 1.43882273055926,
            "long": 103.80571417998,
            "postal": 733694
        }
    ]
}