{
    "blocks": [
        {
            "apartments": [
                {
                    "area": 130,
                    "floor": 6,
                    "is_repurchased": true,
                    "lease_price_list": [
                        {
                            "lease": 82,
                            "price": 475000
                        }
                    ],
                    "unit": 27
                }
            ],
            "block_code": {
                "block_num": "670",
                "contract": "C3",
                "neighbourhood": "N6"
            },
            "dpd_date": null,
            "flat_type": "Executive",
            "lcd_date": {
                "year": 2000,
                "month": 7,
                "day": 1,
                "quarter": null,
                "months_since": -202
            },
            "pcd_date": null,
            "quota_chinese": 1,
            "quota_malay": 1,
            "quota_other": 1,
            "street": "WOODLANDS DRIVE 71",
            "town": "Woodlands",
            "title": "HDB-WOODLANDS",
            "lat": 1.43882635430607,
            "long": 103.799297445551,
            "postal": 730670
        },
        {
            "apartments": [
                {
                    "area": 143,
                    "floor": 6,
                    "is_repurchased": true,
                    "lease_price_list": [
                        {
                            "lease": 81,
                            "price": 505000
                        }
                    ],
                    "unit": 164
                }
            ],
            "block_code": {
                "block_num": "788C",
                "contract": "C25",
                "neighbourhood": "N7"
            },
            "dpd_date": null,
            "flat_type": "Executive",
            "lcd_date": {
                "year": 1999,
                "month": 5,
                "day": 1,
                "quarter": null,
                "months_since": -216
            },
            "pcd_date": null,
            "quota_chinese": 1,
            "quota_malay": 1,
            "quota_other": 1,
            "street": "WOODLANDS CRESCENT",
            "town": "Woodlands",
            "title": "HDB-WOODLANDS",
            "lat": 1.44387179785996,
            "long": 103.801833448049,
            "postal": 733788
        }
    ]
}