[{
    "apartments": [
        {
            "area": 71.0,
            "floor": 3,
            "is_repurchased": true,
            "lease_price_list": [
                {
                    "lease": null,
                    "price": 194700
                }
            ],
            "unit": 92
        }
    ],
    "block_code": {
        "block_num": "6",
        "contract": "C1",
        "neighbourhood": "N3"
    },
    "dpd_date": "NA (Keys Available)",
    "flat_type": "3-Room (income ceiling $6,000)",
    "lcd_date": "01 Jul 1975",
    "pcd_date": "-",
    "quota_chinese": 0,
    "quota_malay": 1,
    "quota_other": 1,
    "street": "HOUGANG AVE 3",
    "town": "Hougang"
},
{
    "apartments": [
        {
            "area": 67.0,
            "floor": 4,
            "is_repurchased": false,
            "lease_price_list": [
                {
                    "lease": null,
                    "price": 199000
                }
            ],
            "unit": 1319
        }
    ],
    "block_code": {
        "block_num": "108",
        "contract": "C4",
        "neighbourhood": "N1"
    },
    "dpd_date": "NA (Keys Available)",
    "flat_type": "3-Room (income ceiling $6,000)",
    "lcd_date": "01 Mar 1984",
    "pcd_date": "-",
    "quota_chinese": 1,
    "quota_malay": 1,
    "quota_other": 1,
    "street": "HOUGANG AVE 1",
    "town": "Hougang"
},
{
    "apartments": [
        {
            "area": 66.0,
            "floor": 10,
            "is_repurchased": false,
            "lease_price_list": [
                {
                    "lease": null,
                    "price": 198100
                }
            ],
            "unit": 1555
        }
    ],
    "block_code": {
        "block_num": "174B",
        "contract": "C1",
        "neighbourhood": "N1"
    },
    "dpd_date": "NA (Keys Available)",
    "flat_type": "3-Room (income ceiling $6,000)",
    "lcd_date": "01 Jan 2014",
    "pcd_date": "-",
    "quota_chinese": 1,
    "quota_malay": 1,
    "quota_other": 1,
    "street": "HOUGANG AVE 1",
    "town": "Hougang"
},
{
    "apartments": [
        {
            "area": 71.0,
            "floor": 10,
            "is_repurchased": false,
            "lease_price_list": [
                {
                    "lease": null,
                    "price": 251500
                }
            ],
            "unit": 143
        },
        {
            "area": 71.0,
            "floor": 2,
            "is_repurchased": false,
            "lease_price_list": [
                {
                    "lease": null,
                    "price": 233000
                }
            ],
            "unit": 173
        }
    ],
    "block_code": {
        "block_num": "313",
        "contract": "C1",
        "neighbourhood": "N3"
    },
    "dpd_date": "NA (Keys Available)",
    "flat_type": "3-Room (income ceiling $6,000)",
    "lcd_date": "01 Apr 1993",
    "pcd_date": "-",
    "quota_chinese": 2,
    "quota_malay": 1,
    "quota_other": 1,
    "street": "HOUGANG AVE 5",
    "town": "Hougang"
},
{
    "apartments": [
        {
            "area": 59.0,
            "floor": 2,
            "is_repurchased": false,
            "lease_price_list": [
                {
                    "lease": null,
                    "price": 187000
                }
            ],
            "unit": 77
        },
        {
            "area": 59.0,
            "floor": 10,
            "is_repurchased": false,
            "lease_price_list": [
                {
                    "lease": null,
                    "price": 205500
                }
            ],
            "unit": 91
        },
        {
            "area": 59.0,
            "floor": 10,
            "is_repurchased": false,
            "lease_price_list": [
                {
                    "lease": null,
                    "price": 205500
                }
            ],
            "unit": 103
        }
    ],
    "block_code": {
        "block_num": "316",
        "contract": "C1",
        "neighbourhood": "N3"
    },
    "dpd_date": "NA (Keys Available)",
    "flat_type": "3-Room (income ceiling $6,000)",
    "lcd_date": "01 Apr 1993",
    "pcd_date": "-",
    "quota_chinese": 3,
    "quota_malay": 1,
    "quota_other": 1,
    "street": "HOUGANG AVE 7",
    "town": "Hougang"
},
{
    "apartments": [
        {
            "area": 67.0,
            "floor": 13,
            "is_repurchased": false,
            "lease_price_list": [
                {
                    "lease": null,
                    "price": 226900
                }
            ],
            "unit": 1018
        }
    ],
    "block_code": {
        "block_num": "364A",
        "contract": "C14",
        "neighbourhood": "N3"
    },
    "dpd_date": "NA (Keys Available)",
    "flat_type": "3-Room (income ceiling $6,000)",
    "lcd_date": "01 Feb 2018",
    "pcd_date": "-",
    "quota_chinese": 1,
    "quota_malay": 1,
    "quota_other": 1,
    "street": "UPP SERANGOON RD",
    "town": "Hougang"
},
{
    "apartments": [
        {
            "area": 67.0,
            "floor": 16,
            "is_repurchased": false,
            "lease_price_list": [
                {
                    "lease": null,
                    "price": 235900
                }
            ],
            "unit": 1032
        }
    ],
    "block_code": {
        "block_num": "364B",
        "contract": "C14",
        "neighbourhood": "N3"
    },
    "dpd_date": "NA (Keys Available)",
    "flat_type": "3-Room (income ceiling $6,000)",
    "lcd_date": "01 Feb 2018",
    "pcd_date": "-",
    "quota_chinese": 1,
    "quota_malay": 1,
    "quota_other": 1,
    "street": "UPP SERANGOON RD",
    "town": "Hougang"
},
{
    "apartments": [
        {
            "area": 67.0,
            "floor": 16,
            "is_repurchased": false,
            "lease_price_list": [
                {
                    "lease": null,
                    "price": 233200
                }
            ],
            "unit": 1046
        },
        {
            "area": 67.0,
            "floor": 18,
            "is_repurchased": false,
            "lease_price_list": [
                {
                    "lease": null,
                    "price": 230900
                }
            ],
            "unit": 1048
        }
    ],
    "block_code": {
        "block_num": "365A",
        "contract": "C14",
        "neighbourhood": "N3"
    },
    "dpd_date": "NA (Keys Available)",
    "flat_type": "3-Room (income ceiling $6,000)",
    "lcd_date": "01 Feb 2018",
    "pcd_date": "-",
    "quota_chinese": 2,
    "quota_malay": 2,
    "quota_other": 2,
    "street": "UPP SERANGOON RD",
    "town": "Hougang"
},
{
    "apartments": [
        {
            "area": 67.0,
            "floor": 14,
            "is_repurchased": false,
            "lease_price_list": [
                {
                    "lease": null,
                    "price": 231200
                }
            ],
            "unit": 1062
        },
        {
            "area": 67.0,
            "floor": 18,
            "is_repurchased": false,
            "lease_price_list": [
                {
                    "lease": null,
                    "price": 237900
                }
            ],
            "unit": 1062
        },
        {
            "area": 67.0,
            "floor": 4,
            "is_repurchased": false,
            "lease_price_list": [
                {
                    "lease": null,
                    "price": 214700
                }
            ],
            "unit": 1064
        }
    ],
    "block_code": {
        "block_num": "365B",
        "contract": "C14",
        "neighbourhood": "N3"
    },
    "dpd_date": "NA (Keys Available)",
    "flat_type": "3-Room (income ceiling $6,000)",
    "lcd_date": "01 Feb 2018",
    "pcd_date": "-",
    "quota_chinese": 3,
    "quota_malay": 3,
    "quota_other": 3,
    "street": "UPP SERANGOON RD",
    "town": "Hougang"
},
{
    "apartments": [
        {
            "area": 67.0,
            "floor": 17,
            "is_repurchased": false,
            "lease_price_list": [
                {
                    "lease": null,
                    "price": 237900
                }
            ],
            "unit": 1076
        }
    ],
    "block_code": {
        "block_num": "365C",
        "contract": "C14",
        "neighbourhood": "N3"
    },
    "dpd_date": "NA (Keys Available)",
    "flat_type": "3-Room (income ceiling $6,000)",
    "lcd_date": "01 Feb 2018",
    "pcd_date": "-",
    "quota_chinese": 1,
    "quota_malay": 1,
    "quota_other": 1,
    "street": "UPP SERANGOON RD",
    "town": "Hougang"
},
{
    "apartments": [
        {
            "area": 67.0,
            "floor": 18,
            "is_repurchased": false,
            "lease_price_list": [
                {
                    "lease": null,
                    "price": 238400
                }
            ],
            "unit": 1088
        },
        {
            "area": 67.0,
            "floor": 15,
            "is_repurchased": false,
            "lease_price_list": [
                {
                    "lease": null,
                    "price": 232700
                }
            ],
            "unit": 1090
        }
    ],
    "block_code": {
        "block_num": "365D",
        "contract": "C14",
        "neighbourhood": "N3"
    },
    "dpd_date": "NA (Keys Available)",
    "flat_type": "3-Room (income ceiling $6,000)",
    "lcd_date": "01 Feb 2018",
    "pcd_date": "-",
    "quota_chinese": 2,
    "quota_malay": 2,
    "quota_other": 2,
    "street": "UPP SERANGOON RD",
    "town": "Hougang"
},
{
    "apartments": [
        {
            "area": 67.0,
            "floor": 16,
            "is_repurchased": false,
            "lease_price_list": [
                {
                    "lease": null,
                    "price": 210200
                }
            ],
            "unit": 338
        }
    ],
    "block_code": {
        "block_num": "470B",
        "contract": "C17",
        "neighbourhood": "N4"
    },
    "dpd_date": "NA (Keys Available)",
    "flat_type": "3-Room (income ceiling $6,000)",
    "lcd_date": "01 May 2015",
    "pcd_date": "-",
    "quota_chinese": 1,
    "quota_malay": 1,
    "quota_other": 1,
    "street": "UPP SERANGOON CRES",
    "town": "Hougang"
},
{
    "apartments": [
        {
            "area": 68.0,
            "floor": 17,
            "is_repurchased": false,
            "lease_price_list": [
                {
                    "lease": null,
                    "price": 213100
                }
            ],
            "unit": 315
        }
    ],
    "block_code": {
        "block_num": "473A",
        "contract": "C20",
        "neighbourhood": "N4"
    },
    "dpd_date": "NA (Keys Available)",
    "flat_type": "3-Room (income ceiling $6,000)",
    "lcd_date": "01 Jun 2017",
    "pcd_date": "-",
    "quota_chinese": 1,
    "quota_malay": 1,
    "quota_other": 1,
    "street": "UPP SERANGOON CRES",
    "town": "Hougang"
},
{
    "apartments": [
        {
            "area": 68.0,
            "floor": 9,
            "is_repurchased": false,
            "lease_price_list": [
                {
                    "lease": null,
                    "price": 201700
                }
            ],
            "unit": 329
        },
        {
            "area": 68.0,
            "floor": 11,
            "is_repurchased": false,
            "lease_price_list": [
                {
                    "lease": null,
                    "price": 207100
                }
            ],
            "unit": 335
        }
    ],
    "block_code": {
        "block_num": "473B",
        "contract": "C20",
        "neighbourhood": "N4"
    },
    "dpd_date": "NA (Keys Available)",
    "flat_type": "3-Room (income ceiling $6,000)",
    "lcd_date": "01 Jun 2017",
    "pcd_date": "-",
    "quota_chinese": 2,
    "quota_malay": 2,
    "quota_other": 2,
    "street": "UPP SERANGOON CRES",
    "town": "Hougang"
},
{
    "apartments": [
        {
            "area": 69.0,
            "floor": 2,
            "is_repurchased": true,
            "lease_price_list": [
                {
                    "lease": null,
                    "price": 199000
                }
            ],
            "unit": 361
        }
    ],
    "block_code": {
        "block_num": "652",
        "contract": "C10A",
        "neighbourhood": "N6"
    },
    "dpd_date": "NA (Keys Available)",
    "flat_type": "3-Room (income ceiling $6,000)",
    "lcd_date": "01 May 1988",
    "pcd_date": "-",
    "quota_chinese": 1,
    "quota_malay": 1,
    "quota_other": 1,
    "street": "HOUGANG AVE 8",
    "town": "Hougang"
},
{
    "apartments": [
        {
            "area": 68.0,
            "floor": 6,
            "is_repurchased": false,
            "lease_price_list": [
                {
                    "lease": null,
                    "price": 192600
                }
            ],
            "unit": 945
        }
    ],
    "block_code": {
        "block_num": "995B",
        "contract": "C20",
        "neighbourhood": "N9"
    },
    "dpd_date": "31 Aug 2019",
    "flat_type": "3-Room (income ceiling $6,000)",
    "lcd_date": "-",
    "pcd_date": "3Q/2018",
    "quota_chinese": 1,
    "quota_malay": 1,
    "quota_other": 1,
    "street": "BUANGKOK CRES",
    "town": "Hougang"
}]
