[{
    "apartments": [
        {
            "area": 103.0,
            "floor": 5,
            "is_repurchased": true,
            "lease_price_list": [
                {
                    "lease": null,
                    "price": 336000
                }
            ],
            "unit": 231
        }
    ],
    "block_code": {
        "block_num": "143",
        "contract": "C6",
        "neighbourhood": "N1"
    },
    "dpd_date": "NA (Keys Available)",
    "flat_type": "4-Room",
    "lcd_date": "01 Dec 1984",
    "pcd_date": "-",
    "quota_chinese": 1,
    "quota_malay": 1,
    "quota_other": 1,
    "street": "LOR AH SOO",
    "town": "Hougang"
},
{
    "apartments": [
        {
            "area": 91.0,
            "floor": 12,
            "is_repurchased": true,
            "lease_price_list": [
                {
                    "lease": null,
                    "price": 257400
                }
            ],
            "unit": 729
        }
    ],
    "block_code": {
        "block_num": "352",
        "contract": "C8",
        "neighbourhood": "N3"
    },
    "dpd_date": "NA (Keys Available)",
    "flat_type": "4-Room",
    "lcd_date": "01 Feb 1986",
    "pcd_date": "-",
    "quota_chinese": 0,
    "quota_malay": 1,
    "quota_other": 1,
    "street": "HOUGANG AVE 7",
    "town": "Hougang"
},
{
    "apartments": [
        {
            "area": 92.0,
            "floor": 3,
            "is_repurchased": false,
            "lease_price_list": [
                {
                    "lease": null,
                    "price": 325200
                }
            ],
            "unit": 1000
        }
    ],
    "block_code": {
        "block_num": "364A",
        "contract": "C14",
        "neighbourhood": "N3"
    },
    "dpd_date": "NA (Keys Available)",
    "flat_type": "4-Room",
    "lcd_date": "01 Feb 2018",
    "pcd_date": "-",
    "quota_chinese": 1,
    "quota_malay": 1,
    "quota_other": 1,
    "street": "UPP SERANGOON RD",
    "town": "Hougang"
},
{
    "apartments": [
        {
            "area": 92.0,
            "floor": 2,
            "is_repurchased": false,
            "lease_price_list": [
                {
                    "lease": null,
                    "price": 321700
                }
            ],
            "unit": 1020
        },
        {
            "area": 92.0,
            "floor": 7,
            "is_repurchased": false,
            "lease_price_list": [
                {
                    "lease": null,
                    "price": 353200
                }
            ],
            "unit": 1020
        }
    ],
    "block_code": {
        "block_num": "364B",
        "contract": "C14",
        "neighbourhood": "N3"
    },
    "dpd_date": "NA (Keys Available)",
    "flat_type": "4-Room",
    "lcd_date": "01 Feb 2018",
    "pcd_date": "-",
    "quota_chinese": 2,
    "quota_malay": 2,
    "quota_other": 2,
    "street": "UPP SERANGOON RD",
    "town": "Hougang"
},
{
    "apartments": [
        {
            "area": 92.0,
            "floor": 13,
            "is_repurchased": false,
            "lease_price_list": [
                {
                    "lease": null,
                    "price": 369700
                }
            ],
            "unit": 1040
        },
        {
            "area": 93.0,
            "floor": 8,
            "is_repurchased": false,
            "lease_price_list": [
                {
                    "lease": null,
                    "price": 356700
                }
            ],
            "unit": 1050
        },
        {
            "area": 92.0,
            "floor": 8,
            "is_repurchased": false,
            "lease_price_list": [
                {
                    "lease": null,
                    "price": 338600
                }
            ],
            "unit": 1054
        }
    ],
    "block_code": {
        "block_num": "365A",
        "contract": "C14",
        "neighbourhood": "N3"
    },
    "dpd_date": "NA (Keys Available)",
    "flat_type": "4-Room",
    "lcd_date": "01 Feb 2018",
    "pcd_date": "-",
    "quota_chinese": 3,
    "quota_malay": 3,
    "quota_other": 3,
    "street": "UPP SERANGOON RD",
    "town": "Hougang"
},
{
    "apartments": [
        {
            "area": 92.0,
            "floor": 3,
            "is_repurchased": false,
            "lease_price_list": [
                {
                    "lease": null,
                    "price": 331200
                }
            ],
            "unit": 1066
        },
        {
            "area": 92.0,
            "floor": 13,
            "is_repurchased": false,
            "lease_price_list": [
                {
                    "lease": null,
                    "price": 358700
                }
            ],
            "unit": 1068
        },
        {
            "area": 92.0,
            "floor": 3,
            "is_repurchased": false,
            "lease_price_list": [
                {
                    "lease": null,
                    "price": 326200
                }
            ],
            "unit": 1070
        }
    ],
    "block_code": {
        "block_num": "365B",
        "contract": "C14",
        "neighbourhood": "N3"
    },
    "dpd_date": "NA (Keys Available)",
    "flat_type": "4-Room",
    "lcd_date": "01 Feb 2018",
    "pcd_date": "-",
    "quota_chinese": 3,
    "quota_malay": 3,
    "quota_other": 3,
    "street": "UPP SERANGOON RD",
    "town": "Hougang"
},
{
    "apartments": [
        {
            "area": 92.0,
            "floor": 6,
            "is_repurchased": false,
            "lease_price_list": [
                {
                    "lease": null,
                    "price": 350700
                }
            ],
            "unit": 1092
        },
        {
            "area": 92.0,
            "floor": 16,
            "is_repurchased": false,
            "lease_price_list": [
                {
                    "lease": null,
                    "price": 368900
                }
            ],
            "unit": 1094
        },
        {
            "area": 92.0,
            "floor": 3,
            "is_repurchased": false,
            "lease_price_list": [
                {
                    "lease": null,
                    "price": 343200
                }
            ],
            "unit": 1096
        },
        {
            "area": 92.0,
            "floor": 12,
            "is_repurchased": false,
            "lease_price_list": [
                {
                    "lease": null,
                    "price": 363300
                }
            ],
            "unit": 1096
        }
    ],
    "block_code": {
        "block_num": "365D",
        "contract": "C14",
        "neighbourhood": "N3"
    },
    "dpd_date": "NA (Keys Available)",
    "flat_type": "4-Room",
    "lcd_date": "01 Feb 2018",
    "pcd_date": "-",
    "quota_chinese": 3,
    "quota_malay": 4,
    "quota_other": 4,
    "street": "UPP SERANGOON RD",
    "town": "Hougang"
},
{
    "apartments": [
        {
            "area": 92.0,
            "floor": 11,
            "is_repurchased": true,
            "lease_price_list": [
                {
                    "lease": null,
                    "price": 315400
                }
            ],
            "unit": 326
        }
    ],
    "block_code": {
        "block_num": "470B",
        "contract": "C17",
        "neighbourhood": "N4"
    },
    "dpd_date": "NA (Keys Available)",
    "flat_type": "4-Room",
    "lcd_date": "01 May 2015",
    "pcd_date": "-",
    "quota_chinese": 1,
    "quota_malay": 1,
    "quota_other": 1,
    "street": "UPP SERANGOON CRES",
    "town": "Hougang"
},
{
    "apartments": [
        {
            "area": 92.0,
            "floor": 15,
            "is_repurchased": true,
            "lease_price_list": [
                {
                    "lease": null,
                    "price": 321000
                }
            ],
            "unit": 392
        }
    ],
    "block_code": {
        "block_num": "471A",
        "contract": "C17",
        "neighbourhood": "N4"
    },
    "dpd_date": "NA (Keys Available)",
    "flat_type": "4-Room",
    "lcd_date": "01 May 2015",
    "pcd_date": "-",
    "quota_chinese": 1,
    "quota_malay": 1,
    "quota_other": 1,
    "street": "UPP SERANGOON CRES",
    "town": "Hougang"
},
{
    "apartments": [
        {
            "area": 93.0,
            "floor": 18,
            "is_repurchased": false,
            "lease_price_list": [
                {
                    "lease": null,
                    "price": 342400
                }
            ],
            "unit": 317
        },
        {
            "area": 93.0,
            "floor": 6,
            "is_repurchased": false,
            "lease_price_list": [
                {
                    "lease": null,
                    "price": 317100
                }
            ],
            "unit": 319
        }
    ],
    "block_code": {
        "block_num": "473A",
        "contract": "C20",
        "neighbourhood": "N4"
    },
    "dpd_date": "NA (Keys Available)",
    "flat_type": "4-Room",
    "lcd_date": "01 Jun 2017",
    "pcd_date": "-",
    "quota_chinese": 2,
    "quota_malay": 2,
    "quota_other": 2,
    "street": "UPP SERANGOON CRES",
    "town": "Hougang"
},
{
    "apartments": [
        {
            "area": 93.0,
            "floor": 18,
            "is_repurchased": false,
            "lease_price_list": [
                {
                    "lease": null,
                    "price": 328700
                }
            ],
            "unit": 325
        }
    ],
    "block_code": {
        "block_num": "473B",
        "contract": "C20",
        "neighbourhood": "N4"
    },
    "dpd_date": "NA (Keys Available)",
    "flat_type": "4-Room",
    "lcd_date": "01 Jun 2017",
    "pcd_date": "-",
    "quota_chinese": 1,
    "quota_malay": 1,
    "quota_other": 1,
    "street": "UPP SERANGOON CRES",
    "town": "Hougang"
},
{
    "apartments": [
        {
            "area": 93.0,
            "floor": 11,
            "is_repurchased": false,
            "lease_price_list": [
                {
                    "lease": null,
                    "price": 325600
                }
            ],
            "unit": 339
        },
        {
            "area": 93.0,
            "floor": 8,
            "is_repurchased": false,
            "lease_price_list": [
                {
                    "lease": null,
                    "price": 316400
                }
            ],
            "unit": 349
        }
    ],
    "block_code": {
        "block_num": "473C",
        "contract": "C20",
        "neighbourhood": "N4"
    },
    "dpd_date": "NA (Keys Available)",
    "flat_type": "4-Room",
    "lcd_date": "01 Jun 2017",
    "pcd_date": "-",
    "quota_chinese": 2,
    "quota_malay": 2,
    "quota_other": 2,
    "street": "UPP SERANGOON CRES",
    "town": "Hougang"
},
{
    "apartments": [
        {
            "area": 92.0,
            "floor": 19,
            "is_repurchased": true,
            "lease_price_list": [
                {
                    "lease": null,
                    "price": 333600
                }
            ],
            "unit": 530
        }
    ],
    "block_code": {
        "block_num": "476B",
        "contract": "C18",
        "neighbourhood": "N4"
    },
    "dpd_date": "NA (Keys Available)",
    "flat_type": "4-Room",
    "lcd_date": "01 Mar 2016",
    "pcd_date": "-",
    "quota_chinese": 1,
    "quota_malay": 1,
    "quota_other": 1,
    "street": "UPP SERANGOON VIEW",
    "town": "Hougang"
},
{
    "apartments": [
        {
            "area": 92.0,
            "floor": 12,
            "is_repurchased": true,
            "lease_price_list": [
                {
                    "lease": null,
                    "price": 322600
                }
            ],
            "unit": 544
        }
    ],
    "block_code": {
        "block_num": "476C",
        "contract": "C18",
        "neighbourhood": "N4"
    },
    "dpd_date": "NA (Keys Available)",
    "flat_type": "4-Room",
    "lcd_date": "01 Mar 2016",
    "pcd_date": "-",
    "quota_chinese": 1,
    "quota_malay": 1,
    "quota_other": 1,
    "street": "UPP SERANGOON VIEW",
    "town": "Hougang"
},
{
    "apartments": [
        {
            "area": 92.0,
            "floor": 6,
            "is_repurchased": false,
            "lease_price_list": [
                {
                    "lease": null,
                    "price": 315500
                }
            ],
            "unit": 558
        }
    ],
    "block_code": {
        "block_num": "477A",
        "contract": "C18",
        "neighbourhood": "N4"
    },
    "dpd_date": "NA (Keys Available)",
    "flat_type": "4-Room",
    "lcd_date": "01 Mar 2016",
    "pcd_date": "-",
    "quota_chinese": 1,
    "quota_malay": 1,
    "quota_other": 1,
    "street": "UPP SERANGOON VIEW",
    "town": "Hougang"
},
{
    "apartments": [
        {
            "area": 95.0,
            "floor": 8,
            "is_repurchased": true,
            "lease_price_list": [
                {
                    "lease": null,
                    "price": 335200
                }
            ],
            "unit": 568
        }
    ],
    "block_code": {
        "block_num": "477B",
        "contract": "C18",
        "neighbourhood": "N4"
    },
    "dpd_date": "NA (Keys Available)",
    "flat_type": "4-Room",
    "lcd_date": "01 Mar 2016",
    "pcd_date": "-",
    "quota_chinese": 1,
    "quota_malay": 1,
    "quota_other": 1,
    "street": "UPP SERANGOON VIEW",
    "town": "Hougang"
},
{
    "apartments": [
        {
            "area": 84.0,
            "floor": 2,
            "is_repurchased": true,
            "lease_price_list": [
                {
                    "lease": null,
                    "price": 241000
                }
            ],
            "unit": 414
        }
    ],
    "block_code": {
        "block_num": "614",
        "contract": "C4A",
        "neighbourhood": "N6"
    },
    "dpd_date": "NA (Keys Available)",
    "flat_type": "4-Room",
    "lcd_date": "01 Jan 1986",
    "pcd_date": "-",
    "quota_chinese": 1,
    "quota_malay": 1,
    "quota_other": 1,
    "street": "HOUGANG AVE 8",
    "town": "Hougang"
},
{
    "apartments": [
        {
            "area": 92.0,
            "floor": 15,
            "is_repurchased": false,
            "lease_price_list": [
                {
                    "lease": null,
                    "price": 338000
                }
            ],
            "unit": 80
        },
        {
            "area": 92.0,
            "floor": 2,
            "is_repurchased": false,
            "lease_price_list": [
                {
                    "lease": null,
                    "price": 309200
                }
            ],
            "unit": 82
        },
        {
            "area": 92.0,
            "floor": 10,
            "is_repurchased": false,
            "lease_price_list": [
                {
                    "lease": null,
                    "price": 336000
                }
            ],
            "unit": 82
        }
    ],
    "block_code": {
        "block_num": "932A",
        "contract": "C23",
        "neighbourhood": "N9"
    },
    "dpd_date": "NA (Keys Available)",
    "flat_type": "4-Room",
    "lcd_date": "01 Nov 2017",
    "pcd_date": "-",
    "quota_chinese": 3,
    "quota_malay": 2,
    "quota_other": 3,
    "street": "HOUGANG AVE 9",
    "town": "Hougang"
},
{
    "apartments": [
        {
            "area": 92.0,
            "floor": 4,
            "is_repurchased": false,
            "lease_price_list": [
                {
                    "lease": null,
                    "price": 301700
                }
            ],
            "unit": 92
        },
        {
            "area": 92.0,
            "floor": 6,
            "is_repurchased": false,
            "lease_price_list": [
                {
                    "lease": null,
                    "price": 310200
                }
            ],
            "unit": 92
        },
        {
            "area": 92.0,
            "floor": 7,
            "is_repurchased": false,
            "lease_price_list": [
                {
                    "lease": null,
                    "price": 302800
                }
            ],
            "unit": 98
        },
        {
            "area": 92.0,
            "floor": 11,
            "is_repurchased": false,
            "lease_price_list": [
                {
                    "lease": null,
                    "price": 321400
                }
            ],
            "unit": 106
        }
    ],
    "block_code": {
        "block_num": "932B",
        "contract": "C23",
        "neighbourhood": "N9"
    },
    "dpd_date": "NA (Keys Available)",
    "flat_type": "4-Room",
    "lcd_date": "01 Nov 2017",
    "pcd_date": "-",
    "quota_chinese": 4,
    "quota_malay": 4,
    "quota_other": 4,
    "street": "HOUGANG AVE 9",
    "town": "Hougang"
},
{
    "apartments": [
        {
            "area": 93.0,
            "floor": 8,
            "is_repurchased": false,
            "lease_price_list": [
                {
                    "lease": null,
                    "price": 319800
                }
            ],
            "unit": 199
        }
    ],
    "block_code": {
        "block_num": "991A",
        "contract": "C16",
        "neighbourhood": "N9"
    },
    "dpd_date": "31 May 2019",
    "flat_type": "4-Room",
    "lcd_date": "-",
    "pcd_date": "2Q/2018",
    "quota_chinese": 1,
    "quota_malay": 1,
    "quota_other": 1,
    "street": "BUANGKOK LINK",
    "town": "Hougang"
},
{
    "apartments": [
        {
            "area": 93.0,
            "floor": 2,
            "is_repurchased": false,
            "lease_price_list": [
                {
                    "lease": null,
                    "price": 279700
                }
            ],
            "unit": 233
        }
    ],
    "block_code": {
        "block_num": "991B",
        "contract": "C16",
        "neighbourhood": "N9"
    },
    "dpd_date": "31 May 2019",
    "flat_type": "4-Room",
    "lcd_date": "-",
    "pcd_date": "2Q/2018",
    "quota_chinese": 1,
    "quota_malay": 1,
    "quota_other": 1,
    "street": "BUANGKOK LINK",
    "town": "Hougang"
},
{
    "apartments": [
        {
            "area": 93.0,
            "floor": 2,
            "is_repurchased": false,
            "lease_price_list": [
                {
                    "lease": null,
                    "price": 290500
                }
            ],
            "unit": 151
        },
        {
            "area": 93.0,
            "floor": 2,
            "is_repurchased": false,
            "lease_price_list": [
                {
                    "lease": null,
                    "price": 290500
                }
            ],
            "unit": 153
        },
        {
            "area": 93.0,
            "floor": 2,
            "is_repurchased": false,
            "lease_price_list": [
                {
                    "lease": null,
                    "price": 279700
                }
            ],
            "unit": 157
        }
    ],
    "block_code": {
        "block_num": "992A",
        "contract": "C16",
        "neighbourhood": "N9"
    },
    "dpd_date": "31 May 2019",
    "flat_type": "4-Room",
    "lcd_date": "-",
    "pcd_date": "2Q/2018",
    "quota_chinese": 3,
    "quota_malay": 3,
    "quota_other": 3,
    "street": "BUANGKOK LINK",
    "town": "Hougang"
},
{
    "apartments": [
        {
            "area": 93.0,
            "floor": 2,
            "is_repurchased": false,
            "lease_price_list": [
                {
                    "lease": null,
                    "price": 290500
                }
            ],
            "unit": 175
        },
        {
            "area": 93.0,
            "floor": 3,
            "is_repurchased": false,
            "lease_price_list": [
                {
                    "lease": null,
                    "price": 295000
                }
            ],
            "unit": 175
        },
        {
            "area": 93.0,
            "floor": 2,
            "is_repurchased": false,
            "lease_price_list": [
                {
                    "lease": null,
                    "price": 285100
                }
            ],
            "unit": 179
        },
        {
            "area": 93.0,
            "floor": 2,
            "is_repurchased": false,
            "lease_price_list": [
                {
                    "lease": null,
                    "price": 285100
                }
            ],
            "unit": 181
        },
        {
            "area": 93.0,
            "floor": 2,
            "is_repurchased": false,
            "lease_price_list": [
                {
                    "lease": null,
                    "price": 285100
                }
            ],
            "unit": 183
        },
        {
            "area": 93.0,
            "floor": 2,
            "is_repurchased": false,
            "lease_price_list": [
                {
                    "lease": null,
                    "price": 285100
                }
            ],
            "unit": 195
        }
    ],
    "block_code": {
        "block_num": "992B",
        "contract": "C16",
        "neighbourhood": "N9"
    },
    "dpd_date": "31 May 2019",
    "flat_type": "4-Room",
    "lcd_date": "-",
    "pcd_date": "2Q/2018",
    "quota_chinese": 6,
    "quota_malay": 6,
    "quota_other": 6,
    "street": "BUANGKOK LINK",
    "town": "Hougang"
},
{
    "apartments": [
        {
            "area": 92.0,
            "floor": 13,
            "is_repurchased": false,
            "lease_price_list": [
                {
                    "lease": null,
                    "price": 321400
                }
            ],
            "unit": 879
        }
    ],
    "block_code": {
        "block_num": "996A",
        "contract": "C20",
        "neighbourhood": "N9"
    },
    "dpd_date": "31 Aug 2019",
    "flat_type": "4-Room",
    "lcd_date": "-",
    "pcd_date": "3Q/2018",
    "quota_chinese": 1,
    "quota_malay": 1,
    "quota_other": 1,
    "street": "BUANGKOK CRES",
    "town": "Hougang"
},
{
    "apartments": [
        {
            "area": 93.0,
            "floor": 16,
            "is_repurchased": false,
            "lease_price_list": [
                {
                    "lease": null,
                    "price": 319000
                }
            ],
            "unit": 889
        },
        {
            "area": 92.0,
            "floor": 6,
            "is_repurchased": false,
            "lease_price_list": [
                {
                    "lease": null,
                    "price": 302800
                }
            ],
            "unit": 897
        },
        {
            "area": 93.0,
            "floor": 13,
            "is_repurchased": false,
            "lease_price_list": [
                {
                    "lease": null,
                    "price": 321400
                }
            ],
            "unit": 899
        }
    ],
    "block_code": {
        "block_num": "996B",
        "contract": "C20",
        "neighbourhood": "N9"
    },
    "dpd_date": "31 Aug 2019",
    "flat_type": "4-Room",
    "lcd_date": "-",
    "pcd_date": "3Q/2018",
    "quota_chinese": 3,
    "quota_malay": 2,
    "quota_other": 3,
    "street": "BUANGKOK CRES",
    "town": "Hougang"
},
{
    "apartments": [
        {
            "area": 92.0,
            "floor": 16,
            "is_repurchased": false,
            "lease_price_list": [
                {
                    "lease": null,
                    "price": 319600
                }
            ],
            "unit": 909
        },
        {
            "area": 93.0,
            "floor": 12,
            "is_repurchased": false,
            "lease_price_list": [
                {
                    "lease": null,
                    "price": 309400
                }
            ],
            "unit": 913
        }
    ],
    "block_code": {
        "block_num": "996C",
        "contract": "C20",
        "neighbourhood": "N9"
    },
    "dpd_date": "31 Aug 2019",
    "flat_type": "4-Room",
    "lcd_date": "-",
    "pcd_date": "3Q/2018",
    "quota_chinese": 2,
    "quota_malay": 2,
    "quota_other": 2,
    "street": "BUANGKOK CRES",
    "town": "Hougang"
},
{
    "apartments": [
        {
            "area": 93.0,
            "floor": 10,
            "is_repurchased": false,
            "lease_price_list": [
                {
                    "lease": null,
                    "price": 314600
                }
            ],
            "unit": 807
        }
    ],
    "block_code": {
        "block_num": "997A",
        "contract": "C19",
        "neighbourhood": "N9"
    },
    "dpd_date": "31 Oct 2018",
    "flat_type": "4-Room",
    "lcd_date": "-",
    "pcd_date": "4Q/2017",
    "quota_chinese": 1,
    "quota_malay": 1,
    "quota_other": 1,
    "street": "BUANGKOK CRES",
    "town": "Hougang"
},
{
    "apartments": [
        {
            "area": 93.0,
            "floor": 2,
            "is_repurchased": false,
            "lease_price_list": [
                {
                    "lease": null,
                    "price": 282500
                }
            ],
            "unit": 835
        },
        {
            "area": 93.0,
            "floor": 10,
            "is_repurchased": false,
            "lease_price_list": [
                {
                    "lease": null,
                    "price": 314000
                }
            ],
            "unit": 835
        },
        {
            "area": 93.0,
            "floor": 12,
            "is_repurchased": false,
            "lease_price_list": [
                {
                    "lease": null,
                    "price": 316800
                }
            ],
            "unit": 835
        },
        {
            "area": 93.0,
            "floor": 2,
            "is_repurchased": false,
            "lease_price_list": [
                {
                    "lease": null,
                    "price": 282500
                }
            ],
            "unit": 839
        }
    ],
    "block_code": {
        "block_num": "997C",
        "contract": "C19",
        "neighbourhood": "N9"
    },
    "dpd_date": "31 Oct 2018",
    "flat_type": "4-Room",
    "lcd_date": "-",
    "pcd_date": "4Q/2017",
    "quota_chinese": 4,
    "quota_malay": 4,
    "quota_other": 4,
    "street": "BUANGKOK CRES",
    "town": "Hougang"
},
{
    "apartments": [
        {
            "area": 94.0,
            "floor": 8,
            "is_repurchased": false,
            "lease_price_list": [
                {
                    "lease": null,
                    "price": 296100
                }
            ],
            "unit": 705
        },
        {
            "area": 94.0,
            "floor": 15,
            "is_repurchased": false,
            "lease_price_list": [
                {
                    "lease": null,
                    "price": 319800
                }
            ],
            "unit": 705
        },
        {
            "area": 93.0,
            "floor": 14,
            "is_repurchased": false,
            "lease_price_list": [
                {
                    "lease": null,
                    "price": 295300
                }
            ],
            "unit": 721
        }
    ],
    "block_code": {
        "block_num": "998A",
        "contract": "C18",
        "neighbourhood": "N9"
    },
    "dpd_date": "30 Nov 2019",
    "flat_type": "4-Room",
    "lcd_date": "-",
    "pcd_date": "4Q/2018",
    "quota_chinese": 3,
    "quota_malay": 3,
    "quota_other": 3,
    "street": "BUANGKOK CRES",
    "town": "Hougang"
},
{
    "apartments": [
        {
            "area": 94.0,
            "floor": 9,
            "is_repurchased": false,
            "lease_price_list": [
                {
                    "lease": null,
                    "price": 306500
                }
            ],
            "unit": 727
        },
        {
            "area": 94.0,
            "floor": 16,
            "is_repurchased": false,
            "lease_price_list": [
                {
                    "lease": null,
                    "price": 313300
                }
            ],
            "unit": 727
        }
    ],
    "block_code": {
        "block_num": "998B",
        "contract": "C18",
        "neighbourhood": "N9"
    },
    "dpd_date": "30 Nov 2019",
    "flat_type": "4-Room",
    "lcd_date": "-",
    "pcd_date": "4Q/2018",
    "quota_chinese": 2,
    "quota_malay": 2,
    "quota_other": 2,
    "street": "BUANGKOK CRES",
    "town": "Hougang"
}]
