[{
    "apartments": [
        {
            "area": 113.0,
            "floor": 11,
            "is_repurchased": false,
            "lease_price_list": [
                {
                    "lease": null,
                    "price": 418600
                }
            ],
            "unit": 301
        },
        {
            "area": 113.0,
            "floor": 14,
            "is_repurchased": false,
            "lease_price_list": [
                {
                    "lease": null,
                    "price": 423400
                }
            ],
            "unit": 301
        },
        {
            "area": 113.0,
            "floor": 3,
            "is_repurchased": false,
            "lease_price_list": [
                {
                    "lease": null,
                    "price": 377600
                }
            ],
            "unit": 307
        },
        {
            "area": 113.0,
            "floor": 5,
            "is_repurchased": false,
            "lease_price_list": [
                {
                    "lease": null,
                    "price": 389600
                }
            ],
            "unit": 307
        }
    ],
    "block_code": {
        "block_num": "473A",
        "contract": "C20",
        "neighbourhood": "N4"
    },
    "dpd_date": "NA (Keys Available)",
    "flat_type": "5-Room/3Gen",
    "lcd_date": "01 Jun 2017",
    "pcd_date": "-",
    "quota_chinese": 4,
    "quota_malay": 3,
    "quota_other": 4,
    "street": "UPP SERANGOON CRES",
    "town": "Hougang"
},
{
    "apartments": [
        {
            "area": 113.0,
            "floor": 16,
            "is_repurchased": false,
            "lease_price_list": [
                {
                    "lease": null,
                    "price": 409200
                }
            ],
            "unit": 343
        }
    ],
    "block_code": {
        "block_num": "473C",
        "contract": "C20",
        "neighbourhood": "N4"
    },
    "dpd_date": "NA (Keys Available)",
    "flat_type": "5-Room/3Gen",
    "lcd_date": "01 Jun 2017",
    "pcd_date": "-",
    "quota_chinese": 1,
    "quota_malay": 1,
    "quota_other": 1,
    "street": "UPP SERANGOON CRES",
    "town": "Hougang"
},
{
    "apartments": [
        {
            "area": 113.0,
            "floor": 17,
            "is_repurchased": false,
            "lease_price_list": [
                {
                    "lease": null,
                    "price": 418100
                }
            ],
            "unit": 365
        }
    ],
    "block_code": {
        "block_num": "473D",
        "contract": "C20",
        "neighbourhood": "N4"
    },
    "dpd_date": "NA (Keys Available)",
    "flat_type": "5-Room/3Gen",
    "lcd_date": "01 Jun 2017",
    "pcd_date": "-",
    "quota_chinese": 1,
    "quota_malay": 1,
    "quota_other": 1,
    "street": "UPP SERANGOON CRES",
    "town": "Hougang"
},
{
    "apartments": [
        {
            "area": 120.0,
            "floor": 2,
            "is_repurchased": false,
            "lease_price_list": [
                {
                    "lease": null,
                    "price": 368300
                }
            ],
            "unit": 805
        },
        {
            "area": 120.0,
            "floor": 3,
            "is_repurchased": false,
            "lease_price_list": [
                {
                    "lease": null,
                    "price": 374300
                }
            ],
            "unit": 805
        },
        {
            "area": 120.0,
            "floor": 4,
            "is_repurchased": false,
            "lease_price_list": [
                {
                    "lease": null,
                    "price": 380300
                }
            ],
            "unit": 805
        },
        {
            "area": 120.0,
            "floor": 5,
            "is_repurchased": false,
            "lease_price_list": [
                {
                    "lease": null,
                    "price": 386300
                }
            ],
            "unit": 805
        },
        {
            "area": 120.0,
            "floor": 6,
            "is_repurchased": false,
            "lease_price_list": [
                {
                    "lease": null,
                    "price": 390800
                }
            ],
            "unit": 805
        },
        {
            "area": 120.0,
            "floor": 9,
            "is_repurchased": false,
            "lease_price_list": [
                {
                    "lease": null,
                    "price": 408400
                }
            ],
            "unit": 805
        },
        {
            "area": 120.0,
            "floor": 2,
            "is_repurchased": false,
            "lease_price_list": [
                {
                    "lease": null,
                    "price": 375300
                }
            ],
            "unit": 815
        },
        {
            "area": 120.0,
            "floor": 3,
            "is_repurchased": false,
            "lease_price_list": [
                {
                    "lease": null,
                    "price": 381300
                }
            ],
            "unit": 815
        },
        {
            "area": 120.0,
            "floor": 4,
            "is_repurchased": false,
            "lease_price_list": [
                {
                    "lease": null,
                    "price": 387300
                }
            ],
            "unit": 815
        },
        {
            "area": 120.0,
            "floor": 5,
            "is_repurchased": false,
            "lease_price_list": [
                {
                    "lease": null,
                    "price": 393300
                }
            ],
            "unit": 815
        },
        {
            "area": 120.0,
            "floor": 6,
            "is_repurchased": false,
            "lease_price_list": [
                {
                    "lease": null,
                    "price": 397800
                }
            ],
            "unit": 815
        },
        {
            "area": 113.0,
            "floor": 3,
            "is_repurchased": false,
            "lease_price_list": [
                {
                    "lease": null,
                    "price": 365800
                }
            ],
            "unit": 817
        }
    ],
    "block_code": {
        "block_num": "997A",
        "contract": "C19",
        "neighbourhood": "N9"
    },
    "dpd_date": "31 Oct 2018",
    "flat_type": "5-Room/3Gen",
    "lcd_date": "-",
    "pcd_date": "4Q/2017",
    "quota_chinese": 12,
    "quota_malay": 1,
    "quota_other": 7,
    "street": "BUANGKOK CRES",
    "town": "Hougang"
},
{
    "apartments": [
        {
            "area": 113.0,
            "floor": 5,
            "is_repurchased": false,
            "lease_price_list": [
                {
                    "lease": null,
                    "price": 392000
                }
            ],
            "unit": 853
        },
        {
            "area": 120.0,
            "floor": 3,
            "is_repurchased": false,
            "lease_price_list": [
                {
                    "lease": null,
                    "price": 360400
                }
            ],
            "unit": 863
        },
        {
            "area": 120.0,
            "floor": 5,
            "is_repurchased": false,
            "lease_price_list": [
                {
                    "lease": null,
                    "price": 379400
                }
            ],
            "unit": 863
        }
    ],
    "block_code": {
        "block_num": "997B",
        "contract": "C19",
        "neighbourhood": "N9"
    },
    "dpd_date": "31 Oct 2018",
    "flat_type": "5-Room/3Gen",
    "lcd_date": "-",
    "pcd_date": "4Q/2017",
    "quota_chinese": 3,
    "quota_malay": 2,
    "quota_other": 3,
    "street": "BUANGKOK CRES",
    "town": "Hougang"
},
{
    "apartments": [
        {
            "area": 120.0,
            "floor": 2,
            "is_repurchased": false,
            "lease_price_list": [
                {
                    "lease": null,
                    "price": 382300
                }
            ],
            "unit": 825
        },
        {
            "area": 120.0,
            "floor": 3,
            "is_repurchased": false,
            "lease_price_list": [
                {
                    "lease": null,
                    "price": 388300
                }
            ],
            "unit": 825
        },
        {
            "area": 120.0,
            "floor": 4,
            "is_repurchased": false,
            "lease_price_list": [
                {
                    "lease": null,
                    "price": 394300
                }
            ],
            "unit": 825
        },
        {
            "area": 113.0,
            "floor": 2,
            "is_repurchased": false,
            "lease_price_list": [
                {
                    "lease": null,
                    "price": 367600
                }
            ],
            "unit": 831
        }
    ],
    "block_code": {
        "block_num": "997C",
        "contract": "C19",
        "neighbourhood": "N9"
    },
    "dpd_date": "31 Oct 2018",
    "flat_type": "5-Room/3Gen",
    "lcd_date": "-",
    "pcd_date": "4Q/2017",
    "quota_chinese": 4,
    "quota_malay": 4,
    "quota_other": 4,
    "street": "BUANGKOK CRES",
    "town": "Hougang"
}]
