[{
    "apartments": [
        {
            "area": 138.0,
            "floor": 16,
            "is_repurchased": true,
            "lease_price_list": [
                {
                    "lease": null,
                    "price": 688700
                }
            ],
            "unit": 3
        }
    ],
    "block_code": {
        "block_num": "851",
        "contract": "C5",
        "neighbourhood": "N8"
    },
    "dpd_date": "NA (Keys Available)",
    "flat_type": "Executive",
    "lcd_date": "01 Feb 1997",
    "pcd_date": "-",
    "quota_chinese": 0,
    "quota_malay": 1,
    "quota_other": 1,
    "street": "HOUGANG CTRL",
    "town": "Hougang"
}]
