{
    "blocks": [
        {
            "apartments": [
                {
                    "area": 93,
                    "floor": 3,
                    "is_repurchased": false,
                    "lease_price_list": [
                        {
                            "lease": 99,
                            "price": 443400
                        }
                    ],
                    "unit": 117
                },
                {
                    "area": 93,
                    "floor": 9,
                    "is_repurchased": false,
                    "lease_price_list": [
                        {
                            "lease": 99,
                            "price": 472300
                        }
                    ],
                    "unit": 117
                },
                {
                    "area": 93,
                    "floor": 35,
                    "is_repurchased": false,
                    "lease_price_list": [
                        {
                            "lease": 99,
                            "price": 519700
                        }
                    ],
                    "unit": 117
                }
            ],
            "block_code": {
                "block_num": "208A",
                "contract": "C2",
                "neighbourhood": "N2"
            },
            "dpd_date": null,
            "flat_type": "4-Room",
            "lcd_date": {
                "year": 2017,
                "month": 10,
                "day": 1,
                "quarter": null,
                "months_since": 5
            },
            "pcd_date": null,
            "quota_chinese": 3,
            "quota_malay": 3,
            "quota_other": 3,
            "street": "CLEMENTI AVENUE 6",
            "town": "Clementi",
            "title": "CLEMENTI GATEWAY",
            "lat": 1.32200240528559,
            "long": 103.762448319374,
            "postal": 121208
        },
        {
            "apartments": [
                {
                    "area": 93,
                    "floor": 12,
                    "is_repurchased": false,
                    "lease_price_list": [
                        {
                            "lease": 99,
                            "price": 476500
                        }
                    ],
                    "unit": 121
                },
                {
                    "area": 93,
                    "floor": 26,
                    "is_repurchased": false,
                    "lease_price_list": [
                        {
                            "lease": 99,
                            "price": 491100
                        }
                    ],
                    "unit": 121
                },
                {
                    "area": 93,
                    "floor": 30,
                    "is_repurchased": false,
                    "lease_price_list": [
                        {
                            "lease": 99,
                            "price": 496700
                        }
                    ],
                    "unit": 123
                }
            ],
            "block_code": {
                "block_num": "208B",
                "contract": "C2",
                "neighbourhood": "N2"
            },
            "dpd_date": null,
            "flat_type": "4-Room",
            "lcd_date": {
                "year": 2017,
                "month": 10,
                "day": 1,
                "quarter": null,
                "months_since": 5
            },
            "pcd_date": null,
            "quota_chinese": 3,
            "quota_malay": 3,
            "quota_other": 3,
            "street": "CLEMENTI AVENUE 6",
            "town": "Clementi",
            "title": "CLEMENTI GATEWAY",
            "lat": 1.32262137935124,
            "long": 103.762449443017,
            "postal": 122208
        },
        {
            "apartments": [
                {
                    "area": 93,
                    "floor": 10,
                    "is_repurchased": false,
                    "lease_price_list": [
                        {
                            "lease": 99,
                            "price": 530100
                        }
                    ],
                    "unit": 163
                },
                {
                    "area": 93,
                    "floor": 34,
                    "is_repurchased": false,
                    "lease_price_list": [
                        {
                            "lease": 99,
                            "price": 563700
                        }
                    ],
                    "unit": 163
                },
                {
                    "area": 93,
                    "floor": 18,
                    "is_repurchased": false,
                    "lease_price_list": [
                        {
                            "lease": 99,
                            "price": 554900
                        }
                    ],
                    "unit": 165
                }
            ],
            "block_code": {
                "block_num": "312A",
                "contract": "C18B",
                "neighbourhood": "N3"
            },
            "dpd_date": null,
            "flat_type": "4-Room",
            "lcd_date": {
                "year": 2017,
                "month": 8,
                "day": 1,
                "quarter": null,
                "months_since": 3
            },
            "pcd_date": null,
            "quota_chinese": 3,
            "quota_malay": 3,
            "quota_other": 3,
            "street": "CLEMENTI AVENUE 4",
            "town": "Clementi",
            "title": "CLEMENTI RIDGES",
            "lat": 1.31908894426182,
            "long": 103.764441220265,
            "postal": 121312
        },
        {
            "apartments": [
                {
                    "area": 93,
                    "floor": 2,
                    "is_repurchased": false,
                    "lease_price_list": [
                        {
                            "lease": 99,
                            "price": 503700
                        }
                    ],
                    "unit": 175
                },
                {
                    "area": 93,
                    "floor": 40,
                    "is_repurchased": false,
                    "lease_price_list": [
                        {
                            "lease": 99,
                            "price": 579500
                        }
                    ],
                    "unit": 177
                }
            ],
            "block_code": {
                "block_num": "312B",
                "contract": "C18B",
                "neighbourhood": "N3"
            },
            "dpd_date": null,
            "flat_type": "4-Room",
            "lcd_date": {
                "year": 2017,
                "month": 8,
                "day": 1,
                "quarter": null,
                "months_since": 3
            },
            "pcd_date": null,
            "quota_chinese": 2,
            "quota_malay": 2,
            "quota_other": 2,
            "street": "CLEMENTI AVENUE 4",
            "town": "Clementi",
            "title": "CLEMENTI RIDGES",
            "lat": 1.31967296994218,
            "long": 103.764466646222,
            "postal": 122312
        },
        {
            "apartments": [
                {
                    "area": 93,
                    "floor": 35,
                    "is_repurchased": false,
                    "lease_price_list": [
                        {
                            "lease": 99,
                            "price": 596200
                        }
                    ],
                    "unit": 185
                },
                {
                    "area": 93,
                    "floor": 37,
                    "is_repurchased": false,
                    "lease_price_list": [
                        {
                            "lease": 99,
                            "price": 594200
                        }
                    ],
                    "unit": 185
                },
                {
                    "area": 93,
                    "floor": 4,
                    "is_repurchased": false,
                    "lease_price_list": [
                        {
                            "lease": 99,
                            "price": 490800
                        }
                    ],
                    "unit": 189
                },
                {
                    "area": 93,
                    "floor": 9,
                    "is_repurchased": false,
                    "lease_price_list": [
                        {
                            "lease": 99,
                            "price": 537500
                        }
                    ],
                    "unit": 189
                },
                {
                    "area": 93,
                    "floor": 14,
                    "is_repurchased": false,
                    "lease_price_list": [
                        {
                            "lease": 99,
                            "price": 549300
                        }
                    ],
                    "unit": 189
                },
                {
                    "area": 93,
                    "floor": 18,
                    "is_repurchased": false,
                    "lease_price_list": [
                        {
                            "lease": 99,
                            "price": 550100
                        }
                    ],
                    "unit": 189
                },
                {
                    "area": 93,
                    "floor": 37,
                    "is_repurchased": false,
                    "lease_price_list": [
                        {
                            "lease": 99,
                            "price": 576700
                        }
                    ],
                    "unit": 189
                }
            ],
            "block_code": {
                "block_num": "312C",
                "contract": "C18B",
                "neighbourhood": "N3"
            },
            "dpd_date": null,
            "flat_type": "4-Room",
            "lcd_date": {
                "year": 2017,
                "month": 8,
                "day": 1,
                "quarter": null,
                "months_since": 3
            },
            "pcd_date": null,
            "quota_chinese": 7,
            "quota_malay": 7,
            "quota_other": 7,
            "street": "CLEMENTI AVENUE 4",
            "town": "Clementi",
            "title": "CLEMENTI RIDGES",
            "lat": 1.31952267914457,
            "long": 103.764025116013,
            "postal": 123312
        },
        {
            "apartments": [
                {
                    "area": 87,
                    "floor": 24,
                    "is_repurchased": false,
                    "lease_price_list": [
                        {
                            "lease": 99,
                            "price": 555700
                        }
                    ],
                    "unit": 14
                }
            ],
            "block_code": {
                "block_num": "440A",
                "contract": "C10",
                "neighbourhood": "N4"
            },
            "dpd_date": {
                "year": 2018,
                "month": 7,
                "day": 31,
                "quarter": null,
                "months_since": 14
            },
            "flat_type": "4-Room",
            "lcd_date": null,
            "pcd_date": {
                "year": 2017,
                "month": 9,
                "day": null,
                "quarter": null,
                "months_since": 4
            },
            "quota_chinese": 1,
            "quota_malay": 1,
            "quota_other": 1,
            "street": "CLEMENTI AVENUE 3",
            "town": "Clementi",
            "title": "CLEMENTI CASCADIA",
            "lat": 1.31596600848665,
            "long": 103.764182567276,
            "postal": 121440
        },
        {
            "apartments": [
                {
                    "area": 94,
                    "floor": 21,
                    "is_repurchased": false,
                    "lease_price_list": [
                        {
                            "lease": 99,
                            "price": 594500
                        }
                    ],
                    "unit": 20
                }
            ],
            "block_code": {
                "block_num": "440B",
                "contract": "C10",
                "neighbourhood": "N4"
            },
            "dpd_date": {
                "year": 2018,
                "month": 7,
                "day": 31,
                "quarter": null,
                "months_since": 14
            },
            "flat_type": "4-Room",
            "lcd_date": null,
            "pcd_date": {
                "year": 2017,
                "month": 9,
                "day": null,
                "quarter": null,
                "months_since": 4
            },
            "quota_chinese": 1,
            "quota_malay": 1,
            "quota_other": 1,
            "street": "CLEMENTI AVENUE 3",
            "town": "Clementi",
            "title": "CLEMENTI CASCADIA",
            "lat": 1.31623681443322,
            "long": 103.763565191157,
            "postal": 122440
        },
        {
            "apartments": [
                {
                    "area": 93,
                    "floor": 37,
                    "is_repurchased": false,
                    "lease_price_list": [
                        {
                            "lease": 99,
                            "price": 639900
                        }
                    ],
                    "unit": 351
                },
                {
                    "area": 93,
                    "floor": 3,
                    "is_repurchased": false,
                    "lease_price_list": [
                        {
                            "lease": 99,
                            "price": 546400
                        }
                    ],
                    "unit": 353
                },
                {
                    "area": 93,
                    "floor": 3,
                    "is_repurchased": false,
                    "lease_price_list": [
                        {
                            "lease": 99,
                            "price": 508300
                        }
                    ],
                    "unit": 355
                },
                {
                    "area": 93,
                    "floor": 15,
                    "is_repurchased": false,
                    "lease_price_list": [
                        {
                            "lease": 99,
                            "price": 585200
                        }
                    ],
                    "unit": 355
                },
                {
                    "area": 93,
                    "floor": 21,
                    "is_repurchased": false,
                    "lease_price_list": [
                        {
                            "lease": 99,
                            "price": 593600
                        }
                    ],
                    "unit": 355
                },
                {
                    "area": 93,
                    "floor": 34,
                    "is_repurchased": false,
                    "lease_price_list": [
                        {
                            "lease": 99,
                            "price": 621400
                        }
                    ],
                    "unit": 355
                },
                {
                    "area": 93,
                    "floor": 35,
                    "is_repurchased": false,
                    "lease_price_list": [
                        {
                            "lease": 99,
                            "price": 622800
                        }
                    ],
                    "unit": 355
                }
            ],
            "block_code": {
                "block_num": "445A",
                "contract": "C11",
                "neighbourhood": "N4"
            },
            "dpd_date": {
                "year": 2021,
                "month": 5,
                "day": 31,
                "quarter": null,
                "months_since": 48
            },
            "flat_type": "4-Room",
            "lcd_date": null,
            "pcd_date": {
                "year": 2020,
                "month": null,
                "day": null,
                "quarter": 2,
                "months_since": 37
            },
            "quota_chinese": 7,
            "quota_malay": 7,
            "quota_other": 7,
            "street": "CLEMENTI AVENUE 3",
            "town": "Clementi",
            "title": "CLEMENTI CREST",
            "lat": 1.31275318859365,
            "long": 103.76415727081,
            "postal": 121445
        },
        {
            "apartments": [
                {
                    "area": 93,
                    "floor": 2,
                    "is_repurchased": false,
                    "lease_price_list": [
                        {
                            "lease": 99,
                            "price": 547600
                        }
                    ],
                    "unit": 361
                },
                {
                    "area": 93,
                    "floor": 18,
                    "is_repurchased": false,
                    "lease_price_list": [
                        {
                            "lease": 99,
                            "price": 589400
                        }
                    ],
                    "unit": 361
                },
                {
                    "area": 93,
                    "floor": 23,
                    "is_repurchased": false,
                    "lease_price_list": [
                        {
                            "lease": 99,
                            "price": 602100
                        }
                    ],
                    "unit": 361
                },
                {
                    "area": 93,
                    "floor": 26,
                    "is_repurchased": false,
                    "lease_price_list": [
                        {
                            "lease": 99,
                            "price": 610200
                        }
                    ],
                    "unit": 363
                },
                {
                    "area": 93,
                    "floor": 27,
                    "is_repurchased": false,
                    "lease_price_list": [
                        {
                            "lease": 99,
                            "price": 611600
                        }
                    ],
                    "unit": 363
                },
                {
                    "area": 93,
                    "floor": 16,
                    "is_repurchased": false,
                    "lease_price_list": [
                        {
                            "lease": 99,
                            "price": 581900
                        }
                    ],
                    "unit": 365
                },
                {
                    "area": 93,
                    "floor": 25,
                    "is_repurchased": false,
                    "lease_price_list": [
                        {
                            "lease": 99,
                            "price": 599200
                        }
                    ],
                    "unit": 365
                },
                {
                    "area": 93,
                    "floor": 37,
                    "is_repurchased": false,
                    "lease_price_list": [
                        {
                            "lease": 99,
                            "price": 620800
                        }
                    ],
                    "unit": 365
                },
                {
                    "area": 93,
                    "floor": 38,
                    "is_repurchased": false,
                    "lease_price_list": [
                        {
                            "lease": 99,
                            "price": 627000
                        }
                    ],
                    "unit": 365
                }
            ],
            "block_code": {
                "block_num": "445B",
                "contract": "C11",
                "neighbourhood": "N4"
            },
            "dpd_date": {
                "year": 2021,
                "month": 5,
                "day": 31,
                "quarter": null,
                "months_since": 48
            },
            "flat_type": "4-Room",
            "lcd_date": null,
            "pcd_date": {
                "year": 2020,
                "month": null,
                "day": null,
                "quarter": 2,
                "months_since": 37
            },
            "quota_chinese": 9,
            "quota_malay": 9,
            "quota_other": 9,
            "street": "CLEMENTI AVENUE 3",
            "town": "Clementi",
            "title": "CLEMENTI CREST",
            "lat": 1.31266626044779,
            "long": 103.764623618127,
            "postal": 122445
        },
        {
            "apartments": [
                {
                    "area": 93,
                    "floor": 2,
                    "is_repurchased": true,
                    "lease_price_list": [
                        {
                            "lease": 66,
                            "price": 346000
                        }
                    ],
                    "unit": 241
                }
            ],
            "block_code": {
                "block_num": "710",
                "contract": "C7",
                "neighbourhood": "N7"
            },
            "dpd_date": null,
            "flat_type": "4-Room",
            "lcd_date": {
                "year": 1984,
                "month": 4,
                "day": 1,
                "quarter": null,
                "months_since": -397
            },
            "pcd_date": null,
            "quota_chinese": 1,
            "quota_malay": 1,
            "quota_other": 1,
            "street": "CLEMENTI WEST STREET 2",
            "town": "Clementi",
            "title": "HDB-CLEMENTI",
            "lat": 1.30626273532042,
            "long": 103.761522235811,
            "postal": 120710
        }
    ]
}