{
    "blocks": [
        {
            "apartments": [
                {
                    "area": 113,
                    "floor": 10,
                    "is_repurchased": false,
                    "lease_price_list": [
                        {
                            "lease": 99,
                            "price": 648800
                        }
                    ],
                    "unit": 169
                }
            ],
            "block_code": {
                "block_num": "312A",
                "contract": "C18B",
                "neighbourhood": "N3"
            },
            "dpd_date": null,
            "flat_type": "5-Room",
            "lcd_date": {
                "year": 2017,
                "month": 8,
                "day": 1,
                "quarter": null,
                "months_since": 3
            },
            "pcd_date": null,
            "quota_chinese": 1,
            "quota_malay": 1,
            "quota_other": 1,
            "street": "CLEMENTI AVENUE 4",
            "town": "Clementi",
            "title": "CLEMENTI RIDGES",
            "lat": 1.31908894426182,
            "long": 103.764441220265,
            "postal": 121312
        },
        {
            "apartments": [
                {
                    "area": 113,
                    "floor": 6,
                    "is_repurchased": false,
                    "lease_price_list": [
                        {
                            "lease": 99,
                            "price": 630700
                        }
                    ],
                    "unit": 181
                },
                {
                    "area": 113,
                    "floor": 22,
                    "is_repurchased": false,
                    "lease_price_list": [
                        {
                            "lease": 99,
                            "price": 672600
                        }
                    ],
                    "unit": 183
                }
            ],
            "block_code": {
                "block_num": "312B",
                "contract": "C18B",
                "neighbourhood": "N3"
            },
            "dpd_date": null,
            "flat_type": "5-Room",
            "lcd_date": {
                "year": 2017,
                "month": 8,
                "day": 1,
                "quarter": null,
                "months_since": 3
            },
            "pcd_date": null,
            "quota_chinese": 2,
            "quota_malay": 2,
            "quota_other": 2,
            "street": "CLEMENTI AVENUE 4",
            "town": "Clementi",
            "title": "CLEMENTI RIDGES",
            "lat": 1.31967296994218,
            "long": 103.764466646222,
            "postal": 122312
        },
        {
            "apartments": [
                {
                    "area": 113,
                    "floor": 12,
                    "is_repurchased": false,
                    "lease_price_list": [
                        {
                            "lease": 99,
                            "price": 635500
                        }
                    ],
                    "unit": 193
                },
                {
                    "area": 113,
                    "floor": 17,
                    "is_repurchased": false,
                    "lease_price_list": [
                        {
                            "lease": 99,
                            "price": 654100
                        }
                    ],
                    "unit": 195
                }
            ],
            "block_code": {
                "block_num": "312C",
                "contract": "C18B",
                "neighbourhood": "N3"
            },
            "dpd_date": null,
            "flat_type": "5-Room",
            "lcd_date": {
                "year": 2017,
                "month": 8,
                "day": 1,
                "quarter": null,
                "months_since": 3
            },
            "pcd_date": null,
            "quota_chinese": 2,
            "quota_malay": 2,
            "quota_other": 2,
            "street": "CLEMENTI AVENUE 4",
            "town": "Clementi",
            "title": "CLEMENTI RIDGES",
            "lat": 1.31952267914457,
            "long": 103.764025116013,
            "postal": 123312
        },
        {
            "apartments": [
                {
                    "area": 113,
                    "floor": 2,
                    "is_repurchased": false,
                    "lease_price_list": [
                        {
                            "lease": 99,
                            "price": 605400
                        }
                    ],
                    "unit": 357
                },
                {
                    "area": 113,
                    "floor": 15,
                    "is_repurchased": false,
                    "lease_price_list": [
                        {
                            "lease": 99,
                            "price": 693300
                        }
                    ],
                    "unit": 357
                },
                {
                    "area": 113,
                    "floor": 18,
                    "is_repurchased": false,
                    "lease_price_list": [
                        {
                            "lease": 99,
                            "price": 698100
                        }
                    ],
                    "unit": 357
                },
                {
                    "area": 113,
                    "floor": 23,
                    "is_repurchased": false,
                    "lease_price_list": [
                        {
                            "lease": 99,
                            "price": 717400
                        }
                    ],
                    "unit": 357
                },
                {
                    "area": 113,
                    "floor": 2,
                    "is_repurchased": false,
                    "lease_price_list": [
                        {
                            "lease": 99,
                            "price": 605400
                        }
                    ],
                    "unit": 359
                },
                {
                    "area": 113,
                    "floor": 15,
                    "is_repurchased": false,
                    "lease_price_list": [
                        {
                            "lease": 99,
                            "price": 692700
                        }
                    ],
                    "unit": 359
                },
                {
                    "area": 113,
                    "floor": 40,
                    "is_repurchased": false,
                    "lease_price_list": [
                        {
                            "lease": 99,
                            "price": 754300
                        }
                    ],
                    "unit": 359
                }
            ],
            "block_code": {
                "block_num": "445A",
                "contract": "C11",
                "neighbourhood": "N4"
            },
            "dpd_date": {
                "year": 2021,
                "month": 5,
                "day": 31,
                "quarter": null,
                "months_since": 48
            },
            "flat_type": "5-Room",
            "lcd_date": null,
            "pcd_date": {
                "year": 2020,
                "month": null,
                "day": null,
                "quarter": 2,
                "months_since": 37
            },
            "quota_chinese": 7,
            "quota_malay": 4,
            "quota_other": 7,
            "street": "CLEMENTI AVENUE 3",
            "town": "Clementi",
            "title": "CLEMENTI CREST",
            "lat": 1.31275318859365,
            "long": 103.76415727081,
            "postal": 121445
        },
        {
            "apartments": [
                {
                    "area": 113,
                    "floor": 9,
                    "is_repurchased": false,
                    "lease_price_list": [
                        {
                            "lease": 99,
                            "price": 683700
                        }
                    ],
                    "unit": 367
                },
                {
                    "area": 113,
                    "floor": 11,
                    "is_repurchased": false,
                    "lease_price_list": [
                        {
                            "lease": 99,
                            "price": 686900
                        }
                    ],
                    "unit": 367
                },
                {
                    "area": 113,
                    "floor": 19,
                    "is_repurchased": false,
                    "lease_price_list": [
                        {
                            "lease": 99,
                            "price": 699700
                        }
                    ],
                    "unit": 367
                },
                {
                    "area": 113,
                    "floor": 20,
                    "is_repurchased": false,
                    "lease_price_list": [
                        {
                            "lease": 99,
                            "price": 706900
                        }
                    ],
                    "unit": 367
                },
                {
                    "area": 113,
                    "floor": 8,
                    "is_repurchased": false,
                    "lease_price_list": [
                        {
                            "lease": 99,
                            "price": 682100
                        }
                    ],
                    "unit": 369
                },
                {
                    "area": 113,
                    "floor": 15,
                    "is_repurchased": false,
                    "lease_price_list": [
                        {
                            "lease": 99,
                            "price": 693300
                        }
                    ],
                    "unit": 369
                }
            ],
            "block_code": {
                "block_num": "445B",
                "contract": "C11",
                "neighbourhood": "N4"
            },
            "dpd_date": {
                "year": 2021,
                "month": 5,
                "day": 31,
                "quarter": null,
                "months_since": 48
            },
            "flat_type": "5-Room",
            "lcd_date": null,
            "pcd_date": {
                "year": 2020,
                "month": null,
                "day": null,
                "quarter": 2,
                "months_since": 37
            },
            "quota_chinese": 6,
            "quota_malay": 4,
            "quota_other": 6,
            "street": "CLEMENTI AVENUE 3",
            "town": "Clementi",
            "title": "CLEMENTI CREST",
            "lat": 1.31266626044779,
            "long": 103.764623618127,
            "postal": 122445
        },
        {
            "apartments": [
                {
                    "area": 119,
                    "floor": 2,
                    "is_repurchased": true,
                    "lease_price_list": [
                        {
                            "lease": 61,
                            "price": 511000
                        }
                    ],
                    "unit": 53
                }
            ],
            "block_code": {
                "block_num": "606",
                "contract": "C1",
                "neighbourhood": "N6"
            },
            "dpd_date": null,
            "flat_type": "5-Room",
            "lcd_date": {
                "year": 1979,
                "month": 11,
                "day": 1,
                "quarter": null,
                "months_since": -450
            },
            "pcd_date": null,
            "quota_chinese": 1,
            "quota_malay": 1,
            "quota_other": 1,
            "street": "CLEMENTI WEST STREET 1",
            "town": "Clementi",
            "title": "HDB-CLEMENTI",
            "lat": 1.3048535358452,
            "long": 103.767990336741,
            "postal": 120606
        },
        {
            "apartments": [
                {
                    "area": 118,
                    "floor": 3,
                    "is_repurchased": true,
                    "lease_price_list": [
                        {
                            "lease": 63,
                            "price": 482600
                        }
                    ],
                    "unit": 180
                }
            ],
            "block_code": {
                "block_num": "723",
                "contract": "C4A",
                "neighbourhood": "N7"
            },
            "dpd_date": null,
            "flat_type": "5-Room",
            "lcd_date": {
                "year": 1981,
                "month": 1,
                "day": 1,
                "quarter": null,
                "months_since": -436
            },
            "pcd_date": null,
            "quota_chinese": 0,
            "quota_malay": 1,
            "quota_other": 1,
            "street": "CLEMENTI WEST STREET 2",
            "town": "Clementi",
            "title": "NIL",
            "lat": 1.30309538157981,
            "long": 103.763412789468,
            "postal": 120723
        }
    ]
}