{
    "blocks": [
        {
            "apartments": [
                {
                    "area": 112,
                    "floor": 2,
                    "is_repurchased": false,
                    "lease_price_list": [
                        {
                            "lease": 98,
                            "price": 701900
                        }
                    ],
                    "unit": 513
                }
            ],
            "block_code": {
                "block_num": "9B",
                "contract": "R37B",
                "neighbourhood": "N5"
            },
            "dpd_date": null,
            "flat_type": "5-Room",
            "lcd_date": {
                "year": 2016,
                "month": 1,
                "day": 1,
                "quarter": null,
                "months_since": -16
            },
            "pcd_date": null,
            "quota_chinese": 1,
            "quota_malay": 1,
            "quota_other": 1,
            "street": "BOON TIONG ROAD",
            "town": "Bukit Merah",
            "title": "TIONG BAHRU VIEW",
            "lat": 1.28681417302704,
            "long": 103.82892831117,
            "postal": 163009
        },
        {
            "apartments": [
                {
                    "area": 113,
                    "floor": 31,
                    "is_repurchased": false,
                    "lease_price_list": [
                        {
                            "lease": 99,
                            "price": 748700
                        }
                    ],
                    "unit": 38
                }
            ],
            "block_code": {
                "block_num": "95C",
                "contract": "RC53",
                "neighbourhood": "N6"
            },
            "dpd_date": {
                "year": 2019,
                "month": 4,
                "day": 30,
                "quarter": null,
                "months_since": 23
            },
            "flat_type": "5-Room",
            "lcd_date": null,
            "pcd_date": {
                "year": 2018,
                "month": null,
                "day": null,
                "quarter": 2,
                "months_since": 13
            },
            "quota_chinese": 0,
            "quota_malay": 1,
            "quota_other": 1,
            "street": "HENDERSON ROAD",
            "town": "Bukit Merah",
            "title": "CITY VUE @HENDERSON",
            "lat": 1.28742006338709,
            "long": 103.822063538538,
            "postal": 153095
        },
        {
            "apartments": [
                {
                    "area": 113,
                    "floor": 6,
                    "is_repurchased": false,
                    "lease_price_list": [
                        {
                            "lease": 99,
                            "price": 714600
                        }
                    ],
                    "unit": 54
                },
                {
                    "area": 113,
                    "floor": 16,
                    "is_repurchased": false,
                    "lease_price_list": [
                        {
                            "lease": 99,
                            "price": 736400
                        }
                    ],
                    "unit": 54
                },
                {
                    "area": 113,
                    "floor": 32,
                    "is_repurchased": false,
                    "lease_price_list": [
                        {
                            "lease": 99,
                            "price": 762000
                        }
                    ],
                    "unit": 56
                }
            ],
            "block_code": {
                "block_num": "96A",
                "contract": "RC53",
                "neighbourhood": "N6"
            },
            "dpd_date": {
                "year": 2019,
                "month": 4,
                "day": 30,
                "quarter": null,
                "months_since": 23
            },
            "flat_type": "5-Room",
            "lcd_date": null,
            "pcd_date": {
                "year": 2018,
                "month": null,
                "day": null,
                "quarter": 2,
                "months_since": 13
            },
            "quota_chinese": 2,
            "quota_malay": 3,
            "quota_other": 3,
            "street": "HENDERSON ROAD",
            "town": "Bukit Merah",
            "title": "CITY VUE @HENDERSON",
            "lat": 1.28801886643337,
            "long": 103.821888699879,
            "postal": 151096
        },
        {
            "apartments": [
                {
                    "area": 110,
                    "floor": 4,
                    "is_repurchased": false,
                    "lease_price_list": [
                        {
                            "lease": 85,
                            "price": 627400
                        }
                    ],
                    "unit": 121
                }
            ],
            "block_code": {
                "block_num": "118C",
                "contract": "RC33",
                "neighbourhood": "N4"
            },
            "dpd_date": null,
            "flat_type": "5-Room",
            "lcd_date": {
                "year": 2003,
                "month": 1,
                "day": 1,
                "quarter": null,
                "months_since": -172
            },
            "pcd_date": null,
            "quota_chinese": 0,
            "quota_malay": 1,
            "quota_other": 1,
            "street": "JALAN MEMBINA",
            "town": "Bukit Merah",
            "title": "MEMBINA 118",
            "lat": 1.28216937082263,
            "long": 103.826333715085,
            "postal": 163118
        }
    ]
}