[{
    "apartments": [
        {
            "area": 73.0,
            "floor": 3,
            "is_repurchased": true,
            "lease_price_list": [
                {
                    "lease": null,
                    "price": 244000
                }
            ],
            "unit": 42
        }
    ],
    "block_code": {
        "block_num": "219",
        "contract": "C16",
        "neighbourhood": "N2"
    },
    "dpd_date": "NA (Keys Available)",
    "flat_type": "3-Room",
    "lcd_date": "01 Feb 1985",
    "pcd_date": "-",
    "quota_chinese": 1,
    "quota_malay": 1,
    "quota_other": 1,
    "street": "TAMPINES ST 24",
    "town": "Tampines"
},
{
    "apartments": [
        {
            "area": 67.0,
            "floor": 6,
            "is_repurchased": false,
            "lease_price_list": [
                {
                    "lease": null,
                    "price": 215400
                }
            ],
            "unit": 206
        }
    ],
    "block_code": {
        "block_num": "499A",
        "contract": "C26",
        "neighbourhood": "N4"
    },
    "dpd_date": "NA (Keys Available)",
    "flat_type": "3-Room",
    "lcd_date": "01 Mar 2014",
    "pcd_date": "-",
    "quota_chinese": 1,
    "quota_malay": 1,
    "quota_other": 0,
    "street": "TAMPINES AVE 9",
    "town": "Tampines"
},
{
    "apartments": [
        {
            "area": 67.0,
            "floor": 7,
            "is_repurchased": false,
            "lease_price_list": [
                {
                    "lease": null,
                    "price": 217900
                }
            ],
            "unit": 240
        }
    ],
    "block_code": {
        "block_num": "499B",
        "contract": "C26",
        "neighbourhood": "N4"
    },
    "dpd_date": "NA (Keys Available)",
    "flat_type": "3-Room",
    "lcd_date": "01 Mar 2014",
    "pcd_date": "-",
    "quota_chinese": 1,
    "quota_malay": 0,
    "quota_other": 0,
    "street": "TAMPINES AVE 9",
    "town": "Tampines"
},
{
    "apartments": [
        {
            "area": 68.0,
            "floor": 7,
            "is_repurchased": false,
            "lease_price_list": [
                {
                    "lease": null,
                    "price": 222300
                }
            ],
            "unit": 830
        }
    ],
    "block_code": {
        "block_num": "601B",
        "contract": "C1A",
        "neighbourhood": "N6"
    },
    "dpd_date": "31 Jan 2020",
    "flat_type": "3-Room",
    "lcd_date": "-",
    "pcd_date": "1Q/2019",
    "quota_chinese": 1,
    "quota_malay": 0,
    "quota_other": 0,
    "street": "TAMPINES AVE 9",
    "town": "Tampines"
},
{
    "apartments": [
        {
            "area": 68.0,
            "floor": 14,
            "is_repurchased": false,
            "lease_price_list": [
                {
                    "lease": null,
                    "price": 233300
                }
            ],
            "unit": 888
        }
    ],
    "block_code": {
        "block_num": "604A",
        "contract": "C1A",
        "neighbourhood": "N6"
    },
    "dpd_date": "31 Jan 2020",
    "flat_type": "3-Room",
    "lcd_date": "-",
    "pcd_date": "1Q/2019",
    "quota_chinese": 1,
    "quota_malay": 0,
    "quota_other": 1,
    "street": "TAMPINES AVE 9",
    "town": "Tampines"
},
{
    "apartments": [
        {
            "area": 68.0,
            "floor": 2,
            "is_repurchased": false,
            "lease_price_list": [
                {
                    "lease": null,
                    "price": 211800
                }
            ],
            "unit": 328
        }
    ],
    "block_code": {
        "block_num": "605B",
        "contract": "C1A",
        "neighbourhood": "N6"
    },
    "dpd_date": "31 Jan 2020",
    "flat_type": "3-Room",
    "lcd_date": "-",
    "pcd_date": "1Q/2019",
    "quota_chinese": 1,
    "quota_malay": 0,
    "quota_other": 0,
    "street": "TAMPINES ST 61",
    "town": "Tampines"
},
{
    "apartments": [
        {
            "area": 68.0,
            "floor": 12,
            "is_repurchased": false,
            "lease_price_list": [
                {
                    "lease": null,
                    "price": 232700
                }
            ],
            "unit": 354
        }
    ],
    "block_code": {
        "block_num": "605D",
        "contract": "C1A",
        "neighbourhood": "N6"
    },
    "dpd_date": "31 Jan 2020",
    "flat_type": "3-Room",
    "lcd_date": "-",
    "pcd_date": "1Q/2019",
    "quota_chinese": 1,
    "quota_malay": 0,
    "quota_other": 0,
    "street": "TAMPINES ST 61",
    "town": "Tampines"
},
{
    "apartments": [
        {
            "area": 68.0,
            "floor": 3,
            "is_repurchased": false,
            "lease_price_list": [
                {
                    "lease": null,
                    "price": 204000
                }
            ],
            "unit": 342
        }
    ],
    "block_code": {
        "block_num": "608C",
        "contract": "C2A",
        "neighbourhood": "N6"
    },
    "dpd_date": "30 Sep 2020",
    "flat_type": "3-Room",
    "lcd_date": "-",
    "pcd_date": "3Q/2019",
    "quota_chinese": 1,
    "quota_malay": 1,
    "quota_other": 1,
    "street": "TAMPINES NTH DR 1",
    "town": "Tampines"
},
{
    "apartments": [
        {
            "area": 68.0,
            "floor": 14,
            "is_repurchased": false,
            "lease_price_list": [
                {
                    "lease": null,
                    "price": 227200
                }
            ],
            "unit": 384
        },
        {
            "area": 68.0,
            "floor": 5,
            "is_repurchased": false,
            "lease_price_list": [
                {
                    "lease": null,
                    "price": 206200
                }
            ],
            "unit": 386
        }
    ],
    "block_code": {
        "block_num": "609C",
        "contract": "C2A",
        "neighbourhood": "N6"
    },
    "dpd_date": "30 Sep 2020",
    "flat_type": "3-Room",
    "lcd_date": "-",
    "pcd_date": "3Q/2019",
    "quota_chinese": 2,
    "quota_malay": 0,
    "quota_other": 0,
    "street": "TAMPINES NTH DR 1",
    "town": "Tampines"
},
{
    "apartments": [
        {
            "area": 68.0,
            "floor": 6,
            "is_repurchased": false,
            "lease_price_list": [
                {
                    "lease": null,
                    "price": 223100
                }
            ],
            "unit": 5
        }
    ],
    "block_code": {
        "block_num": "878A",
        "contract": "C29",
        "neighbourhood": "N8"
    },
    "dpd_date": "NA (Keys Available)",
    "flat_type": "3-Room",
    "lcd_date": "01 Jun 2017",
    "pcd_date": "-",
    "quota_chinese": 1,
    "quota_malay": 0,
    "quota_other": 1,
    "street": "TAMPINES AVE 8",
    "town": "Tampines"
},
{
    "apartments": [
        {
            "area": 68.0,
            "floor": 4,
            "is_repurchased": false,
            "lease_price_list": [
                {
                    "lease": null,
                    "price": 213800
                }
            ],
            "unit": 19
        }
    ],
    "block_code": {
        "block_num": "878B",
        "contract": "C29",
        "neighbourhood": "N8"
    },
    "dpd_date": "NA (Keys Available)",
    "flat_type": "3-Room",
    "lcd_date": "01 Jun 2017",
    "pcd_date": "-",
    "quota_chinese": 1,
    "quota_malay": 1,
    "quota_other": 1,
    "street": "TAMPINES AVE 8",
    "town": "Tampines"
},
{
    "apartments": [
        {
            "area": 68.0,
            "floor": 3,
            "is_repurchased": false,
            "lease_price_list": [
                {
                    "lease": null,
                    "price": 210800
                }
            ],
            "unit": 63
        },
        {
            "area": 68.0,
            "floor": 11,
            "is_repurchased": false,
            "lease_price_list": [
                {
                    "lease": null,
                    "price": 227300
                }
            ],
            "unit": 63
        }
    ],
    "block_code": {
        "block_num": "879B",
        "contract": "C29",
        "neighbourhood": "N8"
    },
    "dpd_date": "NA (Keys Available)",
    "flat_type": "3-Room",
    "lcd_date": "01 Jun 2017",
    "pcd_date": "-",
    "quota_chinese": 2,
    "quota_malay": 2,
    "quota_other": 2,
    "street": "TAMPINES AVE 8",
    "town": "Tampines"
}]
