[{
    "apartments": [
        {
            "area": 98.0,
            "floor": 9,
            "is_repurchased": true,
            "lease_price_list": [
                {
                    "lease": null,
                    "price": 426000
                }
            ],
            "unit": 509
        }
    ],
    "block_code": {
        "block_num": "255",
        "contract": "C20",
        "neighbourhood": "N0"
    },
    "dpd_date": "NA (Keys Available)",
    "flat_type": "4-Room",
    "lcd_date": "01 Sep 1996",
    "pcd_date": "-",
    "quota_chinese": 1,
    "quota_malay": 1,
    "quota_other": 1,
    "street": "SIMEI ST 1",
    "town": "Tampines"
},
{
    "apartments": [
        {
            "area": 103.0,
            "floor": 6,
            "is_repurchased": true,
            "lease_price_list": [
                {
                    "lease": null,
                    "price": 331000
                }
            ],
            "unit": 109
        }
    ],
    "block_code": {
        "block_num": "487C",
        "contract": "C22",
        "neighbourhood": "N4"
    },
    "dpd_date": "NA (Keys Available)",
    "flat_type": "4-Room",
    "lcd_date": "01 Feb 1990",
    "pcd_date": "-",
    "quota_chinese": 1,
    "quota_malay": 1,
    "quota_other": 1,
    "street": "TAMPINES ST 45",
    "town": "Tampines"
},
{
    "apartments": [
        {
            "area": 92.0,
            "floor": 6,
            "is_repurchased": false,
            "lease_price_list": [
                {
                    "lease": null,
                    "price": 283800
                }
            ],
            "unit": 590
        }
    ],
    "block_code": {
        "block_num": "494J",
        "contract": "C28",
        "neighbourhood": "N4"
    },
    "dpd_date": "31 Oct 2018",
    "flat_type": "4-Room",
    "lcd_date": "-",
    "pcd_date": "4Q/2017",
    "quota_chinese": 1,
    "quota_malay": 1,
    "quota_other": 0,
    "street": "TAMPINES ST 45",
    "town": "Tampines"
},
{
    "apartments": [
        {
            "area": 106.0,
            "floor": 7,
            "is_repurchased": true,
            "lease_price_list": [
                {
                    "lease": null,
                    "price": 351000
                }
            ],
            "unit": 504
        }
    ],
    "block_code": {
        "block_num": "498M",
        "contract": "C25",
        "neighbourhood": "N4"
    },
    "dpd_date": "NA (Keys Available)",
    "flat_type": "4-Room",
    "lcd_date": "01 Jul 1997",
    "pcd_date": "-",
    "quota_chinese": 1,
    "quota_malay": 1,
    "quota_other": 1,
    "street": "TAMPINES ST 45",
    "town": "Tampines"
},
{
    "apartments": [
        {
            "area": 93.0,
            "floor": 10,
            "is_repurchased": true,
            "lease_price_list": [
                {
                    "lease": null,
                    "price": 366400
                }
            ],
            "unit": 101
        }
    ],
    "block_code": {
        "block_num": "523C",
        "contract": "C9",
        "neighbourhood": "N5"
    },
    "dpd_date": "NA (Keys Available)",
    "flat_type": "4-Room",
    "lcd_date": "01 Aug 2015",
    "pcd_date": "-",
    "quota_chinese": 1,
    "quota_malay": 1,
    "quota_other": 0,
    "street": "TAMPINES CTRL 7",
    "town": "Tampines"
},
{
    "apartments": [
        {
            "area": 93.0,
            "floor": 15,
            "is_repurchased": false,
            "lease_price_list": [
                {
                    "lease": null,
                    "price": 374600
                }
            ],
            "unit": 59
        }
    ],
    "block_code": {
        "block_num": "524B",
        "contract": "C9",
        "neighbourhood": "N5"
    },
    "dpd_date": "NA (Keys Available)",
    "flat_type": "4-Room",
    "lcd_date": "01 Aug 2015",
    "pcd_date": "-",
    "quota_chinese": 1,
    "quota_malay": 1,
    "quota_other": 1,
    "street": "TAMPINES CTRL 7",
    "town": "Tampines"
},
{
    "apartments": [
        {
            "area": 92.0,
            "floor": 9,
            "is_repurchased": false,
            "lease_price_list": [
                {
                    "lease": null,
                    "price": 324500
                }
            ],
            "unit": 816
        }
    ],
    "block_code": {
        "block_num": "601B",
        "contract": "C1A",
        "neighbourhood": "N6"
    },
    "dpd_date": "31 Jan 2020",
    "flat_type": "4-Room",
    "lcd_date": "-",
    "pcd_date": "1Q/2019",
    "quota_chinese": 1,
    "quota_malay": 0,
    "quota_other": 0,
    "street": "TAMPINES AVE 9",
    "town": "Tampines"
},
{
    "apartments": [
        {
            "area": 92.0,
            "floor": 9,
            "is_repurchased": false,
            "lease_price_list": [
                {
                    "lease": null,
                    "price": 335600
                }
            ],
            "unit": 836
        },
        {
            "area": 92.0,
            "floor": 4,
            "is_repurchased": false,
            "lease_price_list": [
                {
                    "lease": null,
                    "price": 313400
                }
            ],
            "unit": 846
        },
        {
            "area": 92.0,
            "floor": 6,
            "is_repurchased": false,
            "lease_price_list": [
                {
                    "lease": null,
                    "price": 327200
                }
            ],
            "unit": 846
        }
    ],
    "block_code": {
        "block_num": "601C",
        "contract": "C1A",
        "neighbourhood": "N6"
    },
    "dpd_date": "31 Jan 2020",
    "flat_type": "4-Room",
    "lcd_date": "-",
    "pcd_date": "1Q/2019",
    "quota_chinese": 3,
    "quota_malay": 3,
    "quota_other": 3,
    "street": "TAMPINES AVE 9",
    "town": "Tampines"
},
{
    "apartments": [
        {
            "area": 92.0,
            "floor": 9,
            "is_repurchased": false,
            "lease_price_list": [
                {
                    "lease": null,
                    "price": 330300
                }
            ],
            "unit": 870
        }
    ],
    "block_code": {
        "block_num": "604B",
        "contract": "C1A",
        "neighbourhood": "N6"
    },
    "dpd_date": "31 Jan 2020",
    "flat_type": "4-Room",
    "lcd_date": "-",
    "pcd_date": "1Q/2019",
    "quota_chinese": 1,
    "quota_malay": 1,
    "quota_other": 1,
    "street": "TAMPINES AVE 9",
    "town": "Tampines"
},
{
    "apartments": [
        {
            "area": 92.0,
            "floor": 7,
            "is_repurchased": false,
            "lease_price_list": [
                {
                    "lease": null,
                    "price": 336500
                }
            ],
            "unit": 306
        }
    ],
    "block_code": {
        "block_num": "605A",
        "contract": "C1A",
        "neighbourhood": "N6"
    },
    "dpd_date": "31 Jan 2020",
    "flat_type": "4-Room",
    "lcd_date": "-",
    "pcd_date": "1Q/2019",
    "quota_chinese": 1,
    "quota_malay": 1,
    "quota_other": 1,
    "street": "TAMPINES ST 61",
    "town": "Tampines"
},
{
    "apartments": [
        {
            "area": 92.0,
            "floor": 8,
            "is_repurchased": false,
            "lease_price_list": [
                {
                    "lease": null,
                    "price": 335200
                }
            ],
            "unit": 362
        }
    ],
    "block_code": {
        "block_num": "605D",
        "contract": "C1A",
        "neighbourhood": "N6"
    },
    "dpd_date": "31 Jan 2020",
    "flat_type": "4-Room",
    "lcd_date": "-",
    "pcd_date": "1Q/2019",
    "quota_chinese": 1,
    "quota_malay": 1,
    "quota_other": 0,
    "street": "TAMPINES ST 61",
    "town": "Tampines"
},
{
    "apartments": [
        {
            "area": 92.0,
            "floor": 8,
            "is_repurchased": false,
            "lease_price_list": [
                {
                    "lease": null,
                    "price": 328400
                }
            ],
            "unit": 404
        }
    ],
    "block_code": {
        "block_num": "606B",
        "contract": "C1A",
        "neighbourhood": "N6"
    },
    "dpd_date": "31 Jan 2020",
    "flat_type": "4-Room",
    "lcd_date": "-",
    "pcd_date": "1Q/2019",
    "quota_chinese": 1,
    "quota_malay": 1,
    "quota_other": 1,
    "street": "TAMPINES ST 61",
    "town": "Tampines"
},
{
    "apartments": [
        {
            "area": 92.0,
            "floor": 15,
            "is_repurchased": false,
            "lease_price_list": [
                {
                    "lease": null,
                    "price": 338700
                }
            ],
            "unit": 370
        }
    ],
    "block_code": {
        "block_num": "606D",
        "contract": "C1A",
        "neighbourhood": "N6"
    },
    "dpd_date": "31 Jan 2020",
    "flat_type": "4-Room",
    "lcd_date": "-",
    "pcd_date": "1Q/2019",
    "quota_chinese": 1,
    "quota_malay": 1,
    "quota_other": 1,
    "street": "TAMPINES ST 61",
    "town": "Tampines"
},
{
    "apartments": [
        {
            "area": 93.0,
            "floor": 14,
            "is_repurchased": false,
            "lease_price_list": [
                {
                    "lease": null,
                    "price": 335200
                }
            ],
            "unit": 346
        }
    ],
    "block_code": {
        "block_num": "608C",
        "contract": "C2A",
        "neighbourhood": "N6"
    },
    "dpd_date": "30 Sep 2020",
    "flat_type": "4-Room",
    "lcd_date": "-",
    "pcd_date": "3Q/2019",
    "quota_chinese": 1,
    "quota_malay": 1,
    "quota_other": 1,
    "street": "TAMPINES NTH DR 1",
    "town": "Tampines"
},
{
    "apartments": [
        {
            "area": 93.0,
            "floor": 7,
            "is_repurchased": false,
            "lease_price_list": [
                {
                    "lease": null,
                    "price": 317600
                }
            ],
            "unit": 424
        }
    ],
    "block_code": {
        "block_num": "609D",
        "contract": "C2A",
        "neighbourhood": "N6"
    },
    "dpd_date": "30 Sep 2020",
    "flat_type": "4-Room",
    "lcd_date": "-",
    "pcd_date": "3Q/2019",
    "quota_chinese": 1,
    "quota_malay": 0,
    "quota_other": 1,
    "street": "TAMPINES NTH DR 1",
    "town": "Tampines"
},
{
    "apartments": [
        {
            "area": 93.0,
            "floor": 14,
            "is_repurchased": false,
            "lease_price_list": [
                {
                    "lease": null,
                    "price": 340900
                }
            ],
            "unit": 440
        }
    ],
    "block_code": {
        "block_num": "610A",
        "contract": "C2A",
        "neighbourhood": "N6"
    },
    "dpd_date": "30 Sep 2020",
    "flat_type": "4-Room",
    "lcd_date": "-",
    "pcd_date": "3Q/2019",
    "quota_chinese": 1,
    "quota_malay": 1,
    "quota_other": 0,
    "street": "TAMPINES NTH DR 1",
    "town": "Tampines"
},
{
    "apartments": [
        {
            "area": 93.0,
            "floor": 3,
            "is_repurchased": false,
            "lease_price_list": [
                {
                    "lease": null,
                    "price": 301600
                }
            ],
            "unit": 454
        }
    ],
    "block_code": {
        "block_num": "610B",
        "contract": "C2A",
        "neighbourhood": "N6"
    },
    "dpd_date": "30 Sep 2020",
    "flat_type": "4-Room",
    "lcd_date": "-",
    "pcd_date": "3Q/2019",
    "quota_chinese": 1,
    "quota_malay": 1,
    "quota_other": 1,
    "street": "TAMPINES NTH DR 1",
    "town": "Tampines"
},
{
    "apartments": [
        {
            "area": 93.0,
            "floor": 4,
            "is_repurchased": false,
            "lease_price_list": [
                {
                    "lease": null,
                    "price": 311800
                }
            ],
            "unit": 466
        },
        {
            "area": 93.0,
            "floor": 14,
            "is_repurchased": false,
            "lease_price_list": [
                {
                    "lease": null,
                    "price": 346600
                }
            ],
            "unit": 466
        },
        {
            "area": 93.0,
            "floor": 5,
            "is_repurchased": false,
            "lease_price_list": [
                {
                    "lease": null,
                    "price": 328000
                }
            ],
            "unit": 474
        }
    ],
    "block_code": {
        "block_num": "610C",
        "contract": "C2A",
        "neighbourhood": "N6"
    },
    "dpd_date": "30 Sep 2020",
    "flat_type": "4-Room",
    "lcd_date": "-",
    "pcd_date": "3Q/2019",
    "quota_chinese": 3,
    "quota_malay": 3,
    "quota_other": 1,
    "street": "TAMPINES NTH DR 1",
    "town": "Tampines"
},
{
    "apartments": [
        {
            "area": 92.0,
            "floor": 16,
            "is_repurchased": false,
            "lease_price_list": [
                {
                    "lease": null,
                    "price": 356300
                }
            ],
            "unit": 540
        }
    ],
    "block_code": {
        "block_num": "868B",
        "contract": "C26",
        "neighbourhood": "N8"
    },
    "dpd_date": "NA (Keys Available)",
    "flat_type": "4-Room",
    "lcd_date": "01 Jun 2015",
    "pcd_date": "-",
    "quota_chinese": 1,
    "quota_malay": 1,
    "quota_other": 0,
    "street": "TAMPINES AVE 8",
    "town": "Tampines"
},
{
    "apartments": [
        {
            "area": 94.0,
            "floor": 10,
            "is_repurchased": false,
            "lease_price_list": [
                {
                    "lease": null,
                    "price": 347200
                }
            ],
            "unit": 8
        },
        {
            "area": 93.0,
            "floor": 11,
            "is_repurchased": false,
            "lease_price_list": [
                {
                    "lease": null,
                    "price": 353600
                }
            ],
            "unit": 18
        }
    ],
    "block_code": {
        "block_num": "870A",
        "contract": "C30",
        "neighbourhood": "N8"
    },
    "dpd_date": "NA (Keys Available)",
    "flat_type": "4-Room",
    "lcd_date": "01 Feb 2017",
    "pcd_date": "-",
    "quota_chinese": 2,
    "quota_malay": 2,
    "quota_other": 0,
    "street": "TAMPINES ST 86",
    "town": "Tampines"
},
{
    "apartments": [
        {
            "area": 94.0,
            "floor": 9,
            "is_repurchased": false,
            "lease_price_list": [
                {
                    "lease": null,
                    "price": 345800
                }
            ],
            "unit": 20
        },
        {
            "area": 93.0,
            "floor": 4,
            "is_repurchased": false,
            "lease_price_list": [
                {
                    "lease": null,
                    "price": 328400
                }
            ],
            "unit": 30
        }
    ],
    "block_code": {
        "block_num": "871B",
        "contract": "C30",
        "neighbourhood": "N8"
    },
    "dpd_date": "NA (Keys Available)",
    "flat_type": "4-Room",
    "lcd_date": "01 Feb 2017",
    "pcd_date": "-",
    "quota_chinese": 2,
    "quota_malay": 2,
    "quota_other": 2,
    "street": "TAMPINES ST 86",
    "town": "Tampines"
},
{
    "apartments": [
        {
            "area": 103.0,
            "floor": 4,
            "is_repurchased": true,
            "lease_price_list": [
                {
                    "lease": null,
                    "price": 322000
                }
            ],
            "unit": 44
        }
    ],
    "block_code": {
        "block_num": "877",
        "contract": "C18",
        "neighbourhood": "N8"
    },
    "dpd_date": "NA (Keys Available)",
    "flat_type": "4-Room",
    "lcd_date": "01 Jul 1988",
    "pcd_date": "-",
    "quota_chinese": 1,
    "quota_malay": 1,
    "quota_other": 1,
    "street": "TAMPINES ST 84",
    "town": "Tampines"
},
{
    "apartments": [
        {
            "area": 93.0,
            "floor": 8,
            "is_repurchased": false,
            "lease_price_list": [
                {
                    "lease": null,
                    "price": 349100
                }
            ],
            "unit": 25
        }
    ],
    "block_code": {
        "block_num": "878B",
        "contract": "C29",
        "neighbourhood": "N8"
    },
    "dpd_date": "NA (Keys Available)",
    "flat_type": "4-Room",
    "lcd_date": "01 Jun 2017",
    "pcd_date": "-",
    "quota_chinese": 1,
    "quota_malay": 1,
    "quota_other": 1,
    "street": "TAMPINES AVE 8",
    "town": "Tampines"
},
{
    "apartments": [
        {
            "area": 93.0,
            "floor": 5,
            "is_repurchased": false,
            "lease_price_list": [
                {
                    "lease": null,
                    "price": 344500
                }
            ],
            "unit": 31
        },
        {
            "area": 93.0,
            "floor": 11,
            "is_repurchased": false,
            "lease_price_list": [
                {
                    "lease": null,
                    "price": 347400
                }
            ],
            "unit": 39
        }
    ],
    "block_code": {
        "block_num": "879A",
        "contract": "C29",
        "neighbourhood": "N8"
    },
    "dpd_date": "NA (Keys Available)",
    "flat_type": "4-Room",
    "lcd_date": "01 Jun 2017",
    "pcd_date": "-",
    "quota_chinese": 2,
    "quota_malay": 2,
    "quota_other": 2,
    "street": "TAMPINES AVE 8",
    "town": "Tampines"
},
{
    "apartments": [
        {
            "area": 93.0,
            "floor": 14,
            "is_repurchased": false,
            "lease_price_list": [
                {
                    "lease": null,
                    "price": 357500
                }
            ],
            "unit": 59
        },
        {
            "area": 93.0,
            "floor": 2,
            "is_repurchased": false,
            "lease_price_list": [
                {
                    "lease": null,
                    "price": 307400
                }
            ],
            "unit": 61
        }
    ],
    "block_code": {
        "block_num": "879B",
        "contract": "C29",
        "neighbourhood": "N8"
    },
    "dpd_date": "NA (Keys Available)",
    "flat_type": "4-Room",
    "lcd_date": "01 Jun 2017",
    "pcd_date": "-",
    "quota_chinese": 2,
    "quota_malay": 2,
    "quota_other": 2,
    "street": "TAMPINES AVE 8",
    "town": "Tampines"
},
{
    "apartments": [
        {
            "area": 93.0,
            "floor": 4,
            "is_repurchased": false,
            "lease_price_list": [
                {
                    "lease": null,
                    "price": 330400
                }
            ],
            "unit": 301
        }
    ],
    "block_code": {
        "block_num": "890A",
        "contract": "C28",
        "neighbourhood": "N8"
    },
    "dpd_date": "NA (Keys Available)",
    "flat_type": "4-Room",
    "lcd_date": "01 Sep 2015",
    "pcd_date": "-",
    "quota_chinese": 1,
    "quota_malay": 1,
    "quota_other": 1,
    "street": "TAMPINES AVE 1",
    "town": "Tampines"
}]
