[{
    "apartments": [
        {
            "area": 122.0,
            "floor": 5,
            "is_repurchased": true,
            "lease_price_list": [
                {
                    "lease": null,
                    "price": 468000
                }
            ],
            "unit": 366
        }
    ],
    "block_code": {
        "block_num": "124",
        "contract": "C6",
        "neighbourhood": "N0"
    },
    "dpd_date": "NA (Keys Available)",
    "flat_type": "5-Room/3Gen",
    "lcd_date": "01 Feb 1988",
    "pcd_date": "-",
    "quota_chinese": 1,
    "quota_malay": 0,
    "quota_other": 1,
    "street": "SIMEI ST 1",
    "town": "Tampines"
},
{
    "apartments": [
        {
            "area": 121.0,
            "floor": 12,
            "is_repurchased": true,
            "lease_price_list": [
                {
                    "lease": null,
                    "price": 418000
                }
            ],
            "unit": 588
        }
    ],
    "block_code": {
        "block_num": "294",
        "contract": "C5A",
        "neighbourhood": "N2"
    },
    "dpd_date": "NA (Keys Available)",
    "flat_type": "5-Room/3Gen",
    "lcd_date": "01 Jun 1985",
    "pcd_date": "-",
    "quota_chinese": 1,
    "quota_malay": 1,
    "quota_other": 1,
    "street": "TAMPINES ST 22",
    "town": "Tampines"
},
{
    "apartments": [
        {
            "area": 122.0,
            "floor": 3,
            "is_repurchased": true,
            "lease_price_list": [
                {
                    "lease": null,
                    "price": 403000
                }
            ],
            "unit": 42
        }
    ],
    "block_code": {
        "block_num": "461",
        "contract": "C12",
        "neighbourhood": "N4"
    },
    "dpd_date": "NA (Keys Available)",
    "flat_type": "5-Room/3Gen",
    "lcd_date": "01 May 1986",
    "pcd_date": "-",
    "quota_chinese": 1,
    "quota_malay": 1,
    "quota_other": 1,
    "street": "TAMPINES ST 44",
    "town": "Tampines"
},
{
    "apartments": [
        {
            "area": 113.0,
            "floor": 9,
            "is_repurchased": false,
            "lease_price_list": [
                {
                    "lease": null,
                    "price": 396800
                }
            ],
            "unit": 570
        }
    ],
    "block_code": {
        "block_num": "494H",
        "contract": "C28",
        "neighbourhood": "N4"
    },
    "dpd_date": "31 Oct 2018",
    "flat_type": "5-Room/3Gen",
    "lcd_date": "-",
    "pcd_date": "4Q/2017",
    "quota_chinese": 1,
    "quota_malay": 1,
    "quota_other": 1,
    "street": "TAMPINES ST 45",
    "town": "Tampines"
},
{
    "apartments": [
        {
            "area": 113.0,
            "floor": 6,
            "is_repurchased": false,
            "lease_price_list": [
                {
                    "lease": null,
                    "price": 385700
                }
            ],
            "unit": 604
        }
    ],
    "block_code": {
        "block_num": "494J",
        "contract": "C28",
        "neighbourhood": "N4"
    },
    "dpd_date": "31 Oct 2018",
    "flat_type": "5-Room/3Gen",
    "lcd_date": "-",
    "pcd_date": "4Q/2017",
    "quota_chinese": 1,
    "quota_malay": 1,
    "quota_other": 1,
    "street": "TAMPINES ST 45",
    "town": "Tampines"
},
{
    "apartments": [
        {
            "area": 113.0,
            "floor": 8,
            "is_repurchased": true,
            "lease_price_list": [
                {
                    "lease": null,
                    "price": 444400
                }
            ],
            "unit": 111
        }
    ],
    "block_code": {
        "block_num": "523D",
        "contract": "C9",
        "neighbourhood": "N5"
    },
    "dpd_date": "NA (Keys Available)",
    "flat_type": "5-Room/3Gen",
    "lcd_date": "01 Aug 2015",
    "pcd_date": "-",
    "quota_chinese": 1,
    "quota_malay": 1,
    "quota_other": 1,
    "street": "TAMPINES CTRL 7",
    "town": "Tampines"
},
{
    "apartments": [
        {
            "area": 113.0,
            "floor": 7,
            "is_repurchased": false,
            "lease_price_list": [
                {
                    "lease": null,
                    "price": 435500
                }
            ],
            "unit": 39
        }
    ],
    "block_code": {
        "block_num": "524A",
        "contract": "C9",
        "neighbourhood": "N5"
    },
    "dpd_date": "NA (Keys Available)",
    "flat_type": "5-Room/3Gen",
    "lcd_date": "01 Aug 2015",
    "pcd_date": "-",
    "quota_chinese": 1,
    "quota_malay": 1,
    "quota_other": 1,
    "street": "TAMPINES CTRL 7",
    "town": "Tampines"
},
{
    "apartments": [
        {
            "area": 112.0,
            "floor": 11,
            "is_repurchased": false,
            "lease_price_list": [
                {
                    "lease": null,
                    "price": 465300
                }
            ],
            "unit": 360
        }
    ],
    "block_code": {
        "block_num": "605D",
        "contract": "C1A",
        "neighbourhood": "N6"
    },
    "dpd_date": "31 Jan 2020",
    "flat_type": "5-Room/3Gen",
    "lcd_date": "-",
    "pcd_date": "1Q/2019",
    "quota_chinese": 1,
    "quota_malay": 0,
    "quota_other": 1,
    "street": "TAMPINES ST 61",
    "town": "Tampines"
},
{
    "apartments": [
        {
            "area": 112.0,
            "floor": 11,
            "is_repurchased": false,
            "lease_price_list": [
                {
                    "lease": null,
                    "price": 456900
                }
            ],
            "unit": 406
        }
    ],
    "block_code": {
        "block_num": "606B",
        "contract": "C1A",
        "neighbourhood": "N6"
    },
    "dpd_date": "31 Jan 2020",
    "flat_type": "5-Room/3Gen",
    "lcd_date": "-",
    "pcd_date": "1Q/2019",
    "quota_chinese": 1,
    "quota_malay": 1,
    "quota_other": 0,
    "street": "TAMPINES ST 61",
    "town": "Tampines"
},
{
    "apartments": [
        {
            "area": 119.0,
            "floor": 12,
            "is_repurchased": false,
            "lease_price_list": [
                {
                    "lease": null,
                    "price": 463300
                }
            ],
            "unit": 378
        }
    ],
    "block_code": {
        "block_num": "606D",
        "contract": "C1A",
        "neighbourhood": "N6"
    },
    "dpd_date": "31 Jan 2020",
    "flat_type": "5-Room/3Gen",
    "lcd_date": "-",
    "pcd_date": "1Q/2019",
    "quota_chinese": 1,
    "quota_malay": 1,
    "quota_other": 1,
    "street": "TAMPINES ST 61",
    "town": "Tampines"
},
{
    "apartments": [
        {
            "area": 113.0,
            "floor": 2,
            "is_repurchased": false,
            "lease_price_list": [
                {
                    "lease": null,
                    "price": 431400
                }
            ],
            "unit": 332
        }
    ],
    "block_code": {
        "block_num": "608C",
        "contract": "C2A",
        "neighbourhood": "N6"
    },
    "dpd_date": "30 Sep 2020",
    "flat_type": "5-Room/3Gen",
    "lcd_date": "-",
    "pcd_date": "3Q/2019",
    "quota_chinese": 1,
    "quota_malay": 1,
    "quota_other": 1,
    "street": "TAMPINES NTH DR 1",
    "town": "Tampines"
},
{
    "apartments": [
        {
            "area": 113.0,
            "floor": 2,
            "is_repurchased": false,
            "lease_price_list": [
                {
                    "lease": null,
                    "price": 402100
                }
            ],
            "unit": 358
        }
    ],
    "block_code": {
        "block_num": "609A",
        "contract": "C2A",
        "neighbourhood": "N6"
    },
    "dpd_date": "30 Sep 2020",
    "flat_type": "5-Room/3Gen",
    "lcd_date": "-",
    "pcd_date": "3Q/2019",
    "quota_chinese": 1,
    "quota_malay": 1,
    "quota_other": 0,
    "street": "TAMPINES NTH DR 1",
    "town": "Tampines"
},
{
    "apartments": [
        {
            "area": 113.0,
            "floor": 3,
            "is_repurchased": false,
            "lease_price_list": [
                {
                    "lease": null,
                    "price": 415000
                }
            ],
            "unit": 368
        }
    ],
    "block_code": {
        "block_num": "609B",
        "contract": "C2A",
        "neighbourhood": "N6"
    },
    "dpd_date": "30 Sep 2020",
    "flat_type": "5-Room/3Gen",
    "lcd_date": "-",
    "pcd_date": "3Q/2019",
    "quota_chinese": 1,
    "quota_malay": 1,
    "quota_other": 1,
    "street": "TAMPINES NTH DR 1",
    "town": "Tampines"
},
{
    "apartments": [
        {
            "area": 120.0,
            "floor": 5,
            "is_repurchased": false,
            "lease_price_list": [
                {
                    "lease": null,
                    "price": 455400
                }
            ],
            "unit": 436
        },
        {
            "area": 120.0,
            "floor": 4,
            "is_repurchased": false,
            "lease_price_list": [
                {
                    "lease": null,
                    "price": 441900
                }
            ],
            "unit": 438
        },
        {
            "area": 120.0,
            "floor": 14,
            "is_repurchased": false,
            "lease_price_list": [
                {
                    "lease": null,
                    "price": 478800
                }
            ],
            "unit": 438
        }
    ],
    "block_code": {
        "block_num": "610A",
        "contract": "C2A",
        "neighbourhood": "N6"
    },
    "dpd_date": "30 Sep 2020",
    "flat_type": "5-Room/3Gen",
    "lcd_date": "-",
    "pcd_date": "3Q/2019",
    "quota_chinese": 3,
    "quota_malay": 1,
    "quota_other": 0,
    "street": "TAMPINES NTH DR 1",
    "town": "Tampines"
},
{
    "apartments": [
        {
            "area": 127.0,
            "floor": 10,
            "is_repurchased": true,
            "lease_price_list": [
                {
                    "lease": null,
                    "price": 478000
                }
            ],
            "unit": 444
        }
    ],
    "block_code": {
        "block_num": "864",
        "contract": "C12",
        "neighbourhood": "N8"
    },
    "dpd_date": "NA (Keys Available)",
    "flat_type": "5-Room/3Gen",
    "lcd_date": "01 Jul 1988",
    "pcd_date": "-",
    "quota_chinese": 1,
    "quota_malay": 1,
    "quota_other": 1,
    "street": "TAMPINES ST 83",
    "town": "Tampines"
}]
