[{
    "apartments": [
        {
            "area": 143.0,
            "floor": 2,
            "is_repurchased": true,
            "lease_price_list": [
                {
                    "lease": null,
                    "price": 530000
                }
            ],
            "unit": 32
        }
    ],
    "block_code": {
        "block_num": "314",
        "contract": "C4",
        "neighbourhood": "N3"
    },
    "dpd_date": "NA (Keys Available)",
    "flat_type": "Executive",
    "lcd_date": "08 Jul 1993",
    "pcd_date": "-",
    "quota_chinese": 1,
    "quota_malay": 1,
    "quota_other": 1,
    "street": "TAMPINES ST 33",
    "town": "Tampines"
}]
