{
    "blocks": [
        {
            "apartments": [
                {
                    "area": 67,
                    "floor": 16,
                    "is_repurchased": false,
                    "lease_price_list": [
                        {
                            "lease": 99,
                            "price": 200100
                        }
                    ],
                    "unit": 275
                }
            ],
            "block_code": {
                "block_num": "120A",
                "contract": "C44",
                "neighbourhood": "S1"
            },
            "dpd_date": null,
            "flat_type": "3-Room (income ceiling $6,000)",
            "lcd_date": {
                "year": 2017,
                "month": 5,
                "day": 1,
                "quarter": null,
                "months_since": 0
            },
            "pcd_date": null,
            "quota_chinese": 1,
            "quota_malay": 1,
            "quota_other": 1,
            "street": "EDGEDALE PLAINS",
            "town": "Punggol",
            "title": "PUNGGOL EDGE",
            "lat": 1.39451217943809,
            "long": 103.907964274268,
            "postal": 821120
        },
        {
            "apartments": [
                {
                    "area": 68,
                    "floor": 13,
                    "is_repurchased": false,
                    "lease_price_list": [
                        {
                            "lease": 99,
                            "price": 197100
                        }
                    ],
                    "unit": 293
                }
            ],
            "block_code": {
                "block_num": "120B",
                "contract": "C44",
                "neighbourhood": "S1"
            },
            "dpd_date": null,
            "flat_type": "3-Room (income ceiling $6,000)",
            "lcd_date": {
                "year": 2017,
                "month": 5,
                "day": 1,
                "quarter": null,
                "months_since": 0
            },
            "pcd_date": null,
            "quota_chinese": 1,
            "quota_malay": 1,
            "quota_other": 0,
            "street": "EDGEDALE PLAINS",
            "town": "Punggol",
            "title": "PUNGGOL EDGE",
            "lat": 1.39483778105283,
            "long": 103.907584681234,
            "postal": 822120
        },
        {
            "apartments": [
                {
                    "area": 68,
                    "floor": 3,
                    "is_repurchased": false,
                    "lease_price_list": [
                        {
                            "lease": 99,
                            "price": 185000
                        }
                    ],
                    "unit": 163
                }
            ],
            "block_code": {
                "block_num": "122B",
                "contract": "C44",
                "neighbourhood": "S1"
            },
            "dpd_date": null,
            "flat_type": "3-Room (income ceiling $6,000)",
            "lcd_date": {
                "year": 2017,
                "month": 5,
                "day": 1,
                "quarter": null,
                "months_since": 0
            },
            "pcd_date": null,
            "quota_chinese": 1,
            "quota_malay": 1,
            "quota_other": 1,
            "street": "EDGEDALE PLAINS",
            "town": "Punggol",
            "title": "PUNGGOL EDGE",
            "lat": 1.39415009117253,
            "long": 103.909595974135,
            "postal": 822122
        },
        {
            "apartments": [
                {
                    "area": 67,
                    "floor": 4,
                    "is_repurchased": false,
                    "lease_price_list": [
                        {
                            "lease": 96,
                            "price": 200400
                        }
                    ],
                    "unit": 914
                }
            ],
            "block_code": {
                "block_num": "208B",
                "contract": "C8",
                "neighbourhood": "S2"
            },
            "dpd_date": null,
            "flat_type": "3-Room (income ceiling $6,000)",
            "lcd_date": {
                "year": 2014,
                "month": 6,
                "day": 1,
                "quarter": null,
                "months_since": -35
            },
            "pcd_date": null,
            "quota_chinese": 1,
            "quota_malay": 1,
            "quota_other": 0,
            "street": "PUNGGOL PLACE",
            "town": "Punggol",
            "title": "PUNGGOL SAILS",
            "lat": 1.40136154264141,
            "long": 103.901127196589,
            "postal": 822208
        },
        {
            "apartments": [
                {
                    "area": 67,
                    "floor": 9,
                    "is_repurchased": false,
                    "lease_price_list": [
                        {
                            "lease": 97,
                            "price": 215300
                        }
                    ],
                    "unit": 717
                }
            ],
            "block_code": {
                "block_num": "212B",
                "contract": "C15",
                "neighbourhood": "S2"
            },
            "dpd_date": null,
            "flat_type": "3-Room (income ceiling $6,000)",
            "lcd_date": {
                "year": 2015,
                "month": 4,
                "day": 1,
                "quarter": null,
                "months_since": -25
            },
            "pcd_date": null,
            "quota_chinese": 1,
            "quota_malay": 1,
            "quota_other": 1,
            "street": "PUNGGOL WALK",
            "town": "Punggol",
            "title": "PUNGGOL WAVES",
            "lat": 1.40040423922637,
            "long": 103.899484284229,
            "postal": 822212
        },
        {
            "apartments": [
                {
                    "area": 68,
                    "floor": 17,
                    "is_repurchased": false,
                    "lease_price_list": [
                        {
                            "lease": 99,
                            "price": 212600
                        }
                    ],
                    "unit": 91
                },
                {
                    "area": 68,
                    "floor": 2,
                    "is_repurchased": false,
                    "lease_price_list": [
                        {
                            "lease": 99,
                            "price": 184600
                        }
                    ],
                    "unit": 93
                },
                {
                    "area": 68,
                    "floor": 14,
                    "is_repurchased": false,
                    "lease_price_list": [
                        {
                            "lease": 99,
                            "price": 207300
                        }
                    ],
                    "unit": 93
                }
            ],
            "block_code": {
                "block_num": "220A",
                "contract": "C36",
                "neighbourhood": "S2"
            },
            "dpd_date": {
                "year": 2018,
                "month": 11,
                "day": 30,
                "quarter": null,
                "months_since": 18
            },
            "flat_type": "3-Room (income ceiling $6,000)",
            "lcd_date": null,
            "pcd_date": {
                "year": 2017,
                "month": null,
                "day": null,
                "quarter": 3,
                "months_since": 4
            },
            "quota_chinese": 3,
            "quota_malay": 3,
            "quota_other": 1,
            "street": "SUMANG LANE",
            "town": "Punggol",
            "title": "MATILDA EDGE",
            "lat": 1.40152308356753,
            "long": 103.894627801793,
            "postal": 821220
        },
        {
            "apartments": [
                {
                    "area": 68,
                    "floor": 4,
                    "is_repurchased": false,
                    "lease_price_list": [
                        {
                            "lease": 99,
                            "price": 176800
                        }
                    ],
                    "unit": 13
                }
            ],
            "block_code": {
                "block_num": "221A",
                "contract": "C36",
                "neighbourhood": "S2"
            },
            "dpd_date": {
                "year": 2018,
                "month": 11,
                "day": 30,
                "quarter": null,
                "months_since": 18
            },
            "flat_type": "3-Room (income ceiling $6,000)",
            "lcd_date": null,
            "pcd_date": {
                "year": 2017,
                "month": null,
                "day": null,
                "quarter": 4,
                "months_since": 7
            },
            "quota_chinese": 1,
            "quota_malay": 1,
            "quota_other": 0,
            "street": "SUMANG LANE",
            "town": "Punggol",
            "title": "MATILDA EDGE",
            "lat": 1.40098207233183,
            "long": 103.895672704335,
            "postal": 821221
        },
        {
            "apartments": [
                {
                    "area": 68,
                    "floor": 4,
                    "is_repurchased": false,
                    "lease_price_list": [
                        {
                            "lease": 99,
                            "price": 187300
                        }
                    ],
                    "unit": 21
                }
            ],
            "block_code": {
                "block_num": "221B",
                "contract": "C36",
                "neighbourhood": "S2"
            },
            "dpd_date": {
                "year": 2018,
                "month": 11,
                "day": 30,
                "quarter": null,
                "months_since": 18
            },
            "flat_type": "3-Room (income ceiling $6,000)",
            "lcd_date": null,
            "pcd_date": {
                "year": 2017,
                "month": null,
                "day": null,
                "quarter": 4,
                "months_since": 7
            },
            "quota_chinese": 1,
            "quota_malay": 0,
            "quota_other": 0,
            "street": "SUMANG LANE",
            "town": "Punggol",
            "title": "MATILDA EDGE",
            "lat": 1.40101943829394,
            "long": 103.895063009978,
            "postal": 822221
        },
        {
            "apartments": [
                {
                    "area": 68,
                    "floor": 8,
                    "is_repurchased": false,
                    "lease_price_list": [
                        {
                            "lease": 99,
                            "price": 201100
                        }
                    ],
                    "unit": 143
                },
                {
                    "area": 68,
                    "floor": 18,
                    "is_repurchased": false,
                    "lease_price_list": [
                        {
                            "lease": 99,
                            "price": 210100
                        }
                    ],
                    "unit": 145
                },
                {
                    "area": 68,
                    "floor": 13,
                    "is_repurchased": false,
                    "lease_price_list": [
                        {
                            "lease": 99,
                            "price": 202800
                        }
                    ],
                    "unit": 149
                }
            ],
            "block_code": {
                "block_num": "224A",
                "contract": "C36",
                "neighbourhood": "S2"
            },
            "dpd_date": {
                "year": 2018,
                "month": 11,
                "day": 30,
                "quarter": null,
                "months_since": 18
            },
            "flat_type": "3-Room (income ceiling $6,000)",
            "lcd_date": null,
            "pcd_date": {
                "year": 2017,
                "month": 6,
                "day": null,
                "quarter": null,
                "months_since": 1
            },
            "quota_chinese": 3,
            "quota_malay": 1,
            "quota_other": 1,
            "street": "SUMANG LANE",
            "town": "Punggol",
            "title": "MATILDA EDGE",
            "lat": 1.4019562159271,
            "long": 103.892811292925,
            "postal": 821224
        },
        {
            "apartments": [
                {
                    "area": 68,
                    "floor": 2,
                    "is_repurchased": false,
                    "lease_price_list": [
                        {
                            "lease": 99,
                            "price": 181300
                        }
                    ],
                    "unit": 123
                }
            ],
            "block_code": {
                "block_num": "224B",
                "contract": "C36",
                "neighbourhood": "S2"
            },
            "dpd_date": {
                "year": 2018,
                "month": 11,
                "day": 30,
                "quarter": null,
                "months_since": 18
            },
            "flat_type": "3-Room (income ceiling $6,000)",
            "lcd_date": null,
            "pcd_date": {
                "year": 2017,
                "month": 6,
                "day": null,
                "quarter": null,
                "months_since": 1
            },
            "quota_chinese": 1,
            "quota_malay": 0,
            "quota_other": 1,
            "street": "SUMANG LANE",
            "town": "Punggol",
            "title": "MATILDA EDGE",
            "lat": 1.40183180643611,
            "long": 103.893373694658,
            "postal": 822224
        },
        {
            "apartments": [
                {
                    "area": 68,
                    "floor": 17,
                    "is_repurchased": false,
                    "lease_price_list": [
                        {
                            "lease": 99,
                            "price": 212600
                        }
                    ],
                    "unit": 95
                },
                {
                    "area": 68,
                    "floor": 14,
                    "is_repurchased": false,
                    "lease_price_list": [
                        {
                            "lease": 99,
                            "price": 200300
                        }
                    ],
                    "unit": 103
                }
            ],
            "block_code": {
                "block_num": "224C",
                "contract": "C36",
                "neighbourhood": "S2"
            },
            "dpd_date": {
                "year": 2018,
                "month": 11,
                "day": 30,
                "quarter": null,
                "months_since": 18
            },
            "flat_type": "3-Room (income ceiling $6,000)",
            "lcd_date": null,
            "pcd_date": {
                "year": 2017,
                "month": null,
                "day": null,
                "quarter": 3,
                "months_since": 4
            },
            "quota_chinese": 2,
            "quota_malay": 1,
            "quota_other": 0,
            "street": "SUMANG LANE",
            "town": "Punggol",
            "title": "MATILDA EDGE",
            "lat": 1.40162284515062,
            "long": 103.893979602665,
            "postal": 823224
        },
        {
            "apartments": [
                {
                    "area": 68,
                    "floor": 5,
                    "is_repurchased": false,
                    "lease_price_list": [
                        {
                            "lease": 99,
                            "price": 201400
                        }
                    ],
                    "unit": 327
                }
            ],
            "block_code": {
                "block_num": "233A",
                "contract": "C40",
                "neighbourhood": "S2"
            },
            "dpd_date": {
                "year": 2018,
                "month": 10,
                "day": 31,
                "quarter": null,
                "months_since": 17
            },
            "flat_type": "3-Room (income ceiling $6,000)",
            "lcd_date": null,
            "pcd_date": {
                "year": 2017,
                "month": 10,
                "day": null,
                "quarter": null,
                "months_since": 5
            },
            "quota_chinese": 1,
            "quota_malay": 1,
            "quota_other": 1,
            "street": "SUMANG LANE",
            "town": "Punggol",
            "title": "MATILDA COURT",
            "lat": 1.40158159163995,
            "long": 103.89031082439,
            "postal": 821233
        },
        {
            "apartments": [
                {
                    "area": 68,
                    "floor": 10,
                    "is_repurchased": false,
                    "lease_price_list": [
                        {
                            "lease": 99,
                            "price": 215500
                        }
                    ],
                    "unit": 601
                }
            ],
            "block_code": {
                "block_num": "256A",
                "contract": "C30",
                "neighbourhood": "S2"
            },
            "dpd_date": null,
            "flat_type": "3-Room (income ceiling $6,000)",
            "lcd_date": {
                "year": 2016,
                "month": 12,
                "day": 1,
                "quarter": null,
                "months_since": -5
            },
            "pcd_date": null,
            "quota_chinese": 1,
            "quota_malay": 1,
            "quota_other": 1,
            "street": "SUMANG WALK",
            "town": "Punggol",
            "title": "PUNGGOL OPAL",
            "lat": 1.40609160480682,
            "long": 103.895706618576,
            "postal": 821256
        },
        {
            "apartments": [
                {
                    "area": 68,
                    "floor": 8,
                    "is_repurchased": false,
                    "lease_price_list": [
                        {
                            "lease": 99,
                            "price": 213500
                        }
                    ],
                    "unit": 623
                },
                {
                    "area": 68,
                    "floor": 10,
                    "is_repurchased": false,
                    "lease_price_list": [
                        {
                            "lease": 99,
                            "price": 215500
                        }
                    ],
                    "unit": 623
                }
            ],
            "block_code": {
                "block_num": "256B",
                "contract": "C30",
                "neighbourhood": "S2"
            },
            "dpd_date": null,
            "flat_type": "3-Room (income ceiling $6,000)",
            "lcd_date": {
                "year": 2016,
                "month": 12,
                "day": 1,
                "quarter": null,
                "months_since": -5
            },
            "pcd_date": null,
            "quota_chinese": 2,
            "quota_malay": 2,
            "quota_other": 2,
            "street": "SUMANG WALK",
            "town": "Punggol",
            "title": "PUNGGOL OPAL",
            "lat": 1.40604907945804,
            "long": 103.896179521001,
            "postal": 822256
        },
        {
            "apartments": [
                {
                    "area": 68,
                    "floor": 15,
                    "is_repurchased": false,
                    "lease_price_list": [
                        {
                            "lease": 98,
                            "price": 230700
                        }
                    ],
                    "unit": 37
                }
            ],
            "block_code": {
                "block_num": "259B",
                "contract": "C28",
                "neighbourhood": "S2"
            },
            "dpd_date": null,
            "flat_type": "3-Room (income ceiling $6,000)",
            "lcd_date": {
                "year": 2016,
                "month": 6,
                "day": 1,
                "quarter": null,
                "months_since": -11
            },
            "pcd_date": null,
            "quota_chinese": 1,
            "quota_malay": 1,
            "quota_other": 1,
            "street": "PUNGGOL FIELD",
            "town": "Punggol",
            "title": "PUNGGOL TOPAZ",
            "lat": 1.40387830838583,
            "long": 103.895238808655,
            "postal": 822259
        },
        {
            "apartments": [
                {
                    "area": 68,
                    "floor": 13,
                    "is_repurchased": false,
                    "lease_price_list": [
                        {
                            "lease": 99,
                            "price": 214100
                        }
                    ],
                    "unit": 956
                }
            ],
            "block_code": {
                "block_num": "326C",
                "contract": "C32",
                "neighbourhood": "S3"
            },
            "dpd_date": {
                "year": 2018,
                "month": 10,
                "day": 31,
                "quarter": null,
                "months_since": 17
            },
            "flat_type": "3-Room (income ceiling $6,000)",
            "lcd_date": null,
            "pcd_date": {
                "year": 2017,
                "month": 10,
                "day": null,
                "quarter": null,
                "months_since": 5
            },
            "quota_chinese": 1,
            "quota_malay": 1,
            "quota_other": 0,
            "street": "SUMANG WALK",
            "town": "Punggol",
            "title": "PUNGGOL VUE",
            "lat": 1.41240459366924,
            "long": 103.900177817489,
            "postal": 823326
        },
        {
            "apartments": [
                {
                    "area": 68,
                    "floor": 2,
                    "is_repurchased": false,
                    "lease_price_list": [
                        {
                            "lease": 99,
                            "price": 189000
                        }
                    ],
                    "unit": 912
                }
            ],
            "block_code": {
                "block_num": "327A",
                "contract": "C32",
                "neighbourhood": "S3"
            },
            "dpd_date": {
                "year": 2018,
                "month": 10,
                "day": 31,
                "quarter": null,
                "months_since": 17
            },
            "flat_type": "3-Room (income ceiling $6,000)",
            "lcd_date": null,
            "pcd_date": {
                "year": 2017,
                "month": 7,
                "day": null,
                "quarter": null,
                "months_since": 2
            },
            "quota_chinese": 1,
            "quota_malay": 1,
            "quota_other": 1,
            "street": "SUMANG WALK",
            "town": "Punggol",
            "title": "PUNGGOL VUE",
            "lat": 1.41243613191503,
            "long": 103.899133553079,
            "postal": 821327
        },
        {
            "apartments": [
                {
                    "area": 68,
                    "floor": 6,
                    "is_repurchased": false,
                    "lease_price_list": [
                        {
                            "lease": 99,
                            "price": 199800
                        }
                    ],
                    "unit": 940
                },
                {
                    "area": 68,
                    "floor": 8,
                    "is_repurchased": false,
                    "lease_price_list": [
                        {
                            "lease": 99,
                            "price": 209100
                        }
                    ],
                    "unit": 940
                },
                {
                    "area": 68,
                    "floor": 4,
                    "is_repurchased": false,
                    "lease_price_list": [
                        {
                            "lease": 99,
                            "price": 195100
                        }
                    ],
                    "unit": 946
                }
            ],
            "block_code": {
                "block_num": "327C",
                "contract": "C32",
                "neighbourhood": "S3"
            },
            "dpd_date": {
                "year": 2018,
                "month": 10,
                "day": 31,
                "quarter": null,
                "months_since": 17
            },
            "flat_type": "3-Room (income ceiling $6,000)",
            "lcd_date": null,
            "pcd_date": {
                "year": 2017,
                "month": 10,
                "day": null,
                "quarter": null,
                "months_since": 5
            },
            "quota_chinese": 3,
            "quota_malay": 0,
            "quota_other": 3,
            "street": "SUMANG WALK",
            "town": "Punggol",
            "title": "PUNGGOL VUE",
            "lat": 1.41206930290771,
            "long": 103.899974279726,
            "postal": 823327
        },
        {
            "apartments": [
                {
                    "area": 68,
                    "floor": 14,
                    "is_repurchased": false,
                    "lease_price_list": [
                        {
                            "lease": 99,
                            "price": 196500
                        }
                    ],
                    "unit": 765
                }
            ],
            "block_code": {
                "block_num": "659B",
                "contract": "C35",
                "neighbourhood": "S6"
            },
            "dpd_date": {
                "year": 2018,
                "month": 10,
                "day": 31,
                "quarter": null,
                "months_since": 17
            },
            "flat_type": "3-Room (income ceiling $6,000)",
            "lcd_date": null,
            "pcd_date": {
                "year": 2017,
                "month": 9,
                "day": null,
                "quarter": null,
                "months_since": 4
            },
            "quota_chinese": 1,
            "quota_malay": 1,
            "quota_other": 1,
            "street": "PUNGGOL EAST",
            "town": "Punggol",
            "title": "WATERWAY SUNRAY",
            "lat": 1.400746548954,
            "long": 103.919149344505,
            "postal": 822659
        },
        {
            "apartments": [
                {
                    "area": 65,
                    "floor": 11,
                    "is_repurchased": false,
                    "lease_price_list": [
                        {
                            "lease": 98,
                            "price": 188900
                        }
                    ],
                    "unit": 272
                },
                {
                    "area": 65,
                    "floor": 15,
                    "is_repurchased": false,
                    "lease_price_list": [
                        {
                            "lease": 98,
                            "price": 192900
                        }
                    ],
                    "unit": 272
                }
            ],
            "block_code": {
                "block_num": "663A",
                "contract": "C34",
                "neighbourhood": "S6"
            },
            "dpd_date": null,
            "flat_type": "3-Room (income ceiling $6,000)",
            "lcd_date": {
                "year": 2016,
                "month": 6,
                "day": 1,
                "quarter": null,
                "months_since": -11
            },
            "pcd_date": null,
            "quota_chinese": 2,
            "quota_malay": 2,
            "quota_other": 2,
            "street": "PUNGGOL DRIVE",
            "town": "Punggol",
            "title": "WATERWAY SUNBEAM",
            "lat": 1.4002434771806,
            "long": 103.91708004,
            "postal": 821663
        },
        {
            "apartments": [
                {
                    "area": 65,
                    "floor": 12,
                    "is_repurchased": false,
                    "lease_price_list": [
                        {
                            "lease": 98,
                            "price": 196600
                        }
                    ],
                    "unit": 543
                },
                {
                    "area": 65,
                    "floor": 14,
                    "is_repurchased": false,
                    "lease_price_list": [
                        {
                            "lease": 98,
                            "price": 198600
                        }
                    ],
                    "unit": 543
                }
            ],
            "block_code": {
                "block_num": "672A",
                "contract": "C41",
                "neighbourhood": "S6"
            },
            "dpd_date": null,
            "flat_type": "3-Room (income ceiling $6,000)",
            "lcd_date": {
                "year": 2015,
                "month": 12,
                "day": 1,
                "quarter": null,
                "months_since": -17
            },
            "pcd_date": null,
            "quota_chinese": 2,
            "quota_malay": 1,
            "quota_other": 0,
            "street": "EDGEFIELD PLAINS",
            "town": "Punggol",
            "title": "WATERWAY BANKS",
            "lat": 1.40641415134177,
            "long": 103.912620387754,
            "postal": 821672
        }
    ]
}