[{
    "apartments": [
        {
            "area": 38.0,
            "floor": 9,
            "is_repurchased": false,
            "lease_price_list": [
                {
                    "lease": "15",
                    "price": 35000
                },
                {
                    "lease": "20",
                    "price": 41600
                },
                {
                    "lease": "25",
                    "price": 47000
                },
                {
                    "lease": "30",
                    "price": 51400
                },
                {
                    "lease": "35",
                    "price": 55200
                },
                {
                    "lease": "40",
                    "price": 58400
                },
                {
                    "lease": "45",
                    "price": 61100
                },
                {
                    "lease": "99",
                    "price": 100500
                }
            ],
            "unit": 86
        }
    ],
    "block_code": {
        "block_num": "140D",
        "contract": "C29B",
        "neighbourhood": "N1"
    },
    "dpd_date": "31 May 2019",
    "flat_type": "2-Room Flexi (Short Lease/99-Year Lease)",
    "lcd_date": "-",
    "pcd_date": "2Q/2018",
    "quota_chinese": 1,
    "quota_malay": 1,
    "quota_other": 1,
    "street": "CORPORATION DR",
    "town": "Jurong West"
},
{
    "apartments": [
        {
            "area": 47.0,
            "floor": 18,
            "is_repurchased": false,
            "lease_price_list": [
                {
                    "lease": "15",
                    "price": 45500
                },
                {
                    "lease": "20",
                    "price": 54100
                },
                {
                    "lease": "25",
                    "price": 61100
                },
                {
                    "lease": "30",
                    "price": 66900
                },
                {
                    "lease": "35",
                    "price": 71800
                },
                {
                    "lease": "40",
                    "price": 76000
                },
                {
                    "lease": "45",
                    "price": 79500
                },
                {
                    "lease": "99",
                    "price": 131100
                }
            ],
            "unit": 21
        }
    ],
    "block_code": {
        "block_num": "150A",
        "contract": "C32",
        "neighbourhood": "N1"
    },
    "dpd_date": "30 Apr 2019",
    "flat_type": "2-Room Flexi (Short Lease/99-Year Lease)",
    "lcd_date": "-",
    "pcd_date": "2Q/2018",
    "quota_chinese": 1,
    "quota_malay": 1,
    "quota_other": 1,
    "street": "CORPORATION DR",
    "town": "Jurong West"
}]
