[{
    "apartments": [
        {
            "area": 76.0,
            "floor": 8,
            "is_repurchased": true,
            "lease_price_list": [
                {
                    "lease": null,
                    "price": 204000
                }
            ],
            "unit": 101
        }
    ],
    "block_code": {
        "block_num": "120",
        "contract": "C16",
        "neighbourhood": "N3"
    },
    "dpd_date": "NA (Keys Available)",
    "flat_type": "3-Room (income ceiling $6,000)",
    "lcd_date": "01 Jan 1972",
    "pcd_date": "-",
    "quota_chinese": 1,
    "quota_malay": 1,
    "quota_other": 1,
    "street": "HO CHING RD",
    "town": "Jurong West"
},
{
    "apartments": [
        {
            "area": 68.0,
            "floor": 1,
            "is_repurchased": false,
            "lease_price_list": [
                {
                    "lease": null,
                    "price": 199000
                }
            ],
            "unit": 433
        },
        {
            "area": 61.0,
            "floor": 10,
            "is_repurchased": false,
            "lease_price_list": [
                {
                    "lease": null,
                    "price": 186000
                }
            ],
            "unit": 459
        }
    ],
    "block_code": {
        "block_num": "122",
        "contract": "C15",
        "neighbourhood": "N3"
    },
    "dpd_date": "NA (Keys Available)",
    "flat_type": "3-Room (income ceiling $6,000)",
    "lcd_date": "01 Jun 1974",
    "pcd_date": "-",
    "quota_chinese": 2,
    "quota_malay": 0,
    "quota_other": 0,
    "street": "YUAN CHING RD",
    "town": "Jurong West"
},
{
    "apartments": [
        {
            "area": 68.0,
            "floor": 14,
            "is_repurchased": false,
            "lease_price_list": [
                {
                    "lease": null,
                    "price": 202000
                }
            ],
            "unit": 22
        },
        {
            "area": 68.0,
            "floor": 7,
            "is_repurchased": false,
            "lease_price_list": [
                {
                    "lease": null,
                    "price": 190300
                }
            ],
            "unit": 24
        },
        {
            "area": 68.0,
            "floor": 8,
            "is_repurchased": false,
            "lease_price_list": [
                {
                    "lease": null,
                    "price": 192800
                }
            ],
            "unit": 24
        },
        {
            "area": 68.0,
            "floor": 9,
            "is_repurchased": false,
            "lease_price_list": [
                {
                    "lease": null,
                    "price": 193800
                }
            ],
            "unit": 24
        },
        {
            "area": 68.0,
            "floor": 11,
            "is_repurchased": false,
            "lease_price_list": [
                {
                    "lease": null,
                    "price": 195800
                }
            ],
            "unit": 24
        },
        {
            "area": 68.0,
            "floor": 13,
            "is_repurchased": false,
            "lease_price_list": [
                {
                    "lease": null,
                    "price": 197800
                }
            ],
            "unit": 24
        },
        {
            "area": 68.0,
            "floor": 16,
            "is_repurchased": false,
            "lease_price_list": [
                {
                    "lease": null,
                    "price": 204000
                }
            ],
            "unit": 24
        }
    ],
    "block_code": {
        "block_num": "140A",
        "contract": "C29B",
        "neighbourhood": "N1"
    },
    "dpd_date": "31 May 2019",
    "flat_type": "3-Room (income ceiling $6,000)",
    "lcd_date": "-",
    "pcd_date": "2Q/2018",
    "quota_chinese": 7,
    "quota_malay": 0,
    "quota_other": 0,
    "street": "CORPORATION DR",
    "town": "Jurong West"
},
{
    "apartments": [
        {
            "area": 68.0,
            "floor": 2,
            "is_repurchased": false,
            "lease_price_list": [
                {
                    "lease": null,
                    "price": 176600
                }
            ],
            "unit": 78
        }
    ],
    "block_code": {
        "block_num": "140D",
        "contract": "C29B",
        "neighbourhood": "N1"
    },
    "dpd_date": "31 May 2019",
    "flat_type": "3-Room (income ceiling $6,000)",
    "lcd_date": "-",
    "pcd_date": "2Q/2018",
    "quota_chinese": 1,
    "quota_malay": 1,
    "quota_other": 1,
    "street": "CORPORATION DR",
    "town": "Jurong West"
},
{
    "apartments": [
        {
            "area": 68.0,
            "floor": 18,
            "is_repurchased": false,
            "lease_price_list": [
                {
                    "lease": null,
                    "price": 206800
                }
            ],
            "unit": 23
        },
        {
            "area": 68.0,
            "floor": 9,
            "is_repurchased": false,
            "lease_price_list": [
                {
                    "lease": null,
                    "price": 191800
                }
            ],
            "unit": 27
        }
    ],
    "block_code": {
        "block_num": "150A",
        "contract": "C32",
        "neighbourhood": "N1"
    },
    "dpd_date": "30 Apr 2019",
    "flat_type": "3-Room (income ceiling $6,000)",
    "lcd_date": "-",
    "pcd_date": "2Q/2018",
    "quota_chinese": 2,
    "quota_malay": 2,
    "quota_other": 2,
    "street": "CORPORATION DR",
    "town": "Jurong West"
},
{
    "apartments": [
        {
            "area": 59.0,
            "floor": 11,
            "is_repurchased": false,
            "lease_price_list": [
                {
                    "lease": null,
                    "price": 182000
                }
            ],
            "unit": 304
        }
    ],
    "block_code": {
        "block_num": "174",
        "contract": "C1",
        "neighbourhood": "N2"
    },
    "dpd_date": "NA (Keys Available)",
    "flat_type": "3-Room (income ceiling $6,000)",
    "lcd_date": "01 Jul 1978",
    "pcd_date": "-",
    "quota_chinese": 1,
    "quota_malay": 1,
    "quota_other": 0,
    "street": "BOON LAY DR",
    "town": "Jurong West"
},
{
    "apartments": [
        {
            "area": 59.0,
            "floor": 9,
            "is_repurchased": false,
            "lease_price_list": [
                {
                    "lease": null,
                    "price": 180000
                }
            ],
            "unit": 342
        }
    ],
    "block_code": {
        "block_num": "175",
        "contract": "C1",
        "neighbourhood": "N2"
    },
    "dpd_date": "NA (Keys Available)",
    "flat_type": "3-Room (income ceiling $6,000)",
    "lcd_date": "01 Jul 1978",
    "pcd_date": "-",
    "quota_chinese": 1,
    "quota_malay": 0,
    "quota_other": 1,
    "street": "BOON LAY DR",
    "town": "Jurong West"
},
{
    "apartments": [
        {
            "area": 68.0,
            "floor": 13,
            "is_repurchased": false,
            "lease_price_list": [
                {
                    "lease": null,
                    "price": 200700
                }
            ],
            "unit": 205
        }
    ],
    "block_code": {
        "block_num": "216B",
        "contract": "C17",
        "neighbourhood": "N2"
    },
    "dpd_date": "NA (Keys Available)",
    "flat_type": "3-Room (income ceiling $6,000)",
    "lcd_date": "01 Jul 2018",
    "pcd_date": "-",
    "quota_chinese": 1,
    "quota_malay": 1,
    "quota_other": 0,
    "street": "BOON LAY AVE",
    "town": "Jurong West"
},
{
    "apartments": [
        {
            "area": 67.0,
            "floor": 9,
            "is_repurchased": true,
            "lease_price_list": [
                {
                    "lease": null,
                    "price": 217000
                }
            ],
            "unit": 576
        }
    ],
    "block_code": {
        "block_num": "463",
        "contract": "C14",
        "neighbourhood": "N4"
    },
    "dpd_date": "NA (Keys Available)",
    "flat_type": "3-Room (income ceiling $6,000)",
    "lcd_date": "01 Jun 1985",
    "pcd_date": "-",
    "quota_chinese": 1,
    "quota_malay": 1,
    "quota_other": 1,
    "street": "JURONG WEST ST 41",
    "town": "Jurong West"
},
{
    "apartments": [
        {
            "area": 67.0,
            "floor": 4,
            "is_repurchased": true,
            "lease_price_list": [
                {
                    "lease": null,
                    "price": 219000
                }
            ],
            "unit": 251
        }
    ],
    "block_code": {
        "block_num": "524",
        "contract": "C2A",
        "neighbourhood": "N5"
    },
    "dpd_date": "NA (Keys Available)",
    "flat_type": "3-Room (income ceiling $6,000)",
    "lcd_date": "01 Apr 1982",
    "pcd_date": "-",
    "quota_chinese": 1,
    "quota_malay": 1,
    "quota_other": 1,
    "street": "JURONG WEST ST 52",
    "town": "Jurong West"
},
{
    "apartments": [
        {
            "area": 67.0,
            "floor": 6,
            "is_repurchased": true,
            "lease_price_list": [
                {
                    "lease": null,
                    "price": 219000
                }
            ],
            "unit": 297
        }
    ],
    "block_code": {
        "block_num": "527",
        "contract": "C1",
        "neighbourhood": "N5"
    },
    "dpd_date": "NA (Keys Available)",
    "flat_type": "3-Room (income ceiling $6,000)",
    "lcd_date": "01 Aug 1983",
    "pcd_date": "-",
    "quota_chinese": 1,
    "quota_malay": 1,
    "quota_other": 1,
    "street": "JURONG WEST ST 52",
    "town": "Jurong West"
},
{
    "apartments": [
        {
            "area": 68.0,
            "floor": 14,
            "is_repurchased": false,
            "lease_price_list": [
                {
                    "lease": null,
                    "price": 206100
                }
            ],
            "unit": 1149
        }
    ],
    "block_code": {
        "block_num": "561A",
        "contract": "C16",
        "neighbourhood": "N5"
    },
    "dpd_date": "NA (Keys Available)",
    "flat_type": "3-Room (income ceiling $6,000)",
    "lcd_date": "01 Feb 2018",
    "pcd_date": "-",
    "quota_chinese": 1,
    "quota_malay": 1,
    "quota_other": 0,
    "street": "JURONG WEST ST 42",
    "town": "Jurong West"
},
{
    "apartments": [
        {
            "area": 68.0,
            "floor": 4,
            "is_repurchased": false,
            "lease_price_list": [
                {
                    "lease": null,
                    "price": 240800
                }
            ],
            "unit": 19
        }
    ],
    "block_code": {
        "block_num": "697B",
        "contract": "C31",
        "neighbourhood": "N6"
    },
    "dpd_date": "NA (Keys Available)",
    "flat_type": "3-Room (income ceiling $6,000)",
    "lcd_date": "01 Oct 2017",
    "pcd_date": "-",
    "quota_chinese": 1,
    "quota_malay": 1,
    "quota_other": 1,
    "street": "JURONG WEST CTRL 3",
    "town": "Jurong West"
},
{
    "apartments": [
        {
            "area": 68.0,
            "floor": 13,
            "is_repurchased": false,
            "lease_price_list": [
                {
                    "lease": null,
                    "price": 255600
                }
            ],
            "unit": 39
        },
        {
            "area": 68.0,
            "floor": 17,
            "is_repurchased": false,
            "lease_price_list": [
                {
                    "lease": null,
                    "price": 258600
                }
            ],
            "unit": 53
        },
        {
            "area": 68.0,
            "floor": 4,
            "is_repurchased": false,
            "lease_price_list": [
                {
                    "lease": null,
                    "price": 236800
                }
            ],
            "unit": 55
        },
        {
            "area": 68.0,
            "floor": 11,
            "is_repurchased": false,
            "lease_price_list": [
                {
                    "lease": null,
                    "price": 250300
                }
            ],
            "unit": 55
        }
    ],
    "block_code": {
        "block_num": "698A",
        "contract": "C31",
        "neighbourhood": "N6"
    },
    "dpd_date": "NA (Keys Available)",
    "flat_type": "3-Room (income ceiling $6,000)",
    "lcd_date": "01 Oct 2017",
    "pcd_date": "-",
    "quota_chinese": 4,
    "quota_malay": 0,
    "quota_other": 3,
    "street": "JURONG WEST CTRL 3",
    "town": "Jurong West"
}]
