[{
    "apartments": [
        {
            "area": 67.0,
            "floor": 7,
            "is_repurchased": true,
            "lease_price_list": [
                {
                    "lease": null,
                    "price": 345000
                }
            ],
            "unit": 151
        }
    ],
    "block_code": {
        "block_num": "138D",
        "contract": "PH1",
        "neighbourhood": "N1"
    },
    "dpd_date": "NA (Keys Available)",
    "flat_type": "3-Room (income ceiling $12,000)",
    "lcd_date": "04 Sep 2014",
    "pcd_date": "-",
    "quota_chinese": 1,
    "quota_malay": 1,
    "quota_other": 1,
    "street": "YUAN CHING RD",
    "town": "Jurong West"
}]
