[{
    "apartments": [
        {
            "area": 93.0,
            "floor": 18,
            "is_repurchased": false,
            "lease_price_list": [
                {
                    "lease": null,
                    "price": 333100
                }
            ],
            "unit": 10
        }
    ],
    "block_code": {
        "block_num": "140A",
        "contract": "C29B",
        "neighbourhood": "N1"
    },
    "dpd_date": "31 May 2019",
    "flat_type": "4-Room",
    "lcd_date": "-",
    "pcd_date": "2Q/2018",
    "quota_chinese": 1,
    "quota_malay": 1,
    "quota_other": 1,
    "street": "CORPORATION DR",
    "town": "Jurong West"
},
{
    "apartments": [
        {
            "area": 93.0,
            "floor": 2,
            "is_repurchased": false,
            "lease_price_list": [
                {
                    "lease": null,
                    "price": 290700
                }
            ],
            "unit": 46
        }
    ],
    "block_code": {
        "block_num": "140B",
        "contract": "C29B",
        "neighbourhood": "N1"
    },
    "dpd_date": "31 May 2019",
    "flat_type": "4-Room",
    "lcd_date": "-",
    "pcd_date": "2Q/2018",
    "quota_chinese": 1,
    "quota_malay": 1,
    "quota_other": 1,
    "street": "CORPORATION DR",
    "town": "Jurong West"
},
{
    "apartments": [
        {
            "area": 93.0,
            "floor": 4,
            "is_repurchased": false,
            "lease_price_list": [
                {
                    "lease": null,
                    "price": 289300
                }
            ],
            "unit": 74
        },
        {
            "area": 93.0,
            "floor": 17,
            "is_repurchased": false,
            "lease_price_list": [
                {
                    "lease": null,
                    "price": 326600
                }
            ],
            "unit": 76
        }
    ],
    "block_code": {
        "block_num": "140D",
        "contract": "C29B",
        "neighbourhood": "N1"
    },
    "dpd_date": "31 May 2019",
    "flat_type": "4-Room",
    "lcd_date": "-",
    "pcd_date": "2Q/2018",
    "quota_chinese": 2,
    "quota_malay": 2,
    "quota_other": 2,
    "street": "CORPORATION DR",
    "town": "Jurong West"
},
{
    "apartments": [
        {
            "area": 93.0,
            "floor": 9,
            "is_repurchased": false,
            "lease_price_list": [
                {
                    "lease": null,
                    "price": 319000
                }
            ],
            "unit": 48
        }
    ],
    "block_code": {
        "block_num": "165A",
        "contract": "C31",
        "neighbourhood": "N1"
    },
    "dpd_date": "30 Sep 2018",
    "flat_type": "4-Room",
    "lcd_date": "-",
    "pcd_date": "06/2017",
    "quota_chinese": 1,
    "quota_malay": 1,
    "quota_other": 1,
    "street": "YUNG KUANG RD",
    "town": "Jurong West"
},
{
    "apartments": [
        {
            "area": 93.0,
            "floor": 8,
            "is_repurchased": false,
            "lease_price_list": [
                {
                    "lease": null,
                    "price": 317600
                }
            ],
            "unit": 34
        }
    ],
    "block_code": {
        "block_num": "165B",
        "contract": "C31",
        "neighbourhood": "N1"
    },
    "dpd_date": "30 Sep 2018",
    "flat_type": "4-Room",
    "lcd_date": "-",
    "pcd_date": "06/2017",
    "quota_chinese": 1,
    "quota_malay": 1,
    "quota_other": 1,
    "street": "YUNG KUANG RD",
    "town": "Jurong West"
},
{
    "apartments": [
        {
            "area": 93.0,
            "floor": 10,
            "is_repurchased": false,
            "lease_price_list": [
                {
                    "lease": null,
                    "price": 315100
                }
            ],
            "unit": 8
        }
    ],
    "block_code": {
        "block_num": "166A",
        "contract": "C31",
        "neighbourhood": "N1"
    },
    "dpd_date": "30 Sep 2018",
    "flat_type": "4-Room",
    "lcd_date": "-",
    "pcd_date": "09/2017",
    "quota_chinese": 1,
    "quota_malay": 1,
    "quota_other": 1,
    "street": "YUNG KUANG RD",
    "town": "Jurong West"
},
{
    "apartments": [
        {
            "area": 93.0,
            "floor": 12,
            "is_repurchased": false,
            "lease_price_list": [
                {
                    "lease": null,
                    "price": 323200
                }
            ],
            "unit": 24
        },
        {
            "area": 93.0,
            "floor": 15,
            "is_repurchased": false,
            "lease_price_list": [
                {
                    "lease": null,
                    "price": 327400
                }
            ],
            "unit": 24
        },
        {
            "area": 93.0,
            "floor": 6,
            "is_repurchased": false,
            "lease_price_list": [
                {
                    "lease": null,
                    "price": 309400
                }
            ],
            "unit": 26
        }
    ],
    "block_code": {
        "block_num": "166B",
        "contract": "C31",
        "neighbourhood": "N1"
    },
    "dpd_date": "30 Sep 2018",
    "flat_type": "4-Room",
    "lcd_date": "-",
    "pcd_date": "08/2017",
    "quota_chinese": 3,
    "quota_malay": 0,
    "quota_other": 2,
    "street": "YUNG KUANG RD",
    "town": "Jurong West"
},
{
    "apartments": [
        {
            "area": 93.0,
            "floor": 6,
            "is_repurchased": false,
            "lease_price_list": [
                {
                    "lease": null,
                    "price": 327800
                }
            ],
            "unit": 117
        }
    ],
    "block_code": {
        "block_num": "197D",
        "contract": "C19",
        "neighbourhood": "N2"
    },
    "dpd_date": "NA (Keys Available)",
    "flat_type": "4-Room",
    "lcd_date": "01 Apr 2015",
    "pcd_date": "-",
    "quota_chinese": 1,
    "quota_malay": 1,
    "quota_other": 1,
    "street": "BOON LAY DR",
    "town": "Jurong West"
},
{
    "apartments": [
        {
            "area": 94.0,
            "floor": 7,
            "is_repurchased": false,
            "lease_price_list": [
                {
                    "lease": null,
                    "price": 301600
                }
            ],
            "unit": 211
        }
    ],
    "block_code": {
        "block_num": "216B",
        "contract": "C17",
        "neighbourhood": "N2"
    },
    "dpd_date": "NA (Keys Available)",
    "flat_type": "4-Room",
    "lcd_date": "01 Jul 2018",
    "pcd_date": "-",
    "quota_chinese": 1,
    "quota_malay": 1,
    "quota_other": 0,
    "street": "BOON LAY AVE",
    "town": "Jurong West"
},
{
    "apartments": [
        {
            "area": 94.0,
            "floor": 14,
            "is_repurchased": false,
            "lease_price_list": [
                {
                    "lease": null,
                    "price": 314000
                }
            ],
            "unit": 295
        }
    ],
    "block_code": {
        "block_num": "218C",
        "contract": "C17",
        "neighbourhood": "N2"
    },
    "dpd_date": "NA (Keys Available)",
    "flat_type": "4-Room",
    "lcd_date": "01 Jul 2018",
    "pcd_date": "-",
    "quota_chinese": 1,
    "quota_malay": 1,
    "quota_other": 1,
    "street": "BOON LAY AVE",
    "town": "Jurong West"
},
{
    "apartments": [
        {
            "area": 93.0,
            "floor": 12,
            "is_repurchased": false,
            "lease_price_list": [
                {
                    "lease": null,
                    "price": 322300
                }
            ],
            "unit": 1131
        },
        {
            "area": 93.0,
            "floor": 3,
            "is_repurchased": false,
            "lease_price_list": [
                {
                    "lease": null,
                    "price": 296900
                }
            ],
            "unit": 1141
        }
    ],
    "block_code": {
        "block_num": "561A",
        "contract": "C16",
        "neighbourhood": "N5"
    },
    "dpd_date": "NA (Keys Available)",
    "flat_type": "4-Room",
    "lcd_date": "01 Feb 2018",
    "pcd_date": "-",
    "quota_chinese": 2,
    "quota_malay": 2,
    "quota_other": 1,
    "street": "JURONG WEST ST 42",
    "town": "Jurong West"
},
{
    "apartments": [
        {
            "area": 93.0,
            "floor": 11,
            "is_repurchased": false,
            "lease_price_list": [
                {
                    "lease": null,
                    "price": 320600
                }
            ],
            "unit": 1169
        },
        {
            "area": 93.0,
            "floor": 11,
            "is_repurchased": false,
            "lease_price_list": [
                {
                    "lease": null,
                    "price": 305000
                }
            ],
            "unit": 1173
        }
    ],
    "block_code": {
        "block_num": "561B",
        "contract": "C16",
        "neighbourhood": "N5"
    },
    "dpd_date": "NA (Keys Available)",
    "flat_type": "4-Room",
    "lcd_date": "01 Feb 2018",
    "pcd_date": "-",
    "quota_chinese": 2,
    "quota_malay": 2,
    "quota_other": 1,
    "street": "JURONG WEST ST 42",
    "town": "Jurong West"
},
{
    "apartments": [
        {
            "area": 91.0,
            "floor": 1,
            "is_repurchased": true,
            "lease_price_list": [
                {
                    "lease": null,
                    "price": 286000
                }
            ],
            "unit": 286
        }
    ],
    "block_code": {
        "block_num": "632",
        "contract": "C12",
        "neighbourhood": "N6"
    },
    "dpd_date": "NA (Keys Available)",
    "flat_type": "4-Room",
    "lcd_date": "01 Nov 2001",
    "pcd_date": "-",
    "quota_chinese": 1,
    "quota_malay": 1,
    "quota_other": 1,
    "street": "JURONG WEST ST 65",
    "town": "Jurong West"
},
{
    "apartments": [
        {
            "area": 93.0,
            "floor": 4,
            "is_repurchased": false,
            "lease_price_list": [
                {
                    "lease": null,
                    "price": 358100
                }
            ],
            "unit": 5
        },
        {
            "area": 93.0,
            "floor": 5,
            "is_repurchased": false,
            "lease_price_list": [
                {
                    "lease": null,
                    "price": 362600
                }
            ],
            "unit": 5
        },
        {
            "area": 93.0,
            "floor": 16,
            "is_repurchased": false,
            "lease_price_list": [
                {
                    "lease": null,
                    "price": 379300
                }
            ],
            "unit": 5
        },
        {
            "area": 93.0,
            "floor": 2,
            "is_repurchased": false,
            "lease_price_list": [
                {
                    "lease": null,
                    "price": 347200
                }
            ],
            "unit": 7
        },
        {
            "area": 93.0,
            "floor": 11,
            "is_repurchased": false,
            "lease_price_list": [
                {
                    "lease": null,
                    "price": 383500
                }
            ],
            "unit": 9
        }
    ],
    "block_code": {
        "block_num": "697A",
        "contract": "C31",
        "neighbourhood": "N6"
    },
    "dpd_date": "NA (Keys Available)",
    "flat_type": "4-Room",
    "lcd_date": "01 Oct 2017",
    "pcd_date": "-",
    "quota_chinese": 5,
    "quota_malay": 5,
    "quota_other": 5,
    "street": "JURONG WEST CTRL 3",
    "town": "Jurong West"
},
{
    "apartments": [
        {
            "area": 93.0,
            "floor": 5,
            "is_repurchased": false,
            "lease_price_list": [
                {
                    "lease": null,
                    "price": 363800
                }
            ],
            "unit": 21
        },
        {
            "area": 93.0,
            "floor": 13,
            "is_repurchased": false,
            "lease_price_list": [
                {
                    "lease": null,
                    "price": 380100
                }
            ],
            "unit": 23
        }
    ],
    "block_code": {
        "block_num": "697B",
        "contract": "C31",
        "neighbourhood": "N6"
    },
    "dpd_date": "NA (Keys Available)",
    "flat_type": "4-Room",
    "lcd_date": "01 Oct 2017",
    "pcd_date": "-",
    "quota_chinese": 2,
    "quota_malay": 2,
    "quota_other": 2,
    "street": "JURONG WEST CTRL 3",
    "town": "Jurong West"
},
{
    "apartments": [
        {
            "area": 83.0,
            "floor": 6,
            "is_repurchased": false,
            "lease_price_list": [
                {
                    "lease": null,
                    "price": 323100
                }
            ],
            "unit": 35
        },
        {
            "area": 83.0,
            "floor": 15,
            "is_repurchased": false,
            "lease_price_list": [
                {
                    "lease": null,
                    "price": 339900
                }
            ],
            "unit": 35
        }
    ],
    "block_code": {
        "block_num": "697C",
        "contract": "C31",
        "neighbourhood": "N6"
    },
    "dpd_date": "NA (Keys Available)",
    "flat_type": "4-Room",
    "lcd_date": "01 Oct 2017",
    "pcd_date": "-",
    "quota_chinese": 2,
    "quota_malay": 2,
    "quota_other": 2,
    "street": "JURONG WEST CTRL 3",
    "town": "Jurong West"
},
{
    "apartments": [
        {
            "area": 83.0,
            "floor": 14,
            "is_repurchased": false,
            "lease_price_list": [
                {
                    "lease": null,
                    "price": 330700
                }
            ],
            "unit": 61
        },
        {
            "area": 83.0,
            "floor": 16,
            "is_repurchased": false,
            "lease_price_list": [
                {
                    "lease": null,
                    "price": 336100
                }
            ],
            "unit": 61
        },
        {
            "area": 93.0,
            "floor": 3,
            "is_repurchased": false,
            "lease_price_list": [
                {
                    "lease": null,
                    "price": 354800
                }
            ],
            "unit": 67
        },
        {
            "area": 83.0,
            "floor": 7,
            "is_repurchased": false,
            "lease_price_list": [
                {
                    "lease": null,
                    "price": 321400
                }
            ],
            "unit": 71
        },
        {
            "area": 83.0,
            "floor": 15,
            "is_repurchased": false,
            "lease_price_list": [
                {
                    "lease": null,
                    "price": 330300
                }
            ],
            "unit": 71
        }
    ],
    "block_code": {
        "block_num": "698B",
        "contract": "C31",
        "neighbourhood": "N6"
    },
    "dpd_date": "NA (Keys Available)",
    "flat_type": "4-Room",
    "lcd_date": "01 Oct 2017",
    "pcd_date": "-",
    "quota_chinese": 5,
    "quota_malay": 5,
    "quota_other": 5,
    "street": "JURONG WEST CTRL 3",
    "town": "Jurong West"
},
{
    "apartments": [
        {
            "area": 93.0,
            "floor": 15,
            "is_repurchased": false,
            "lease_price_list": [
                {
                    "lease": null,
                    "price": 395300
                }
            ],
            "unit": 73
        },
        {
            "area": 93.0,
            "floor": 13,
            "is_repurchased": false,
            "lease_price_list": [
                {
                    "lease": null,
                    "price": 386300
                }
            ],
            "unit": 75
        },
        {
            "area": 93.0,
            "floor": 3,
            "is_repurchased": false,
            "lease_price_list": [
                {
                    "lease": null,
                    "price": 354800
                }
            ],
            "unit": 79
        },
        {
            "area": 93.0,
            "floor": 10,
            "is_repurchased": false,
            "lease_price_list": [
                {
                    "lease": null,
                    "price": 382100
                }
            ],
            "unit": 79
        },
        {
            "area": 83.0,
            "floor": 17,
            "is_repurchased": false,
            "lease_price_list": [
                {
                    "lease": null,
                    "price": 336100
                }
            ],
            "unit": 83
        }
    ],
    "block_code": {
        "block_num": "698C",
        "contract": "C31",
        "neighbourhood": "N6"
    },
    "dpd_date": "NA (Keys Available)",
    "flat_type": "4-Room",
    "lcd_date": "01 Oct 2017",
    "pcd_date": "-",
    "quota_chinese": 5,
    "quota_malay": 5,
    "quota_other": 5,
    "street": "JURONG WEST CTRL 3",
    "town": "Jurong West"
},
{
    "apartments": [
        {
            "area": 113.0,
            "floor": 11,
            "is_repurchased": true,
            "lease_price_list": [
                {
                    "lease": null,
                    "price": 296000
                }
            ],
            "unit": 329
        }
    ],
    "block_code": {
        "block_num": "979",
        "contract": "C12",
        "neighbourhood": "N9"
    },
    "dpd_date": "NA (Keys Available)",
    "flat_type": "4-Room",
    "lcd_date": "01 Sep 1989",
    "pcd_date": "-",
    "quota_chinese": 1,
    "quota_malay": 1,
    "quota_other": 1,
    "street": "JURONG WEST ST 93",
    "town": "Jurong West"
}]
