[{
    "apartments": [
        {
            "area": 113.0,
            "floor": 11,
            "is_repurchased": false,
            "lease_price_list": [
                {
                    "lease": null,
                    "price": 382500
                }
            ],
            "unit": 14
        },
        {
            "area": 113.0,
            "floor": 18,
            "is_repurchased": false,
            "lease_price_list": [
                {
                    "lease": null,
                    "price": 398900
                }
            ],
            "unit": 16
        }
    ],
    "block_code": {
        "block_num": "166A",
        "contract": "C31",
        "neighbourhood": "N1"
    },
    "dpd_date": "30 Sep 2018",
    "flat_type": "5-Room/3Gen",
    "lcd_date": "-",
    "pcd_date": "09/2017",
    "quota_chinese": 2,
    "quota_malay": 2,
    "quota_other": 2,
    "street": "YUNG KUANG RD",
    "town": "Jurong West"
},
{
    "apartments": [
        {
            "area": 121.0,
            "floor": 8,
            "is_repurchased": false,
            "lease_price_list": [
                {
                    "lease": null,
                    "price": 381600
                }
            ],
            "unit": 219
        },
        {
            "area": 114.0,
            "floor": 12,
            "is_repurchased": false,
            "lease_price_list": [
                {
                    "lease": null,
                    "price": 385300
                }
            ],
            "unit": 229
        }
    ],
    "block_code": {
        "block_num": "216A",
        "contract": "C17",
        "neighbourhood": "N2"
    },
    "dpd_date": "NA (Keys Available)",
    "flat_type": "5-Room/3Gen",
    "lcd_date": "01 Jul 2018",
    "pcd_date": "-",
    "quota_chinese": 2,
    "quota_malay": 2,
    "quota_other": 2,
    "street": "BOON LAY AVE",
    "town": "Jurong West"
},
{
    "apartments": [
        {
            "area": 114.0,
            "floor": 6,
            "is_repurchased": false,
            "lease_price_list": [
                {
                    "lease": null,
                    "price": 351100
                }
            ],
            "unit": 231
        }
    ],
    "block_code": {
        "block_num": "217A",
        "contract": "C17",
        "neighbourhood": "N2"
    },
    "dpd_date": "NA (Keys Available)",
    "flat_type": "5-Room/3Gen",
    "lcd_date": "01 Jul 2018",
    "pcd_date": "-",
    "quota_chinese": 1,
    "quota_malay": 1,
    "quota_other": 0,
    "street": "BOON LAY AVE",
    "town": "Jurong West"
},
{
    "apartments": [
        {
            "area": 114.0,
            "floor": 6,
            "is_repurchased": false,
            "lease_price_list": [
                {
                    "lease": null,
                    "price": 357300
                }
            ],
            "unit": 275
        }
    ],
    "block_code": {
        "block_num": "218B",
        "contract": "C17",
        "neighbourhood": "N2"
    },
    "dpd_date": "NA (Keys Available)",
    "flat_type": "5-Room/3Gen",
    "lcd_date": "01 Jul 2018",
    "pcd_date": "-",
    "quota_chinese": 1,
    "quota_malay": 1,
    "quota_other": 1,
    "street": "BOON LAY AVE",
    "town": "Jurong West"
},
{
    "apartments": [
        {
            "area": 121.0,
            "floor": 14,
            "is_repurchased": false,
            "lease_price_list": [
                {
                    "lease": null,
                    "price": 391900
                }
            ],
            "unit": 305
        }
    ],
    "block_code": {
        "block_num": "218D",
        "contract": "C17",
        "neighbourhood": "N2"
    },
    "dpd_date": "NA (Keys Available)",
    "flat_type": "5-Room/3Gen",
    "lcd_date": "01 Jul 2018",
    "pcd_date": "-",
    "quota_chinese": 1,
    "quota_malay": 1,
    "quota_other": 1,
    "street": "BOON LAY AVE",
    "town": "Jurong West"
},
{
    "apartments": [
        {
            "area": 113.0,
            "floor": 13,
            "is_repurchased": false,
            "lease_price_list": [
                {
                    "lease": null,
                    "price": 470200
                }
            ],
            "unit": 31
        },
        {
            "area": 113.0,
            "floor": 2,
            "is_repurchased": false,
            "lease_price_list": [
                {
                    "lease": null,
                    "price": 409700
                }
            ],
            "unit": 33
        }
    ],
    "block_code": {
        "block_num": "697C",
        "contract": "C31",
        "neighbourhood": "N6"
    },
    "dpd_date": "NA (Keys Available)",
    "flat_type": "5-Room/3Gen",
    "lcd_date": "01 Oct 2017",
    "pcd_date": "-",
    "quota_chinese": 2,
    "quota_malay": 2,
    "quota_other": 2,
    "street": "JURONG WEST CTRL 3",
    "town": "Jurong West"
},
{
    "apartments": [
        {
            "area": 126.0,
            "floor": 5,
            "is_repurchased": true,
            "lease_price_list": [
                {
                    "lease": null,
                    "price": 343000
                }
            ],
            "unit": 548
        }
    ],
    "block_code": {
        "block_num": "857",
        "contract": "C12",
        "neighbourhood": "N8"
    },
    "dpd_date": "NA (Keys Available)",
    "flat_type": "5-Room/3Gen",
    "lcd_date": "01 Aug 1996",
    "pcd_date": "-",
    "quota_chinese": 1,
    "quota_malay": 1,
    "quota_other": 1,
    "street": "JURONG WEST ST 81",
    "town": "Jurong West"
},
{
    "apartments": [
        {
            "area": 121.0,
            "floor": 6,
            "is_repurchased": true,
            "lease_price_list": [
                {
                    "lease": null,
                    "price": 333000
                }
            ],
            "unit": 431
        }
    ],
    "block_code": {
        "block_num": "940",
        "contract": "C11",
        "neighbourhood": "N9"
    },
    "dpd_date": "NA (Keys Available)",
    "flat_type": "5-Room/3Gen",
    "lcd_date": "01 May 1989",
    "pcd_date": "-",
    "quota_chinese": 1,
    "quota_malay": 1,
    "quota_other": 1,
    "street": "JURONG WEST ST 91",
    "town": "Jurong West"
},
{
    "apartments": [
        {
            "area": 110.0,
            "floor": 2,
            "is_repurchased": true,
            "lease_price_list": [
                {
                    "lease": null,
                    "price": 398000
                }
            ],
            "unit": 573
        }
    ],
    "block_code": {
        "block_num": "987B",
        "contract": "C14",
        "neighbourhood": "N9"
    },
    "dpd_date": "NA (Keys Available)",
    "flat_type": "5-Room/3Gen",
    "lcd_date": "01 Aug 2008",
    "pcd_date": "-",
    "quota_chinese": 1,
    "quota_malay": 1,
    "quota_other": 1,
    "street": "JURONG WEST ST 93",
    "town": "Jurong West"
}]
