[{
    "apartments": [
        {
            "area": 145.0,
            "floor": 3,
            "is_repurchased": true,
            "lease_price_list": [
                {
                    "lease": null,
                    "price": 430000
                }
            ],
            "unit": 312
        }
    ],
    "block_code": {
        "block_num": "829",
        "contract": "C6",
        "neighbourhood": "N8"
    },
    "dpd_date": "NA (Keys Available)",
    "flat_type": "Executive",
    "lcd_date": "27 May 1993",
    "pcd_date": "-",
    "quota_chinese": 1,
    "quota_malay": 0,
    "quota_other": 1,
    "street": "JURONG WEST ST 81",
    "town": "Jurong West"
}]
