[{
    "apartments": [
        {
            "area": 38.0,
            "floor": 5,
            "is_repurchased": false,
            "lease_price_list": [
                {
                    "lease": "15",
                    "price": 30500
                },
                {
                    "lease": "20",
                    "price": 36500
                },
                {
                    "lease": "25",
                    "price": 41400
                },
                {
                    "lease": "30",
                    "price": 45500
                },
                {
                    "lease": "35",
                    "price": 49000
                },
                {
                    "lease": "40",
                    "price": 51900
                },
                {
                    "lease": "45",
                    "price": 54400
                },
                {
                    "lease": "99",
                    "price": 90600
                }
            ],
            "unit": 151
        },
        {
            "area": 38.0,
            "floor": 6,
            "is_repurchased": false,
            "lease_price_list": [
                {
                    "lease": "15",
                    "price": 31700
                },
                {
                    "lease": "20",
                    "price": 37900
                },
                {
                    "lease": "25",
                    "price": 43100
                },
                {
                    "lease": "30",
                    "price": 47300
                },
                {
                    "lease": "35",
                    "price": 50900
                },
                {
                    "lease": "40",
                    "price": 53900
                },
                {
                    "lease": "45",
                    "price": 56500
                },
                {
                    "lease": "99",
                    "price": 94200
                }
            ],
            "unit": 153
        },
        {
            "area": 47.0,
            "floor": 3,
            "is_repurchased": false,
            "lease_price_list": [
                {
                    "lease": "15",
                    "price": 35900
                },
                {
                    "lease": "20",
                    "price": 43000
                },
                {
                    "lease": "25",
                    "price": 48900
                },
                {
                    "lease": "30",
                    "price": 53700
                },
                {
                    "lease": "35",
                    "price": 57700
                },
                {
                    "lease": "40",
                    "price": 61200
                },
                {
                    "lease": "45",
                    "price": 64100
                },
                {
                    "lease": "99",
                    "price": 106900
                }
            ],
            "unit": 155
        },
        {
            "area": 47.0,
            "floor": 15,
            "is_repurchased": false,
            "lease_price_list": [
                {
                    "lease": "15",
                    "price": 42100
                },
                {
                    "lease": "20",
                    "price": 50400
                },
                {
                    "lease": "25",
                    "price": 57300
                },
                {
                    "lease": "30",
                    "price": 62900
                },
                {
                    "lease": "35",
                    "price": 67700
                },
                {
                    "lease": "40",
                    "price": 71800
                },
                {
                    "lease": "45",
                    "price": 75200
                },
                {
                    "lease": "99",
                    "price": 125400
                }
            ],
            "unit": 155
        },
        {
            "area": 47.0,
            "floor": 27,
            "is_repurchased": false,
            "lease_price_list": [
                {
                    "lease": "15",
                    "price": 45600
                },
                {
                    "lease": "20",
                    "price": 54600
                },
                {
                    "lease": "25",
                    "price": 62100
                },
                {
                    "lease": "30",
                    "price": 68200
                },
                {
                    "lease": "35",
                    "price": 73400
                },
                {
                    "lease": "40",
                    "price": 77800
                },
                {
                    "lease": "45",
                    "price": 81500
                },
                {
                    "lease": "99",
                    "price": 136000
                }
            ],
            "unit": 155
        },
        {
            "area": 47.0,
            "floor": 18,
            "is_repurchased": false,
            "lease_price_list": [
                {
                    "lease": "15",
                    "price": 42900
                },
                {
                    "lease": "20",
                    "price": 51400
                },
                {
                    "lease": "25",
                    "price": 58400
                },
                {
                    "lease": "30",
                    "price": 64100
                },
                {
                    "lease": "35",
                    "price": 69000
                },
                {
                    "lease": "40",
                    "price": 73100
                },
                {
                    "lease": "45",
                    "price": 76600
                },
                {
                    "lease": "99",
                    "price": 127800
                }
            ],
            "unit": 157
        },
        {
            "area": 47.0,
            "floor": 10,
            "is_repurchased": false,
            "lease_price_list": [
                {
                    "lease": "15",
                    "price": 40700
                },
                {
                    "lease": "20",
                    "price": 48800
                },
                {
                    "lease": "25",
                    "price": 55500
                },
                {
                    "lease": "30",
                    "price": 60900
                },
                {
                    "lease": "35",
                    "price": 65500
                },
                {
                    "lease": "40",
                    "price": 69500
                },
                {
                    "lease": "45",
                    "price": 72800
                },
                {
                    "lease": "99",
                    "price": 121400
                }
            ],
            "unit": 159
        }
    ],
    "block_code": {
        "block_num": "153",
        "contract": "C15",
        "neighbourhood": "N1"
    },
    "dpd_date": "30 Jun 2021",
    "flat_type": "2-Room Flexi (Short Lease/99-Year Lease)",
    "lcd_date": "-",
    "pcd_date": "2Q/2020",
    "quota_chinese": 7,
    "quota_malay": 7,
    "quota_other": 7,
    "street": "JLN TECK WHYE",
    "town": "Choa Chu Kang"
},
{
    "apartments": [
        {
            "area": 47.0,
            "floor": 5,
            "is_repurchased": false,
            "lease_price_list": [
                {
                    "lease": "15",
                    "price": 37600
                },
                {
                    "lease": "20",
                    "price": 44700
                },
                {
                    "lease": "25",
                    "price": 50600
                },
                {
                    "lease": "30",
                    "price": 55500
                },
                {
                    "lease": "35",
                    "price": 59600
                },
                {
                    "lease": "40",
                    "price": 63000
                },
                {
                    "lease": "45",
                    "price": 66000
                },
                {
                    "lease": "Remaining",
                    "price": 108700
                }
            ],
            "unit": 365
        }
    ],
    "block_code": {
        "block_num": "166B",
        "contract": "C12",
        "neighbourhood": "N1"
    },
    "dpd_date": "NA (Keys Available)",
    "flat_type": "2-Room Flexi (Short Lease/99-Year Lease)",
    "lcd_date": "01 Feb 2015",
    "pcd_date": "-",
    "quota_chinese": 1,
    "quota_malay": 1,
    "quota_other": 0,
    "street": "TECK WHYE CRES",
    "town": "Choa Chu Kang"
},
{
    "apartments": [
        {
            "area": 47.0,
            "floor": 7,
            "is_repurchased": false,
            "lease_price_list": [
                {
                    "lease": "15",
                    "price": 39700
                },
                {
                    "lease": "20",
                    "price": 47500
                },
                {
                    "lease": "25",
                    "price": 53900
                },
                {
                    "lease": "30",
                    "price": 59200
                },
                {
                    "lease": "35",
                    "price": 63700
                },
                {
                    "lease": "40",
                    "price": 67500
                },
                {
                    "lease": "45",
                    "price": 70700
                },
                {
                    "lease": "Remaining",
                    "price": 117800
                }
            ],
            "unit": 644
        }
    ],
    "block_code": {
        "block_num": "809B",
        "contract": "C4",
        "neighbourhood": "N8"
    },
    "dpd_date": "NA (Keys Available)",
    "flat_type": "2-Room Flexi (Short Lease/99-Year Lease)",
    "lcd_date": "01 Apr 2017",
    "pcd_date": "-",
    "quota_chinese": 1,
    "quota_malay": 1,
    "quota_other": 1,
    "street": "CHOA CHU KANG AVE 1",
    "town": "Choa Chu Kang"
}]
