[{
    "apartments": [
        {
            "area": 68.0,
            "floor": 16,
            "is_repurchased": false,
            "lease_price_list": [
                {
                    "lease": null,
                    "price": 203100
                }
            ],
            "unit": 353
        },
        {
            "area": 68.0,
            "floor": 21,
            "is_repurchased": false,
            "lease_price_list": [
                {
                    "lease": null,
                    "price": 216800
                }
            ],
            "unit": 355
        }
    ],
    "block_code": {
        "block_num": "166A",
        "contract": "C12",
        "neighbourhood": "N1"
    },
    "dpd_date": "NA (Keys Available)",
    "flat_type": "3-Room (income ceiling $6,000)",
    "lcd_date": "01 Feb 2015",
    "pcd_date": "-",
    "quota_chinese": 2,
    "quota_malay": 0,
    "quota_other": 0,
    "street": "TECK WHYE CRES",
    "town": "Choa Chu Kang"
},
{
    "apartments": [
        {
            "area": 68.0,
            "floor": 15,
            "is_repurchased": false,
            "lease_price_list": [
                {
                    "lease": null,
                    "price": 206500
                }
            ],
            "unit": 371
        }
    ],
    "block_code": {
        "block_num": "166B",
        "contract": "C12",
        "neighbourhood": "N1"
    },
    "dpd_date": "NA (Keys Available)",
    "flat_type": "3-Room (income ceiling $6,000)",
    "lcd_date": "01 Feb 2015",
    "pcd_date": "-",
    "quota_chinese": 1,
    "quota_malay": 0,
    "quota_other": 1,
    "street": "TECK WHYE CRES",
    "town": "Choa Chu Kang"
}]
