[{
    "apartments": [
        {
            "area": 104.0,
            "floor": 2,
            "is_repurchased": true,
            "lease_price_list": [
                {
                    "lease": null,
                    "price": 256000
                }
            ],
            "unit": 395
        }
    ],
    "block_code": {
        "block_num": "413",
        "contract": "C4",
        "neighbourhood": "N4"
    },
    "dpd_date": "NA (Keys Available)",
    "flat_type": "4-Room",
    "lcd_date": "28 Jun 1992",
    "pcd_date": "-",
    "quota_chinese": 1,
    "quota_malay": 1,
    "quota_other": 1,
    "street": "CHOA CHU KANG AVE 3",
    "town": "Choa Chu Kang"
},
{
    "apartments": [
        {
            "area": 104.0,
            "floor": 2,
            "is_repurchased": true,
            "lease_price_list": [
                {
                    "lease": null,
                    "price": 246000
                }
            ],
            "unit": 156
        }
    ],
    "block_code": {
        "block_num": "425",
        "contract": "C6",
        "neighbourhood": "N4"
    },
    "dpd_date": "NA (Keys Available)",
    "flat_type": "4-Room",
    "lcd_date": "28 Jun 1992",
    "pcd_date": "-",
    "quota_chinese": 1,
    "quota_malay": 1,
    "quota_other": 1,
    "street": "CHOA CHU KANG AVE 4",
    "town": "Choa Chu Kang"
},
{
    "apartments": [
        {
            "area": 93.0,
            "floor": 6,
            "is_repurchased": false,
            "lease_price_list": [
                {
                    "lease": null,
                    "price": 273200
                }
            ],
            "unit": 157
        }
    ],
    "block_code": {
        "block_num": "488C",
        "contract": "C15",
        "neighbourhood": "N4"
    },
    "dpd_date": "NA (Keys Available)",
    "flat_type": "4-Room",
    "lcd_date": "01 Jun 2016",
    "pcd_date": "-",
    "quota_chinese": 1,
    "quota_malay": 1,
    "quota_other": 0,
    "street": "CHOA CHU KANG AVE 5",
    "town": "Choa Chu Kang"
},
{
    "apartments": [
        {
            "area": 93.0,
            "floor": 3,
            "is_repurchased": false,
            "lease_price_list": [
                {
                    "lease": null,
                    "price": 255600
                }
            ],
            "unit": 215
        }
    ],
    "block_code": {
        "block_num": "489B",
        "contract": "C15",
        "neighbourhood": "N4"
    },
    "dpd_date": "NA (Keys Available)",
    "flat_type": "4-Room",
    "lcd_date": "01 Jun 2016",
    "pcd_date": "-",
    "quota_chinese": 1,
    "quota_malay": 1,
    "quota_other": 0,
    "street": "CHOA CHU KANG AVE 5",
    "town": "Choa Chu Kang"
},
{
    "apartments": [
        {
            "area": 93.0,
            "floor": 2,
            "is_repurchased": false,
            "lease_price_list": [
                {
                    "lease": null,
                    "price": 261400
                }
            ],
            "unit": 225
        }
    ],
    "block_code": {
        "block_num": "489C",
        "contract": "C15",
        "neighbourhood": "N4"
    },
    "dpd_date": "NA (Keys Available)",
    "flat_type": "4-Room",
    "lcd_date": "01 Jun 2016",
    "pcd_date": "-",
    "quota_chinese": 1,
    "quota_malay": 1,
    "quota_other": 0,
    "street": "CHOA CHU KANG AVE 5",
    "town": "Choa Chu Kang"
},
{
    "apartments": [
        {
            "area": 93.0,
            "floor": 2,
            "is_repurchased": false,
            "lease_price_list": [
                {
                    "lease": null,
                    "price": 256200
                }
            ],
            "unit": 277
        }
    ],
    "block_code": {
        "block_num": "490B",
        "contract": "C15",
        "neighbourhood": "N4"
    },
    "dpd_date": "NA (Keys Available)",
    "flat_type": "4-Room",
    "lcd_date": "01 Jun 2016",
    "pcd_date": "-",
    "quota_chinese": 1,
    "quota_malay": 1,
    "quota_other": 0,
    "street": "CHOA CHU KANG AVE 5",
    "town": "Choa Chu Kang"
},
{
    "apartments": [
        {
            "area": 93.0,
            "floor": 2,
            "is_repurchased": false,
            "lease_price_list": [
                {
                    "lease": null,
                    "price": 256200
                }
            ],
            "unit": 289
        }
    ],
    "block_code": {
        "block_num": "490C",
        "contract": "C15",
        "neighbourhood": "N4"
    },
    "dpd_date": "NA (Keys Available)",
    "flat_type": "4-Room",
    "lcd_date": "01 Jun 2016",
    "pcd_date": "-",
    "quota_chinese": 1,
    "quota_malay": 1,
    "quota_other": 0,
    "street": "CHOA CHU KANG AVE 5",
    "town": "Choa Chu Kang"
},
{
    "apartments": [
        {
            "area": 93.0,
            "floor": 4,
            "is_repurchased": false,
            "lease_price_list": [
                {
                    "lease": null,
                    "price": 270000
                }
            ],
            "unit": 299
        },
        {
            "area": 93.0,
            "floor": 2,
            "is_repurchased": false,
            "lease_price_list": [
                {
                    "lease": null,
                    "price": 261400
                }
            ],
            "unit": 301
        }
    ],
    "block_code": {
        "block_num": "490D",
        "contract": "C15",
        "neighbourhood": "N4"
    },
    "dpd_date": "NA (Keys Available)",
    "flat_type": "4-Room",
    "lcd_date": "01 Jun 2016",
    "pcd_date": "-",
    "quota_chinese": 2,
    "quota_malay": 1,
    "quota_other": 0,
    "street": "CHOA CHU KANG AVE 5",
    "town": "Choa Chu Kang"
},
{
    "apartments": [
        {
            "area": 102.0,
            "floor": 2,
            "is_repurchased": true,
            "lease_price_list": [
                {
                    "lease": null,
                    "price": 246000
                }
            ],
            "unit": 293
        }
    ],
    "block_code": {
        "block_num": "668",
        "contract": "C9",
        "neighbourhood": "N6"
    },
    "dpd_date": "NA (Keys Available)",
    "flat_type": "4-Room",
    "lcd_date": "01 Jun 1999",
    "pcd_date": "-",
    "quota_chinese": 1,
    "quota_malay": 1,
    "quota_other": 1,
    "street": "CHOA CHU KANG CRES",
    "town": "Choa Chu Kang"
},
{
    "apartments": [
        {
            "area": 90.0,
            "floor": 1,
            "is_repurchased": true,
            "lease_price_list": [
                {
                    "lease": null,
                    "price": 226000
                }
            ],
            "unit": 22
        }
    ],
    "block_code": {
        "block_num": "692B",
        "contract": "C16",
        "neighbourhood": "N6"
    },
    "dpd_date": "NA (Keys Available)",
    "flat_type": "4-Room",
    "lcd_date": "01 Feb 2003",
    "pcd_date": "-",
    "quota_chinese": 1,
    "quota_malay": 1,
    "quota_other": 1,
    "street": "CHOA CHU KANG CRES",
    "town": "Choa Chu Kang"
},
{
    "apartments": [
        {
            "area": 107.0,
            "floor": 5,
            "is_repurchased": true,
            "lease_price_list": [
                {
                    "lease": null,
                    "price": 251000
                }
            ],
            "unit": 116
        }
    ],
    "block_code": {
        "block_num": "707",
        "contract": "C5A",
        "neighbourhood": "N7"
    },
    "dpd_date": "NA (Keys Available)",
    "flat_type": "4-Room",
    "lcd_date": "01 May 1995",
    "pcd_date": "-",
    "quota_chinese": 1,
    "quota_malay": 1,
    "quota_other": 1,
    "street": "CHOA CHU KANG ST 53",
    "town": "Choa Chu Kang"
},
{
    "apartments": [
        {
            "area": 92.0,
            "floor": 11,
            "is_repurchased": false,
            "lease_price_list": [
                {
                    "lease": null,
                    "price": 275800
                }
            ],
            "unit": 7
        },
        {
            "area": 92.0,
            "floor": 2,
            "is_repurchased": false,
            "lease_price_list": [
                {
                    "lease": null,
                    "price": 247600
                }
            ],
            "unit": 9
        },
        {
            "area": 92.0,
            "floor": 9,
            "is_repurchased": false,
            "lease_price_list": [
                {
                    "lease": null,
                    "price": 278000
                }
            ],
            "unit": 9
        }
    ],
    "block_code": {
        "block_num": "801A",
        "contract": "C1",
        "neighbourhood": "N8"
    },
    "dpd_date": "NA (Keys Available)",
    "flat_type": "4-Room",
    "lcd_date": "01 Feb 2018",
    "pcd_date": "-",
    "quota_chinese": 3,
    "quota_malay": 2,
    "quota_other": 0,
    "street": "KEAT HONG CL",
    "town": "Choa Chu Kang"
},
{
    "apartments": [
        {
            "area": 92.0,
            "floor": 12,
            "is_repurchased": false,
            "lease_price_list": [
                {
                    "lease": null,
                    "price": 282200
                }
            ],
            "unit": 17
        },
        {
            "area": 92.0,
            "floor": 13,
            "is_repurchased": false,
            "lease_price_list": [
                {
                    "lease": null,
                    "price": 282200
                }
            ],
            "unit": 17
        },
        {
            "area": 92.0,
            "floor": 2,
            "is_repurchased": false,
            "lease_price_list": [
                {
                    "lease": null,
                    "price": 247600
                }
            ],
            "unit": 19
        }
    ],
    "block_code": {
        "block_num": "801B",
        "contract": "C1",
        "neighbourhood": "N8"
    },
    "dpd_date": "NA (Keys Available)",
    "flat_type": "4-Room",
    "lcd_date": "01 Feb 2018",
    "pcd_date": "-",
    "quota_chinese": 3,
    "quota_malay": 2,
    "quota_other": 0,
    "street": "KEAT HONG CL",
    "town": "Choa Chu Kang"
},
{
    "apartments": [
        {
            "area": 92.0,
            "floor": 2,
            "is_repurchased": false,
            "lease_price_list": [
                {
                    "lease": null,
                    "price": 247600
                }
            ],
            "unit": 37
        },
        {
            "area": 92.0,
            "floor": 2,
            "is_repurchased": false,
            "lease_price_list": [
                {
                    "lease": null,
                    "price": 247600
                }
            ],
            "unit": 39
        },
        {
            "area": 92.0,
            "floor": 2,
            "is_repurchased": false,
            "lease_price_list": [
                {
                    "lease": null,
                    "price": 247600
                }
            ],
            "unit": 41
        },
        {
            "area": 92.0,
            "floor": 3,
            "is_repurchased": false,
            "lease_price_list": [
                {
                    "lease": null,
                    "price": 252100
                }
            ],
            "unit": 41
        },
        {
            "area": 92.0,
            "floor": 4,
            "is_repurchased": false,
            "lease_price_list": [
                {
                    "lease": null,
                    "price": 256600
                }
            ],
            "unit": 41
        },
        {
            "area": 92.0,
            "floor": 3,
            "is_repurchased": false,
            "lease_price_list": [
                {
                    "lease": null,
                    "price": 247400
                }
            ],
            "unit": 43
        },
        {
            "area": 92.0,
            "floor": 2,
            "is_repurchased": false,
            "lease_price_list": [
                {
                    "lease": null,
                    "price": 247600
                }
            ],
            "unit": 45
        },
        {
            "area": 92.0,
            "floor": 10,
            "is_repurchased": false,
            "lease_price_list": [
                {
                    "lease": null,
                    "price": 274400
                }
            ],
            "unit": 45
        },
        {
            "area": 92.0,
            "floor": 12,
            "is_repurchased": false,
            "lease_price_list": [
                {
                    "lease": null,
                    "price": 282200
                }
            ],
            "unit": 45
        },
        {
            "area": 92.0,
            "floor": 2,
            "is_repurchased": false,
            "lease_price_list": [
                {
                    "lease": null,
                    "price": 247600
                }
            ],
            "unit": 47
        },
        {
            "area": 92.0,
            "floor": 3,
            "is_repurchased": false,
            "lease_price_list": [
                {
                    "lease": null,
                    "price": 252100
                }
            ],
            "unit": 47
        }
    ],
    "block_code": {
        "block_num": "801C",
        "contract": "C1",
        "neighbourhood": "N8"
    },
    "dpd_date": "NA (Keys Available)",
    "flat_type": "4-Room",
    "lcd_date": "01 Feb 2018",
    "pcd_date": "-",
    "quota_chinese": 11,
    "quota_malay": 8,
    "quota_other": 1,
    "street": "KEAT HONG CL",
    "town": "Choa Chu Kang"
},
{
    "apartments": [
        {
            "area": 92.0,
            "floor": 3,
            "is_repurchased": false,
            "lease_price_list": [
                {
                    "lease": null,
                    "price": 242700
                }
            ],
            "unit": 53
        },
        {
            "area": 92.0,
            "floor": 4,
            "is_repurchased": false,
            "lease_price_list": [
                {
                    "lease": null,
                    "price": 247200
                }
            ],
            "unit": 53
        }
    ],
    "block_code": {
        "block_num": "801D",
        "contract": "C1",
        "neighbourhood": "N8"
    },
    "dpd_date": "NA (Keys Available)",
    "flat_type": "4-Room",
    "lcd_date": "01 Feb 2018",
    "pcd_date": "-",
    "quota_chinese": 2,
    "quota_malay": 1,
    "quota_other": 0,
    "street": "KEAT HONG CL",
    "town": "Choa Chu Kang"
},
{
    "apartments": [
        {
            "area": 92.0,
            "floor": 6,
            "is_repurchased": false,
            "lease_price_list": [
                {
                    "lease": null,
                    "price": 274300
                }
            ],
            "unit": 93
        },
        {
            "area": 92.0,
            "floor": 13,
            "is_repurchased": false,
            "lease_price_list": [
                {
                    "lease": null,
                    "price": 288300
                }
            ],
            "unit": 93
        },
        {
            "area": 92.0,
            "floor": 2,
            "is_repurchased": false,
            "lease_price_list": [
                {
                    "lease": null,
                    "price": 252300
                }
            ],
            "unit": 95
        },
        {
            "area": 92.0,
            "floor": 3,
            "is_repurchased": false,
            "lease_price_list": [
                {
                    "lease": null,
                    "price": 252100
                }
            ],
            "unit": 107
        },
        {
            "area": 92.0,
            "floor": 4,
            "is_repurchased": false,
            "lease_price_list": [
                {
                    "lease": null,
                    "price": 256600
                }
            ],
            "unit": 107
        },
        {
            "area": 92.0,
            "floor": 5,
            "is_repurchased": false,
            "lease_price_list": [
                {
                    "lease": null,
                    "price": 261100
                }
            ],
            "unit": 107
        },
        {
            "area": 92.0,
            "floor": 6,
            "is_repurchased": false,
            "lease_price_list": [
                {
                    "lease": null,
                    "price": 264600
                }
            ],
            "unit": 107
        },
        {
            "area": 92.0,
            "floor": 9,
            "is_repurchased": false,
            "lease_price_list": [
                {
                    "lease": null,
                    "price": 278000
                }
            ],
            "unit": 107
        }
    ],
    "block_code": {
        "block_num": "802A",
        "contract": "C1",
        "neighbourhood": "N8"
    },
    "dpd_date": "NA (Keys Available)",
    "flat_type": "4-Room",
    "lcd_date": "01 Feb 2018",
    "pcd_date": "-",
    "quota_chinese": 8,
    "quota_malay": 1,
    "quota_other": 1,
    "street": "KEAT HONG CL",
    "town": "Choa Chu Kang"
},
{
    "apartments": [
        {
            "area": 92.0,
            "floor": 2,
            "is_repurchased": false,
            "lease_price_list": [
                {
                    "lease": null,
                    "price": 247600
                }
            ],
            "unit": 85
        },
        {
            "area": 92.0,
            "floor": 3,
            "is_repurchased": false,
            "lease_price_list": [
                {
                    "lease": null,
                    "price": 252100
                }
            ],
            "unit": 85
        },
        {
            "area": 92.0,
            "floor": 2,
            "is_repurchased": false,
            "lease_price_list": [
                {
                    "lease": null,
                    "price": 247600
                }
            ],
            "unit": 87
        },
        {
            "area": 92.0,
            "floor": 3,
            "is_repurchased": false,
            "lease_price_list": [
                {
                    "lease": null,
                    "price": 252100
                }
            ],
            "unit": 87
        }
    ],
    "block_code": {
        "block_num": "802B",
        "contract": "C1",
        "neighbourhood": "N8"
    },
    "dpd_date": "NA (Keys Available)",
    "flat_type": "4-Room",
    "lcd_date": "01 Feb 2018",
    "pcd_date": "-",
    "quota_chinese": 4,
    "quota_malay": 3,
    "quota_other": 0,
    "street": "KEAT HONG CL",
    "town": "Choa Chu Kang"
},
{
    "apartments": [
        {
            "area": 92.0,
            "floor": 4,
            "is_repurchased": false,
            "lease_price_list": [
                {
                    "lease": null,
                    "price": 256600
                }
            ],
            "unit": 61
        },
        {
            "area": 92.0,
            "floor": 3,
            "is_repurchased": false,
            "lease_price_list": [
                {
                    "lease": null,
                    "price": 247400
                }
            ],
            "unit": 63
        },
        {
            "area": 92.0,
            "floor": 4,
            "is_repurchased": false,
            "lease_price_list": [
                {
                    "lease": null,
                    "price": 251900
                }
            ],
            "unit": 63
        },
        {
            "area": 92.0,
            "floor": 8,
            "is_repurchased": false,
            "lease_price_list": [
                {
                    "lease": null,
                    "price": 276600
                }
            ],
            "unit": 63
        },
        {
            "area": 92.0,
            "floor": 2,
            "is_repurchased": false,
            "lease_price_list": [
                {
                    "lease": null,
                    "price": 242900
                }
            ],
            "unit": 65
        },
        {
            "area": 92.0,
            "floor": 6,
            "is_repurchased": false,
            "lease_price_list": [
                {
                    "lease": null,
                    "price": 264600
                }
            ],
            "unit": 65
        },
        {
            "area": 92.0,
            "floor": 2,
            "is_repurchased": false,
            "lease_price_list": [
                {
                    "lease": null,
                    "price": 247600
                }
            ],
            "unit": 67
        },
        {
            "area": 92.0,
            "floor": 3,
            "is_repurchased": false,
            "lease_price_list": [
                {
                    "lease": null,
                    "price": 252100
                }
            ],
            "unit": 67
        },
        {
            "area": 92.0,
            "floor": 12,
            "is_repurchased": false,
            "lease_price_list": [
                {
                    "lease": null,
                    "price": 282200
                }
            ],
            "unit": 67
        },
        {
            "area": 92.0,
            "floor": 3,
            "is_repurchased": false,
            "lease_price_list": [
                {
                    "lease": null,
                    "price": 252100
                }
            ],
            "unit": 73
        },
        {
            "area": 92.0,
            "floor": 5,
            "is_repurchased": false,
            "lease_price_list": [
                {
                    "lease": null,
                    "price": 261100
                }
            ],
            "unit": 73
        },
        {
            "area": 92.0,
            "floor": 12,
            "is_repurchased": false,
            "lease_price_list": [
                {
                    "lease": null,
                    "price": 277200
                }
            ],
            "unit": 73
        },
        {
            "area": 92.0,
            "floor": 2,
            "is_repurchased": false,
            "lease_price_list": [
                {
                    "lease": null,
                    "price": 242900
                }
            ],
            "unit": 75
        }
    ],
    "block_code": {
        "block_num": "802C",
        "contract": "C1",
        "neighbourhood": "N8"
    },
    "dpd_date": "NA (Keys Available)",
    "flat_type": "4-Room",
    "lcd_date": "01 Feb 2018",
    "pcd_date": "-",
    "quota_chinese": 13,
    "quota_malay": 7,
    "quota_other": 1,
    "street": "KEAT HONG CL",
    "town": "Choa Chu Kang"
},
{
    "apartments": [
        {
            "area": 93.0,
            "floor": 3,
            "is_repurchased": false,
            "lease_price_list": [
                {
                    "lease": null,
                    "price": 246500
                }
            ],
            "unit": 146
        },
        {
            "area": 93.0,
            "floor": 3,
            "is_repurchased": false,
            "lease_price_list": [
                {
                    "lease": null,
                    "price": 246500
                }
            ],
            "unit": 148
        },
        {
            "area": 93.0,
            "floor": 2,
            "is_repurchased": false,
            "lease_price_list": [
                {
                    "lease": null,
                    "price": 246500
                }
            ],
            "unit": 152
        }
    ],
    "block_code": {
        "block_num": "803A",
        "contract": "C2",
        "neighbourhood": "N8"
    },
    "dpd_date": "NA (Keys Available)",
    "flat_type": "4-Room",
    "lcd_date": "01 May 2017",
    "pcd_date": "-",
    "quota_chinese": 3,
    "quota_malay": 3,
    "quota_other": 0,
    "street": "KEAT HONG CL",
    "town": "Choa Chu Kang"
},
{
    "apartments": [
        {
            "area": 93.0,
            "floor": 3,
            "is_repurchased": false,
            "lease_price_list": [
                {
                    "lease": null,
                    "price": 246500
                }
            ],
            "unit": 124
        },
        {
            "area": 93.0,
            "floor": 7,
            "is_repurchased": false,
            "lease_price_list": [
                {
                    "lease": null,
                    "price": 276300
                }
            ],
            "unit": 128
        },
        {
            "area": 93.0,
            "floor": 3,
            "is_repurchased": false,
            "lease_price_list": [
                {
                    "lease": null,
                    "price": 255500
                }
            ],
            "unit": 134
        },
        {
            "area": 93.0,
            "floor": 12,
            "is_repurchased": false,
            "lease_price_list": [
                {
                    "lease": null,
                    "price": 280600
                }
            ],
            "unit": 136
        },
        {
            "area": 93.0,
            "floor": 2,
            "is_repurchased": false,
            "lease_price_list": [
                {
                    "lease": null,
                    "price": 233200
                }
            ],
            "unit": 138
        },
        {
            "area": 93.0,
            "floor": 15,
            "is_repurchased": false,
            "lease_price_list": [
                {
                    "lease": null,
                    "price": 283400
                }
            ],
            "unit": 138
        }
    ],
    "block_code": {
        "block_num": "803B",
        "contract": "C2",
        "neighbourhood": "N8"
    },
    "dpd_date": "NA (Keys Available)",
    "flat_type": "4-Room",
    "lcd_date": "01 May 2017",
    "pcd_date": "-",
    "quota_chinese": 6,
    "quota_malay": 6,
    "quota_other": 0,
    "street": "KEAT HONG CL",
    "town": "Choa Chu Kang"
},
{
    "apartments": [
        {
            "area": 93.0,
            "floor": 4,
            "is_repurchased": false,
            "lease_price_list": [
                {
                    "lease": null,
                    "price": 255600
                }
            ],
            "unit": 112
        },
        {
            "area": 93.0,
            "floor": 4,
            "is_repurchased": false,
            "lease_price_list": [
                {
                    "lease": null,
                    "price": 260100
                }
            ],
            "unit": 114
        },
        {
            "area": 93.0,
            "floor": 5,
            "is_repurchased": false,
            "lease_price_list": [
                {
                    "lease": null,
                    "price": 266900
                }
            ],
            "unit": 114
        }
    ],
    "block_code": {
        "block_num": "803C",
        "contract": "C2",
        "neighbourhood": "N8"
    },
    "dpd_date": "NA (Keys Available)",
    "flat_type": "4-Room",
    "lcd_date": "01 May 2017",
    "pcd_date": "-",
    "quota_chinese": 3,
    "quota_malay": 2,
    "quota_other": 0,
    "street": "KEAT HONG CL",
    "town": "Choa Chu Kang"
},
{
    "apartments": [
        {
            "area": 93.0,
            "floor": 2,
            "is_repurchased": false,
            "lease_price_list": [
                {
                    "lease": null,
                    "price": 246600
                }
            ],
            "unit": 102
        },
        {
            "area": 93.0,
            "floor": 3,
            "is_repurchased": false,
            "lease_price_list": [
                {
                    "lease": null,
                    "price": 255600
                }
            ],
            "unit": 102
        },
        {
            "area": 93.0,
            "floor": 4,
            "is_repurchased": false,
            "lease_price_list": [
                {
                    "lease": null,
                    "price": 260100
                }
            ],
            "unit": 102
        },
        {
            "area": 93.0,
            "floor": 13,
            "is_repurchased": false,
            "lease_price_list": [
                {
                    "lease": null,
                    "price": 282100
                }
            ],
            "unit": 102
        }
    ],
    "block_code": {
        "block_num": "803D",
        "contract": "C2",
        "neighbourhood": "N8"
    },
    "dpd_date": "NA (Keys Available)",
    "flat_type": "4-Room",
    "lcd_date": "01 May 2017",
    "pcd_date": "-",
    "quota_chinese": 4,
    "quota_malay": 2,
    "quota_other": 0,
    "street": "KEAT HONG CL",
    "town": "Choa Chu Kang"
},
{
    "apartments": [
        {
            "area": 93.0,
            "floor": 9,
            "is_repurchased": false,
            "lease_price_list": [
                {
                    "lease": null,
                    "price": 271900
                }
            ],
            "unit": 2
        },
        {
            "area": 93.0,
            "floor": 4,
            "is_repurchased": false,
            "lease_price_list": [
                {
                    "lease": null,
                    "price": 260300
                }
            ],
            "unit": 4
        },
        {
            "area": 93.0,
            "floor": 2,
            "is_repurchased": false,
            "lease_price_list": [
                {
                    "lease": null,
                    "price": 246500
                }
            ],
            "unit": 6
        },
        {
            "area": 93.0,
            "floor": 3,
            "is_repurchased": false,
            "lease_price_list": [
                {
                    "lease": null,
                    "price": 246500
                }
            ],
            "unit": 16
        }
    ],
    "block_code": {
        "block_num": "804A",
        "contract": "C2",
        "neighbourhood": "N8"
    },
    "dpd_date": "NA (Keys Available)",
    "flat_type": "4-Room",
    "lcd_date": "01 May 2017",
    "pcd_date": "-",
    "quota_chinese": 4,
    "quota_malay": 4,
    "quota_other": 1,
    "street": "KEAT HONG CL",
    "town": "Choa Chu Kang"
},
{
    "apartments": [
        {
            "area": 93.0,
            "floor": 5,
            "is_repurchased": false,
            "lease_price_list": [
                {
                    "lease": null,
                    "price": 260300
                }
            ],
            "unit": 22
        },
        {
            "area": 93.0,
            "floor": 13,
            "is_repurchased": false,
            "lease_price_list": [
                {
                    "lease": null,
                    "price": 273000
                }
            ],
            "unit": 24
        }
    ],
    "block_code": {
        "block_num": "804B",
        "contract": "C2",
        "neighbourhood": "N8"
    },
    "dpd_date": "NA (Keys Available)",
    "flat_type": "4-Room",
    "lcd_date": "01 May 2017",
    "pcd_date": "-",
    "quota_chinese": 2,
    "quota_malay": 1,
    "quota_other": 0,
    "street": "KEAT HONG CL",
    "town": "Choa Chu Kang"
},
{
    "apartments": [
        {
            "area": 93.0,
            "floor": 3,
            "is_repurchased": false,
            "lease_price_list": [
                {
                    "lease": null,
                    "price": 242000
                }
            ],
            "unit": 38
        },
        {
            "area": 93.0,
            "floor": 4,
            "is_repurchased": false,
            "lease_price_list": [
                {
                    "lease": null,
                    "price": 255600
                }
            ],
            "unit": 38
        },
        {
            "area": 93.0,
            "floor": 4,
            "is_repurchased": false,
            "lease_price_list": [
                {
                    "lease": null,
                    "price": 251100
                }
            ],
            "unit": 40
        },
        {
            "area": 93.0,
            "floor": 2,
            "is_repurchased": false,
            "lease_price_list": [
                {
                    "lease": null,
                    "price": 246600
                }
            ],
            "unit": 44
        },
        {
            "area": 93.0,
            "floor": 12,
            "is_repurchased": false,
            "lease_price_list": [
                {
                    "lease": null,
                    "price": 281000
                }
            ],
            "unit": 46
        }
    ],
    "block_code": {
        "block_num": "805A",
        "contract": "C2",
        "neighbourhood": "N8"
    },
    "dpd_date": "NA (Keys Available)",
    "flat_type": "4-Room",
    "lcd_date": "01 May 2017",
    "pcd_date": "-",
    "quota_chinese": 5,
    "quota_malay": 5,
    "quota_other": 0,
    "street": "KEAT HONG CL",
    "town": "Choa Chu Kang"
},
{
    "apartments": [
        {
            "area": 93.0,
            "floor": 2,
            "is_repurchased": false,
            "lease_price_list": [
                {
                    "lease": null,
                    "price": 246600
                }
            ],
            "unit": 54
        },
        {
            "area": 93.0,
            "floor": 3,
            "is_repurchased": false,
            "lease_price_list": [
                {
                    "lease": null,
                    "price": 251100
                }
            ],
            "unit": 54
        },
        {
            "area": 93.0,
            "floor": 16,
            "is_repurchased": false,
            "lease_price_list": [
                {
                    "lease": null,
                    "price": 285200
                }
            ],
            "unit": 54
        },
        {
            "area": 93.0,
            "floor": 3,
            "is_repurchased": false,
            "lease_price_list": [
                {
                    "lease": null,
                    "price": 237500
                }
            ],
            "unit": 58
        },
        {
            "area": 93.0,
            "floor": 3,
            "is_repurchased": false,
            "lease_price_list": [
                {
                    "lease": null,
                    "price": 242000
                }
            ],
            "unit": 60
        },
        {
            "area": 93.0,
            "floor": 4,
            "is_repurchased": false,
            "lease_price_list": [
                {
                    "lease": null,
                    "price": 255600
                }
            ],
            "unit": 60
        }
    ],
    "block_code": {
        "block_num": "805B",
        "contract": "C2",
        "neighbourhood": "N8"
    },
    "dpd_date": "NA (Keys Available)",
    "flat_type": "4-Room",
    "lcd_date": "01 May 2017",
    "pcd_date": "-",
    "quota_chinese": 6,
    "quota_malay": 6,
    "quota_other": 0,
    "street": "KEAT HONG CL",
    "town": "Choa Chu Kang"
},
{
    "apartments": [
        {
            "area": 93.0,
            "floor": 5,
            "is_repurchased": false,
            "lease_price_list": [
                {
                    "lease": null,
                    "price": 260000
                }
            ],
            "unit": 62
        },
        {
            "area": 93.0,
            "floor": 2,
            "is_repurchased": false,
            "lease_price_list": [
                {
                    "lease": null,
                    "price": 237500
                }
            ],
            "unit": 64
        },
        {
            "area": 93.0,
            "floor": 2,
            "is_repurchased": false,
            "lease_price_list": [
                {
                    "lease": null,
                    "price": 242000
                }
            ],
            "unit": 66
        },
        {
            "area": 93.0,
            "floor": 4,
            "is_repurchased": false,
            "lease_price_list": [
                {
                    "lease": null,
                    "price": 251000
                }
            ],
            "unit": 66
        },
        {
            "area": 93.0,
            "floor": 5,
            "is_repurchased": false,
            "lease_price_list": [
                {
                    "lease": null,
                    "price": 260300
                }
            ],
            "unit": 66
        },
        {
            "area": 93.0,
            "floor": 12,
            "is_repurchased": false,
            "lease_price_list": [
                {
                    "lease": null,
                    "price": 276400
                }
            ],
            "unit": 66
        },
        {
            "area": 93.0,
            "floor": 13,
            "is_repurchased": false,
            "lease_price_list": [
                {
                    "lease": null,
                    "price": 273000
                }
            ],
            "unit": 66
        }
    ],
    "block_code": {
        "block_num": "805C",
        "contract": "C2",
        "neighbourhood": "N8"
    },
    "dpd_date": "NA (Keys Available)",
    "flat_type": "4-Room",
    "lcd_date": "01 May 2017",
    "pcd_date": "-",
    "quota_chinese": 7,
    "quota_malay": 1,
    "quota_other": 2,
    "street": "KEAT HONG CL",
    "town": "Choa Chu Kang"
},
{
    "apartments": [
        {
            "area": 93.0,
            "floor": 2,
            "is_repurchased": false,
            "lease_price_list": [
                {
                    "lease": null,
                    "price": 242000
                }
            ],
            "unit": 92
        },
        {
            "area": 93.0,
            "floor": 5,
            "is_repurchased": false,
            "lease_price_list": [
                {
                    "lease": null,
                    "price": 255500
                }
            ],
            "unit": 94
        },
        {
            "area": 93.0,
            "floor": 3,
            "is_repurchased": false,
            "lease_price_list": [
                {
                    "lease": null,
                    "price": 237500
                }
            ],
            "unit": 96
        },
        {
            "area": 93.0,
            "floor": 4,
            "is_repurchased": false,
            "lease_price_list": [
                {
                    "lease": null,
                    "price": 246500
                }
            ],
            "unit": 96
        },
        {
            "area": 93.0,
            "floor": 8,
            "is_repurchased": false,
            "lease_price_list": [
                {
                    "lease": null,
                    "price": 275300
                }
            ],
            "unit": 96
        },
        {
            "area": 93.0,
            "floor": 19,
            "is_repurchased": false,
            "lease_price_list": [
                {
                    "lease": null,
                    "price": 284500
                }
            ],
            "unit": 96
        }
    ],
    "block_code": {
        "block_num": "805D",
        "contract": "C2",
        "neighbourhood": "N8"
    },
    "dpd_date": "NA (Keys Available)",
    "flat_type": "4-Room",
    "lcd_date": "01 May 2017",
    "pcd_date": "-",
    "quota_chinese": 6,
    "quota_malay": 1,
    "quota_other": 0,
    "street": "KEAT HONG CL",
    "town": "Choa Chu Kang"
},
{
    "apartments": [
        {
            "area": 92.0,
            "floor": 2,
            "is_repurchased": false,
            "lease_price_list": [
                {
                    "lease": null,
                    "price": 252000
                }
            ],
            "unit": 596
        },
        {
            "area": 92.0,
            "floor": 7,
            "is_repurchased": false,
            "lease_price_list": [
                {
                    "lease": null,
                    "price": 282200
                }
            ],
            "unit": 596
        },
        {
            "area": 92.0,
            "floor": 12,
            "is_repurchased": false,
            "lease_price_list": [
                {
                    "lease": null,
                    "price": 296000
                }
            ],
            "unit": 598
        },
        {
            "area": 92.0,
            "floor": 13,
            "is_repurchased": false,
            "lease_price_list": [
                {
                    "lease": null,
                    "price": 297400
                }
            ],
            "unit": 600
        }
    ],
    "block_code": {
        "block_num": "808C",
        "contract": "C4",
        "neighbourhood": "N8"
    },
    "dpd_date": "NA (Keys Available)",
    "flat_type": "4-Room",
    "lcd_date": "01 Apr 2017",
    "pcd_date": "-",
    "quota_chinese": 4,
    "quota_malay": 2,
    "quota_other": 1,
    "street": "CHOA CHU KANG AVE 1",
    "town": "Choa Chu Kang"
},
{
    "apartments": [
        {
            "area": 92.0,
            "floor": 2,
            "is_repurchased": false,
            "lease_price_list": [
                {
                    "lease": null,
                    "price": 259100
                }
            ],
            "unit": 602
        },
        {
            "area": 92.0,
            "floor": 14,
            "is_repurchased": false,
            "lease_price_list": [
                {
                    "lease": null,
                    "price": 298800
                }
            ],
            "unit": 602
        },
        {
            "area": 92.0,
            "floor": 4,
            "is_repurchased": false,
            "lease_price_list": [
                {
                    "lease": null,
                    "price": 270700
                }
            ],
            "unit": 604
        },
        {
            "area": 92.0,
            "floor": 16,
            "is_repurchased": false,
            "lease_price_list": [
                {
                    "lease": null,
                    "price": 290500
                }
            ],
            "unit": 606
        },
        {
            "area": 92.0,
            "floor": 2,
            "is_repurchased": false,
            "lease_price_list": [
                {
                    "lease": null,
                    "price": 256700
                }
            ],
            "unit": 608
        }
    ],
    "block_code": {
        "block_num": "808D",
        "contract": "C4",
        "neighbourhood": "N8"
    },
    "dpd_date": "NA (Keys Available)",
    "flat_type": "4-Room",
    "lcd_date": "01 Apr 2017",
    "pcd_date": "-",
    "quota_chinese": 5,
    "quota_malay": 5,
    "quota_other": 1,
    "street": "CHOA CHU KANG AVE 1",
    "town": "Choa Chu Kang"
},
{
    "apartments": [
        {
            "area": 92.0,
            "floor": 6,
            "is_repurchased": false,
            "lease_price_list": [
                {
                    "lease": null,
                    "price": 274000
                }
            ],
            "unit": 628
        },
        {
            "area": 92.0,
            "floor": 9,
            "is_repurchased": false,
            "lease_price_list": [
                {
                    "lease": null,
                    "price": 277400
                }
            ],
            "unit": 628
        }
    ],
    "block_code": {
        "block_num": "809A",
        "contract": "C4",
        "neighbourhood": "N8"
    },
    "dpd_date": "NA (Keys Available)",
    "flat_type": "4-Room",
    "lcd_date": "01 Apr 2017",
    "pcd_date": "-",
    "quota_chinese": 2,
    "quota_malay": 1,
    "quota_other": 1,
    "street": "CHOA CHU KANG AVE 1",
    "town": "Choa Chu Kang"
},
{
    "apartments": [
        {
            "area": 92.0,
            "floor": 6,
            "is_repurchased": false,
            "lease_price_list": [
                {
                    "lease": null,
                    "price": 269000
                }
            ],
            "unit": 636
        }
    ],
    "block_code": {
        "block_num": "809B",
        "contract": "C4",
        "neighbourhood": "N8"
    },
    "dpd_date": "NA (Keys Available)",
    "flat_type": "4-Room",
    "lcd_date": "01 Apr 2017",
    "pcd_date": "-",
    "quota_chinese": 1,
    "quota_malay": 1,
    "quota_other": 1,
    "street": "CHOA CHU KANG AVE 1",
    "town": "Choa Chu Kang"
},
{
    "apartments": [
        {
            "area": 93.0,
            "floor": 17,
            "is_repurchased": false,
            "lease_price_list": [
                {
                    "lease": null,
                    "price": 293100
                }
            ],
            "unit": 503
        },
        {
            "area": 93.0,
            "floor": 6,
            "is_repurchased": false,
            "lease_price_list": [
                {
                    "lease": null,
                    "price": 249800
                }
            ],
            "unit": 509
        }
    ],
    "block_code": {
        "block_num": "810A",
        "contract": "C6",
        "neighbourhood": "N8"
    },
    "dpd_date": "NA (Keys Available)",
    "flat_type": "4-Room",
    "lcd_date": "01 Nov 2017",
    "pcd_date": "-",
    "quota_chinese": 2,
    "quota_malay": 2,
    "quota_other": 1,
    "street": "CHOA CHU KANG AVE 7",
    "town": "Choa Chu Kang"
},
{
    "apartments": [
        {
            "area": 93.0,
            "floor": 17,
            "is_repurchased": false,
            "lease_price_list": [
                {
                    "lease": null,
                    "price": 293100
                }
            ],
            "unit": 521
        },
        {
            "area": 93.0,
            "floor": 12,
            "is_repurchased": false,
            "lease_price_list": [
                {
                    "lease": null,
                    "price": 281400
                }
            ],
            "unit": 525
        },
        {
            "area": 93.0,
            "floor": 15,
            "is_repurchased": false,
            "lease_price_list": [
                {
                    "lease": null,
                    "price": 285600
                }
            ],
            "unit": 525
        }
    ],
    "block_code": {
        "block_num": "810B",
        "contract": "C6",
        "neighbourhood": "N8"
    },
    "dpd_date": "NA (Keys Available)",
    "flat_type": "4-Room",
    "lcd_date": "01 Nov 2017",
    "pcd_date": "-",
    "quota_chinese": 3,
    "quota_malay": 1,
    "quota_other": 1,
    "street": "CHOA CHU KANG AVE 7",
    "town": "Choa Chu Kang"
},
{
    "apartments": [
        {
            "area": 93.0,
            "floor": 2,
            "is_repurchased": false,
            "lease_price_list": [
                {
                    "lease": null,
                    "price": 251500
                }
            ],
            "unit": 657
        },
        {
            "area": 93.0,
            "floor": 7,
            "is_repurchased": false,
            "lease_price_list": [
                {
                    "lease": null,
                    "price": 277000
                }
            ],
            "unit": 657
        },
        {
            "area": 93.0,
            "floor": 4,
            "is_repurchased": false,
            "lease_price_list": [
                {
                    "lease": null,
                    "price": 260800
                }
            ],
            "unit": 661
        },
        {
            "area": 93.0,
            "floor": 6,
            "is_repurchased": false,
            "lease_price_list": [
                {
                    "lease": null,
                    "price": 263800
                }
            ],
            "unit": 661
        },
        {
            "area": 93.0,
            "floor": 2,
            "is_repurchased": false,
            "lease_price_list": [
                {
                    "lease": null,
                    "price": 246800
                }
            ],
            "unit": 663
        },
        {
            "area": 93.0,
            "floor": 5,
            "is_repurchased": false,
            "lease_price_list": [
                {
                    "lease": null,
                    "price": 260300
                }
            ],
            "unit": 663
        },
        {
            "area": 93.0,
            "floor": 6,
            "is_repurchased": false,
            "lease_price_list": [
                {
                    "lease": null,
                    "price": 263800
                }
            ],
            "unit": 663
        }
    ],
    "block_code": {
        "block_num": "811A",
        "contract": "C6",
        "neighbourhood": "N8"
    },
    "dpd_date": "NA (Keys Available)",
    "flat_type": "4-Room",
    "lcd_date": "01 Nov 2017",
    "pcd_date": "-",
    "quota_chinese": 7,
    "quota_malay": 5,
    "quota_other": 1,
    "street": "CHOA CHU KANG AVE 7",
    "town": "Choa Chu Kang"
},
{
    "apartments": [
        {
            "area": 93.0,
            "floor": 3,
            "is_repurchased": false,
            "lease_price_list": [
                {
                    "lease": null,
                    "price": 251300
                }
            ],
            "unit": 609
        },
        {
            "area": 93.0,
            "floor": 4,
            "is_repurchased": false,
            "lease_price_list": [
                {
                    "lease": null,
                    "price": 251100
                }
            ],
            "unit": 611
        },
        {
            "area": 93.0,
            "floor": 2,
            "is_repurchased": false,
            "lease_price_list": [
                {
                    "lease": null,
                    "price": 246800
                }
            ],
            "unit": 615
        },
        {
            "area": 93.0,
            "floor": 3,
            "is_repurchased": false,
            "lease_price_list": [
                {
                    "lease": null,
                    "price": 251300
                }
            ],
            "unit": 615
        },
        {
            "area": 93.0,
            "floor": 4,
            "is_repurchased": false,
            "lease_price_list": [
                {
                    "lease": null,
                    "price": 255800
                }
            ],
            "unit": 615
        }
    ],
    "block_code": {
        "block_num": "811B",
        "contract": "C6",
        "neighbourhood": "N8"
    },
    "dpd_date": "NA (Keys Available)",
    "flat_type": "4-Room",
    "lcd_date": "01 Nov 2017",
    "pcd_date": "-",
    "quota_chinese": 5,
    "quota_malay": 5,
    "quota_other": 0,
    "street": "CHOA CHU KANG AVE 7",
    "town": "Choa Chu Kang"
},
{
    "apartments": [
        {
            "area": 93.0,
            "floor": 3,
            "is_repurchased": false,
            "lease_price_list": [
                {
                    "lease": null,
                    "price": 256300
                }
            ],
            "unit": 667
        },
        {
            "area": 93.0,
            "floor": 2,
            "is_repurchased": false,
            "lease_price_list": [
                {
                    "lease": null,
                    "price": 246800
                }
            ],
            "unit": 671
        },
        {
            "area": 93.0,
            "floor": 3,
            "is_repurchased": false,
            "lease_price_list": [
                {
                    "lease": null,
                    "price": 251300
                }
            ],
            "unit": 671
        },
        {
            "area": 93.0,
            "floor": 7,
            "is_repurchased": false,
            "lease_price_list": [
                {
                    "lease": null,
                    "price": 272300
                }
            ],
            "unit": 671
        },
        {
            "area": 93.0,
            "floor": 10,
            "is_repurchased": false,
            "lease_price_list": [
                {
                    "lease": null,
                    "price": 278600
                }
            ],
            "unit": 673
        }
    ],
    "block_code": {
        "block_num": "812A",
        "contract": "C6",
        "neighbourhood": "N8"
    },
    "dpd_date": "NA (Keys Available)",
    "flat_type": "4-Room",
    "lcd_date": "01 Nov 2017",
    "pcd_date": "-",
    "quota_chinese": 5,
    "quota_malay": 4,
    "quota_other": 0,
    "street": "CHOA CHU KANG AVE 7",
    "town": "Choa Chu Kang"
},
{
    "apartments": [
        {
            "area": 93.0,
            "floor": 9,
            "is_repurchased": false,
            "lease_price_list": [
                {
                    "lease": null,
                    "price": 272200
                }
            ],
            "unit": 635
        },
        {
            "area": 93.0,
            "floor": 9,
            "is_repurchased": false,
            "lease_price_list": [
                {
                    "lease": null,
                    "price": 276900
                }
            ],
            "unit": 641
        },
        {
            "area": 93.0,
            "floor": 10,
            "is_repurchased": false,
            "lease_price_list": [
                {
                    "lease": null,
                    "price": 283300
                }
            ],
            "unit": 641
        }
    ],
    "block_code": {
        "block_num": "812B",
        "contract": "C6",
        "neighbourhood": "N8"
    },
    "dpd_date": "NA (Keys Available)",
    "flat_type": "4-Room",
    "lcd_date": "01 Nov 2017",
    "pcd_date": "-",
    "quota_chinese": 3,
    "quota_malay": 2,
    "quota_other": 0,
    "street": "CHOA CHU KANG AVE 7",
    "town": "Choa Chu Kang"
},
{
    "apartments": [
        {
            "area": 93.0,
            "floor": 6,
            "is_repurchased": false,
            "lease_price_list": [
                {
                    "lease": null,
                    "price": 268800
                }
            ],
            "unit": 621
        },
        {
            "area": 93.0,
            "floor": 7,
            "is_repurchased": false,
            "lease_price_list": [
                {
                    "lease": null,
                    "price": 272300
                }
            ],
            "unit": 621
        },
        {
            "area": 93.0,
            "floor": 4,
            "is_repurchased": false,
            "lease_price_list": [
                {
                    "lease": null,
                    "price": 255800
                }
            ],
            "unit": 625
        },
        {
            "area": 93.0,
            "floor": 2,
            "is_repurchased": false,
            "lease_price_list": [
                {
                    "lease": null,
                    "price": 246800
                }
            ],
            "unit": 631
        },
        {
            "area": 93.0,
            "floor": 3,
            "is_repurchased": false,
            "lease_price_list": [
                {
                    "lease": null,
                    "price": 251300
                }
            ],
            "unit": 631
        },
        {
            "area": 93.0,
            "floor": 4,
            "is_repurchased": false,
            "lease_price_list": [
                {
                    "lease": null,
                    "price": 255800
                }
            ],
            "unit": 631
        }
    ],
    "block_code": {
        "block_num": "812C",
        "contract": "C6",
        "neighbourhood": "N8"
    },
    "dpd_date": "NA (Keys Available)",
    "flat_type": "4-Room",
    "lcd_date": "01 Nov 2017",
    "pcd_date": "-",
    "quota_chinese": 6,
    "quota_malay": 3,
    "quota_other": 2,
    "street": "CHOA CHU KANG AVE 7",
    "town": "Choa Chu Kang"
},
{
    "apartments": [
        {
            "area": 93.0,
            "floor": 10,
            "is_repurchased": true,
            "lease_price_list": [
                {
                    "lease": null,
                    "price": 284000
                }
            ],
            "unit": 15
        }
    ],
    "block_code": {
        "block_num": "815A",
        "contract": "C8",
        "neighbourhood": "N8"
    },
    "dpd_date": "NA (Keys Available)",
    "flat_type": "4-Room",
    "lcd_date": "01 Mar 2017",
    "pcd_date": "-",
    "quota_chinese": 1,
    "quota_malay": 1,
    "quota_other": 0,
    "street": "CHOA CHU KANG AVE 7",
    "town": "Choa Chu Kang"
},
{
    "apartments": [
        {
            "area": 93.0,
            "floor": 3,
            "is_repurchased": false,
            "lease_price_list": [
                {
                    "lease": null,
                    "price": 265700
                }
            ],
            "unit": 27
        }
    ],
    "block_code": {
        "block_num": "815B",
        "contract": "C8",
        "neighbourhood": "N8"
    },
    "dpd_date": "NA (Keys Available)",
    "flat_type": "4-Room",
    "lcd_date": "01 Mar 2017",
    "pcd_date": "-",
    "quota_chinese": 1,
    "quota_malay": 1,
    "quota_other": 1,
    "street": "CHOA CHU KANG AVE 7",
    "town": "Choa Chu Kang"
},
{
    "apartments": [
        {
            "area": 93.0,
            "floor": 2,
            "is_repurchased": false,
            "lease_price_list": [
                {
                    "lease": null,
                    "price": 266000
                }
            ],
            "unit": 43
        }
    ],
    "block_code": {
        "block_num": "815C",
        "contract": "C8",
        "neighbourhood": "N8"
    },
    "dpd_date": "NA (Keys Available)",
    "flat_type": "4-Room",
    "lcd_date": "01 Mar 2017",
    "pcd_date": "-",
    "quota_chinese": 1,
    "quota_malay": 1,
    "quota_other": 1,
    "street": "CHOA CHU KANG AVE 7",
    "town": "Choa Chu Kang"
},
{
    "apartments": [
        {
            "area": 92.0,
            "floor": 11,
            "is_repurchased": false,
            "lease_price_list": [
                {
                    "lease": null,
                    "price": 294800
                }
            ],
            "unit": 53
        }
    ],
    "block_code": {
        "block_num": "816A",
        "contract": "C910",
        "neighbourhood": "N8"
    },
    "dpd_date": "NA (Keys Available)",
    "flat_type": "4-Room",
    "lcd_date": "01 Sep 2017",
    "pcd_date": "-",
    "quota_chinese": 1,
    "quota_malay": 1,
    "quota_other": 1,
    "street": "KEAT HONG LINK",
    "town": "Choa Chu Kang"
},
{
    "apartments": [
        {
            "area": 92.0,
            "floor": 3,
            "is_repurchased": false,
            "lease_price_list": [
                {
                    "lease": null,
                    "price": 256400
                }
            ],
            "unit": 75
        },
        {
            "area": 92.0,
            "floor": 18,
            "is_repurchased": false,
            "lease_price_list": [
                {
                    "lease": null,
                    "price": 294800
                }
            ],
            "unit": 75
        }
    ],
    "block_code": {
        "block_num": "816B",
        "contract": "C910",
        "neighbourhood": "N8"
    },
    "dpd_date": "NA (Keys Available)",
    "flat_type": "4-Room",
    "lcd_date": "01 Sep 2017",
    "pcd_date": "-",
    "quota_chinese": 2,
    "quota_malay": 0,
    "quota_other": 1,
    "street": "KEAT HONG LINK",
    "town": "Choa Chu Kang"
},
{
    "apartments": [
        {
            "area": 92.0,
            "floor": 6,
            "is_repurchased": false,
            "lease_price_list": [
                {
                    "lease": null,
                    "price": 273900
                }
            ],
            "unit": 79
        },
        {
            "area": 92.0,
            "floor": 16,
            "is_repurchased": false,
            "lease_price_list": [
                {
                    "lease": null,
                    "price": 301900
                }
            ],
            "unit": 79
        },
        {
            "area": 92.0,
            "floor": 5,
            "is_repurchased": false,
            "lease_price_list": [
                {
                    "lease": null,
                    "price": 270300
                }
            ],
            "unit": 83
        }
    ],
    "block_code": {
        "block_num": "817A",
        "contract": "C910",
        "neighbourhood": "N8"
    },
    "dpd_date": "NA (Keys Available)",
    "flat_type": "4-Room",
    "lcd_date": "01 Sep 2017",
    "pcd_date": "-",
    "quota_chinese": 3,
    "quota_malay": 3,
    "quota_other": 3,
    "street": "KEAT HONG LINK",
    "town": "Choa Chu Kang"
},
{
    "apartments": [
        {
            "area": 92.0,
            "floor": 7,
            "is_repurchased": false,
            "lease_price_list": [
                {
                    "lease": null,
                    "price": 282300
                }
            ],
            "unit": 93
        },
        {
            "area": 92.0,
            "floor": 19,
            "is_repurchased": false,
            "lease_price_list": [
                {
                    "lease": null,
                    "price": 306100
                }
            ],
            "unit": 95
        },
        {
            "area": 92.0,
            "floor": 4,
            "is_repurchased": false,
            "lease_price_list": [
                {
                    "lease": null,
                    "price": 261000
                }
            ],
            "unit": 97
        }
    ],
    "block_code": {
        "block_num": "817B",
        "contract": "C910",
        "neighbourhood": "N8"
    },
    "dpd_date": "NA (Keys Available)",
    "flat_type": "4-Room",
    "lcd_date": "01 Sep 2017",
    "pcd_date": "-",
    "quota_chinese": 3,
    "quota_malay": 3,
    "quota_other": 3,
    "street": "KEAT HONG LINK",
    "town": "Choa Chu Kang"
},
{
    "apartments": [
        {
            "area": 92.0,
            "floor": 10,
            "is_repurchased": false,
            "lease_price_list": [
                {
                    "lease": null,
                    "price": 283600
                }
            ],
            "unit": 109
        },
        {
            "area": 92.0,
            "floor": 8,
            "is_repurchased": false,
            "lease_price_list": [
                {
                    "lease": null,
                    "price": 285800
                }
            ],
            "unit": 111
        },
        {
            "area": 92.0,
            "floor": 14,
            "is_repurchased": false,
            "lease_price_list": [
                {
                    "lease": null,
                    "price": 299100
                }
            ],
            "unit": 113
        },
        {
            "area": 92.0,
            "floor": 19,
            "is_repurchased": false,
            "lease_price_list": [
                {
                    "lease": null,
                    "price": 301200
                }
            ],
            "unit": 115
        }
    ],
    "block_code": {
        "block_num": "817C",
        "contract": "C910",
        "neighbourhood": "N8"
    },
    "dpd_date": "NA (Keys Available)",
    "flat_type": "4-Room",
    "lcd_date": "01 Sep 2017",
    "pcd_date": "-",
    "quota_chinese": 4,
    "quota_malay": 4,
    "quota_other": 1,
    "street": "KEAT HONG LINK",
    "town": "Choa Chu Kang"
},
{
    "apartments": [
        {
            "area": 92.0,
            "floor": 4,
            "is_repurchased": false,
            "lease_price_list": [
                {
                    "lease": null,
                    "price": 265800
                }
            ],
            "unit": 120
        },
        {
            "area": 92.0,
            "floor": 7,
            "is_repurchased": false,
            "lease_price_list": [
                {
                    "lease": null,
                    "price": 282300
                }
            ],
            "unit": 120
        },
        {
            "area": 92.0,
            "floor": 13,
            "is_repurchased": false,
            "lease_price_list": [
                {
                    "lease": null,
                    "price": 292800
                }
            ],
            "unit": 124
        },
        {
            "area": 92.0,
            "floor": 20,
            "is_repurchased": false,
            "lease_price_list": [
                {
                    "lease": null,
                    "price": 301200
                }
            ],
            "unit": 124
        },
        {
            "area": 92.0,
            "floor": 3,
            "is_repurchased": false,
            "lease_price_list": [
                {
                    "lease": null,
                    "price": 266300
                }
            ],
            "unit": 126
        },
        {
            "area": 92.0,
            "floor": 4,
            "is_repurchased": false,
            "lease_price_list": [
                {
                    "lease": null,
                    "price": 260900
                }
            ],
            "unit": 128
        }
    ],
    "block_code": {
        "block_num": "818B",
        "contract": "C910",
        "neighbourhood": "N8"
    },
    "dpd_date": "NA (Keys Available)",
    "flat_type": "4-Room",
    "lcd_date": "01 Sep 2017",
    "pcd_date": "-",
    "quota_chinese": 6,
    "quota_malay": 6,
    "quota_other": 1,
    "street": "CHOA CHU KANG AVE 1",
    "town": "Choa Chu Kang"
}]
