[{
    "apartments": [
        {
            "area": 121.0,
            "floor": 2,
            "is_repurchased": true,
            "lease_price_list": [
                {
                    "lease": null,
                    "price": 318000
                }
            ],
            "unit": 428
        }
    ],
    "block_code": {
        "block_num": "102",
        "contract": "C3",
        "neighbourhood": "N1"
    },
    "dpd_date": "NA (Keys Available)",
    "flat_type": "5-Room",
    "lcd_date": "01 Apr 1989",
    "pcd_date": "-",
    "quota_chinese": 1,
    "quota_malay": 0,
    "quota_other": 1,
    "street": "TECK WHYE LANE",
    "town": "Choa Chu Kang"
},
{
    "apartments": [
        {
            "area": 127.0,
            "floor": 3,
            "is_repurchased": true,
            "lease_price_list": [
                {
                    "lease": null,
                    "price": 308000
                }
            ],
            "unit": 297
        }
    ],
    "block_code": {
        "block_num": "136",
        "contract": "C6",
        "neighbourhood": "N1"
    },
    "dpd_date": "NA (Keys Available)",
    "flat_type": "5-Room",
    "lcd_date": "01 Oct 1989",
    "pcd_date": "-",
    "quota_chinese": 1,
    "quota_malay": 1,
    "quota_other": 0,
    "street": "TECK WHYE LANE",
    "town": "Choa Chu Kang"
},
{
    "apartments": [
        {
            "area": 123.0,
            "floor": 9,
            "is_repurchased": true,
            "lease_price_list": [
                {
                    "lease": null,
                    "price": 358000
                }
            ],
            "unit": 177
        }
    ],
    "block_code": {
        "block_num": "457",
        "contract": "C11",
        "neighbourhood": "N4"
    },
    "dpd_date": "NA (Keys Available)",
    "flat_type": "5-Room",
    "lcd_date": "01 Feb 2000",
    "pcd_date": "-",
    "quota_chinese": 1,
    "quota_malay": 1,
    "quota_other": 1,
    "street": "CHOA CHU KANG AVE 4",
    "town": "Choa Chu Kang"
},
{
    "apartments": [
        {
            "area": 113.0,
            "floor": 3,
            "is_repurchased": false,
            "lease_price_list": [
                {
                    "lease": null,
                    "price": 342900
                }
            ],
            "unit": 73
        }
    ],
    "block_code": {
        "block_num": "487A",
        "contract": "C15",
        "neighbourhood": "N4"
    },
    "dpd_date": "NA (Keys Available)",
    "flat_type": "5-Room",
    "lcd_date": "01 Jun 2016",
    "pcd_date": "-",
    "quota_chinese": 1,
    "quota_malay": 1,
    "quota_other": 0,
    "street": "CHOA CHU KANG AVE 5",
    "town": "Choa Chu Kang"
},
{
    "apartments": [
        {
            "area": 113.0,
            "floor": 4,
            "is_repurchased": false,
            "lease_price_list": [
                {
                    "lease": null,
                    "price": 348900
                }
            ],
            "unit": 193
        }
    ],
    "block_code": {
        "block_num": "489A",
        "contract": "C15",
        "neighbourhood": "N4"
    },
    "dpd_date": "NA (Keys Available)",
    "flat_type": "5-Room",
    "lcd_date": "01 Jun 2016",
    "pcd_date": "-",
    "quota_chinese": 1,
    "quota_malay": 1,
    "quota_other": 1,
    "street": "CHOA CHU KANG AVE 5",
    "town": "Choa Chu Kang"
},
{
    "apartments": [
        {
            "area": 113.0,
            "floor": 9,
            "is_repurchased": false,
            "lease_price_list": [
                {
                    "lease": null,
                    "price": 370000
                }
            ],
            "unit": 307
        }
    ],
    "block_code": {
        "block_num": "490D",
        "contract": "C15",
        "neighbourhood": "N4"
    },
    "dpd_date": "NA (Keys Available)",
    "flat_type": "5-Room",
    "lcd_date": "01 Jun 2016",
    "pcd_date": "-",
    "quota_chinese": 1,
    "quota_malay": 0,
    "quota_other": 1,
    "street": "CHOA CHU KANG AVE 5",
    "town": "Choa Chu Kang"
},
{
    "apartments": [
        {
            "area": 119.0,
            "floor": 2,
            "is_repurchased": true,
            "lease_price_list": [
                {
                    "lease": null,
                    "price": 293000
                }
            ],
            "unit": 24
        }
    ],
    "block_code": {
        "block_num": "540",
        "contract": "C6",
        "neighbourhood": "N5"
    },
    "dpd_date": "NA (Keys Available)",
    "flat_type": "5-Room",
    "lcd_date": "01 Apr 1994",
    "pcd_date": "-",
    "quota_chinese": 1,
    "quota_malay": 1,
    "quota_other": 1,
    "street": "CHOA CHU KANG ST 52",
    "town": "Choa Chu Kang"
},
{
    "apartments": [
        {
            "area": 110.0,
            "floor": 2,
            "is_repurchased": true,
            "lease_price_list": [
                {
                    "lease": null,
                    "price": 341000
                }
            ],
            "unit": 276
        }
    ],
    "block_code": {
        "block_num": "685A",
        "contract": "C13",
        "neighbourhood": "N6"
    },
    "dpd_date": "NA (Keys Available)",
    "flat_type": "5-Room",
    "lcd_date": "01 Sep 2002",
    "pcd_date": "-",
    "quota_chinese": 1,
    "quota_malay": 1,
    "quota_other": 1,
    "street": "CHOA CHU KANG CRES",
    "town": "Choa Chu Kang"
},
{
    "apartments": [
        {
            "area": 110.0,
            "floor": 11,
            "is_repurchased": true,
            "lease_price_list": [
                {
                    "lease": null,
                    "price": 356000
                }
            ],
            "unit": 118
        }
    ],
    "block_code": {
        "block_num": "688C",
        "contract": "C15",
        "neighbourhood": "N6"
    },
    "dpd_date": "NA (Keys Available)",
    "flat_type": "5-Room",
    "lcd_date": "01 Mar 2003",
    "pcd_date": "-",
    "quota_chinese": 1,
    "quota_malay": 0,
    "quota_other": 1,
    "street": "CHOA CHU KANG CRES",
    "town": "Choa Chu Kang"
},
{
    "apartments": [
        {
            "area": 127.0,
            "floor": 4,
            "is_repurchased": true,
            "lease_price_list": [
                {
                    "lease": null,
                    "price": 393000
                }
            ],
            "unit": 301
        }
    ],
    "block_code": {
        "block_num": "766",
        "contract": "C2",
        "neighbourhood": "N7"
    },
    "dpd_date": "NA (Keys Available)",
    "flat_type": "5-Room",
    "lcd_date": "01 Aug 1996",
    "pcd_date": "-",
    "quota_chinese": 1,
    "quota_malay": 1,
    "quota_other": 1,
    "street": "CHOA CHU KANG NTH 5",
    "town": "Choa Chu Kang"
},
{
    "apartments": [
        {
            "area": 113.0,
            "floor": 2,
            "is_repurchased": false,
            "lease_price_list": [
                {
                    "lease": null,
                    "price": 314400
                }
            ],
            "unit": 3
        },
        {
            "area": 113.0,
            "floor": 3,
            "is_repurchased": false,
            "lease_price_list": [
                {
                    "lease": null,
                    "price": 320400
                }
            ],
            "unit": 3
        },
        {
            "area": 113.0,
            "floor": 10,
            "is_repurchased": false,
            "lease_price_list": [
                {
                    "lease": null,
                    "price": 364400
                }
            ],
            "unit": 3
        },
        {
            "area": 113.0,
            "floor": 3,
            "is_repurchased": false,
            "lease_price_list": [
                {
                    "lease": null,
                    "price": 326500
                }
            ],
            "unit": 5
        }
    ],
    "block_code": {
        "block_num": "801A",
        "contract": "C1",
        "neighbourhood": "N8"
    },
    "dpd_date": "NA (Keys Available)",
    "flat_type": "5-Room",
    "lcd_date": "01 Feb 2018",
    "pcd_date": "-",
    "quota_chinese": 4,
    "quota_malay": 2,
    "quota_other": 2,
    "street": "KEAT HONG CL",
    "town": "Choa Chu Kang"
},
{
    "apartments": [
        {
            "area": 113.0,
            "floor": 2,
            "is_repurchased": false,
            "lease_price_list": [
                {
                    "lease": null,
                    "price": 320500
                }
            ],
            "unit": 27
        },
        {
            "area": 113.0,
            "floor": 2,
            "is_repurchased": false,
            "lease_price_list": [
                {
                    "lease": null,
                    "price": 320500
                }
            ],
            "unit": 29
        },
        {
            "area": 113.0,
            "floor": 3,
            "is_repurchased": false,
            "lease_price_list": [
                {
                    "lease": null,
                    "price": 326500
                }
            ],
            "unit": 29
        },
        {
            "area": 113.0,
            "floor": 2,
            "is_repurchased": false,
            "lease_price_list": [
                {
                    "lease": null,
                    "price": 326600
                }
            ],
            "unit": 31
        },
        {
            "area": 113.0,
            "floor": 3,
            "is_repurchased": false,
            "lease_price_list": [
                {
                    "lease": null,
                    "price": 332600
                }
            ],
            "unit": 31
        },
        {
            "area": 113.0,
            "floor": 8,
            "is_repurchased": false,
            "lease_price_list": [
                {
                    "lease": null,
                    "price": 358100
                }
            ],
            "unit": 31
        }
    ],
    "block_code": {
        "block_num": "801B",
        "contract": "C1",
        "neighbourhood": "N8"
    },
    "dpd_date": "NA (Keys Available)",
    "flat_type": "5-Room",
    "lcd_date": "01 Feb 2018",
    "pcd_date": "-",
    "quota_chinese": 6,
    "quota_malay": 3,
    "quota_other": 4,
    "street": "KEAT HONG CL",
    "town": "Choa Chu Kang"
},
{
    "apartments": [
        {
            "area": 113.0,
            "floor": 2,
            "is_repurchased": false,
            "lease_price_list": [
                {
                    "lease": null,
                    "price": 326700
                }
            ],
            "unit": 49
        },
        {
            "area": 113.0,
            "floor": 2,
            "is_repurchased": false,
            "lease_price_list": [
                {
                    "lease": null,
                    "price": 332800
                }
            ],
            "unit": 51
        },
        {
            "area": 113.0,
            "floor": 2,
            "is_repurchased": false,
            "lease_price_list": [
                {
                    "lease": null,
                    "price": 326700
                }
            ],
            "unit": 57
        },
        {
            "area": 113.0,
            "floor": 3,
            "is_repurchased": false,
            "lease_price_list": [
                {
                    "lease": null,
                    "price": 332700
                }
            ],
            "unit": 57
        },
        {
            "area": 113.0,
            "floor": 4,
            "is_repurchased": false,
            "lease_price_list": [
                {
                    "lease": null,
                    "price": 338700
                }
            ],
            "unit": 57
        },
        {
            "area": 113.0,
            "floor": 5,
            "is_repurchased": false,
            "lease_price_list": [
                {
                    "lease": null,
                    "price": 344700
                }
            ],
            "unit": 57
        },
        {
            "area": 113.0,
            "floor": 2,
            "is_repurchased": false,
            "lease_price_list": [
                {
                    "lease": null,
                    "price": 326700
                }
            ],
            "unit": 59
        },
        {
            "area": 113.0,
            "floor": 3,
            "is_repurchased": false,
            "lease_price_list": [
                {
                    "lease": null,
                    "price": 332700
                }
            ],
            "unit": 59
        },
        {
            "area": 113.0,
            "floor": 4,
            "is_repurchased": false,
            "lease_price_list": [
                {
                    "lease": null,
                    "price": 338700
                }
            ],
            "unit": 59
        }
    ],
    "block_code": {
        "block_num": "801D",
        "contract": "C1",
        "neighbourhood": "N8"
    },
    "dpd_date": "NA (Keys Available)",
    "flat_type": "5-Room",
    "lcd_date": "01 Feb 2018",
    "pcd_date": "-",
    "quota_chinese": 9,
    "quota_malay": 3,
    "quota_other": 3,
    "street": "KEAT HONG CL",
    "town": "Choa Chu Kang"
},
{
    "apartments": [
        {
            "area": 113.0,
            "floor": 2,
            "is_repurchased": false,
            "lease_price_list": [
                {
                    "lease": null,
                    "price": 326600
                }
            ],
            "unit": 99
        },
        {
            "area": 113.0,
            "floor": 4,
            "is_repurchased": false,
            "lease_price_list": [
                {
                    "lease": null,
                    "price": 326300
                }
            ],
            "unit": 103
        },
        {
            "area": 113.0,
            "floor": 5,
            "is_repurchased": false,
            "lease_price_list": [
                {
                    "lease": null,
                    "price": 332300
                }
            ],
            "unit": 103
        },
        {
            "area": 113.0,
            "floor": 13,
            "is_repurchased": false,
            "lease_price_list": [
                {
                    "lease": null,
                    "price": 372200
                }
            ],
            "unit": 103
        },
        {
            "area": 113.0,
            "floor": 2,
            "is_repurchased": false,
            "lease_price_list": [
                {
                    "lease": null,
                    "price": 308200
                }
            ],
            "unit": 105
        },
        {
            "area": 113.0,
            "floor": 3,
            "is_repurchased": false,
            "lease_price_list": [
                {
                    "lease": null,
                    "price": 314200
                }
            ],
            "unit": 105
        },
        {
            "area": 113.0,
            "floor": 4,
            "is_repurchased": false,
            "lease_price_list": [
                {
                    "lease": null,
                    "price": 320200
                }
            ],
            "unit": 105
        }
    ],
    "block_code": {
        "block_num": "802A",
        "contract": "C1",
        "neighbourhood": "N8"
    },
    "dpd_date": "NA (Keys Available)",
    "flat_type": "5-Room",
    "lcd_date": "01 Feb 2018",
    "pcd_date": "-",
    "quota_chinese": 7,
    "quota_malay": 3,
    "quota_other": 5,
    "street": "KEAT HONG CL",
    "town": "Choa Chu Kang"
},
{
    "apartments": [
        {
            "area": 113.0,
            "floor": 3,
            "is_repurchased": false,
            "lease_price_list": [
                {
                    "lease": null,
                    "price": 332600
                }
            ],
            "unit": 77
        },
        {
            "area": 113.0,
            "floor": 4,
            "is_repurchased": false,
            "lease_price_list": [
                {
                    "lease": null,
                    "price": 338600
                }
            ],
            "unit": 77
        },
        {
            "area": 113.0,
            "floor": 10,
            "is_repurchased": false,
            "lease_price_list": [
                {
                    "lease": null,
                    "price": 361300
                }
            ],
            "unit": 77
        },
        {
            "area": 113.0,
            "floor": 2,
            "is_repurchased": false,
            "lease_price_list": [
                {
                    "lease": null,
                    "price": 314300
                }
            ],
            "unit": 79
        },
        {
            "area": 113.0,
            "floor": 3,
            "is_repurchased": false,
            "lease_price_list": [
                {
                    "lease": null,
                    "price": 320300
                }
            ],
            "unit": 79
        },
        {
            "area": 113.0,
            "floor": 2,
            "is_repurchased": false,
            "lease_price_list": [
                {
                    "lease": null,
                    "price": 320500
                }
            ],
            "unit": 81
        },
        {
            "area": 113.0,
            "floor": 4,
            "is_repurchased": false,
            "lease_price_list": [
                {
                    "lease": null,
                    "price": 332500
                }
            ],
            "unit": 81
        },
        {
            "area": 113.0,
            "floor": 13,
            "is_repurchased": false,
            "lease_price_list": [
                {
                    "lease": null,
                    "price": 376700
                }
            ],
            "unit": 81
        }
    ],
    "block_code": {
        "block_num": "802B",
        "contract": "C1",
        "neighbourhood": "N8"
    },
    "dpd_date": "NA (Keys Available)",
    "flat_type": "5-Room",
    "lcd_date": "01 Feb 2018",
    "pcd_date": "-",
    "quota_chinese": 8,
    "quota_malay": 1,
    "quota_other": 6,
    "street": "KEAT HONG CL",
    "town": "Choa Chu Kang"
},
{
    "apartments": [
        {
            "area": 113.0,
            "floor": 2,
            "is_repurchased": false,
            "lease_price_list": [
                {
                    "lease": null,
                    "price": 321300
                }
            ],
            "unit": 110
        },
        {
            "area": 113.0,
            "floor": 2,
            "is_repurchased": false,
            "lease_price_list": [
                {
                    "lease": null,
                    "price": 301100
                }
            ],
            "unit": 116
        },
        {
            "area": 113.0,
            "floor": 3,
            "is_repurchased": false,
            "lease_price_list": [
                {
                    "lease": null,
                    "price": 312800
                }
            ],
            "unit": 116
        },
        {
            "area": 113.0,
            "floor": 4,
            "is_repurchased": false,
            "lease_price_list": [
                {
                    "lease": null,
                    "price": 330500
                }
            ],
            "unit": 116
        }
    ],
    "block_code": {
        "block_num": "803C",
        "contract": "C2",
        "neighbourhood": "N8"
    },
    "dpd_date": "NA (Keys Available)",
    "flat_type": "5-Room",
    "lcd_date": "01 May 2017",
    "pcd_date": "-",
    "quota_chinese": 4,
    "quota_malay": 4,
    "quota_other": 2,
    "street": "KEAT HONG CL",
    "town": "Choa Chu Kang"
},
{
    "apartments": [
        {
            "area": 113.0,
            "floor": 3,
            "is_repurchased": false,
            "lease_price_list": [
                {
                    "lease": null,
                    "price": 330200
                }
            ],
            "unit": 98
        },
        {
            "area": 113.0,
            "floor": 4,
            "is_repurchased": false,
            "lease_price_list": [
                {
                    "lease": null,
                    "price": 336200
                }
            ],
            "unit": 98
        },
        {
            "area": 113.0,
            "floor": 2,
            "is_repurchased": false,
            "lease_price_list": [
                {
                    "lease": null,
                    "price": 301000
                }
            ],
            "unit": 104
        },
        {
            "area": 113.0,
            "floor": 3,
            "is_repurchased": false,
            "lease_price_list": [
                {
                    "lease": null,
                    "price": 318600
                }
            ],
            "unit": 104
        },
        {
            "area": 113.0,
            "floor": 4,
            "is_repurchased": false,
            "lease_price_list": [
                {
                    "lease": null,
                    "price": 324600
                }
            ],
            "unit": 104
        },
        {
            "area": 113.0,
            "floor": 8,
            "is_repurchased": false,
            "lease_price_list": [
                {
                    "lease": null,
                    "price": 355700
                }
            ],
            "unit": 104
        }
    ],
    "block_code": {
        "block_num": "803D",
        "contract": "C2",
        "neighbourhood": "N8"
    },
    "dpd_date": "NA (Keys Available)",
    "flat_type": "5-Room",
    "lcd_date": "01 May 2017",
    "pcd_date": "-",
    "quota_chinese": 6,
    "quota_malay": 4,
    "quota_other": 5,
    "street": "KEAT HONG CL",
    "town": "Choa Chu Kang"
},
{
    "apartments": [
        {
            "area": 113.0,
            "floor": 2,
            "is_repurchased": false,
            "lease_price_list": [
                {
                    "lease": null,
                    "price": 306800
                }
            ],
            "unit": 26
        },
        {
            "area": 113.0,
            "floor": 2,
            "is_repurchased": false,
            "lease_price_list": [
                {
                    "lease": null,
                    "price": 306800
                }
            ],
            "unit": 28
        },
        {
            "area": 113.0,
            "floor": 3,
            "is_repurchased": false,
            "lease_price_list": [
                {
                    "lease": null,
                    "price": 312800
                }
            ],
            "unit": 28
        },
        {
            "area": 113.0,
            "floor": 2,
            "is_repurchased": false,
            "lease_price_list": [
                {
                    "lease": null,
                    "price": 306800
                }
            ],
            "unit": 30
        },
        {
            "area": 113.0,
            "floor": 2,
            "is_repurchased": false,
            "lease_price_list": [
                {
                    "lease": null,
                    "price": 312600
                }
            ],
            "unit": 34
        },
        {
            "area": 113.0,
            "floor": 3,
            "is_repurchased": false,
            "lease_price_list": [
                {
                    "lease": null,
                    "price": 318600
                }
            ],
            "unit": 34
        },
        {
            "area": 113.0,
            "floor": 4,
            "is_repurchased": false,
            "lease_price_list": [
                {
                    "lease": null,
                    "price": 324600
                }
            ],
            "unit": 34
        },
        {
            "area": 113.0,
            "floor": 10,
            "is_repurchased": false,
            "lease_price_list": [
                {
                    "lease": null,
                    "price": 347300
                }
            ],
            "unit": 34
        },
        {
            "area": 113.0,
            "floor": 2,
            "is_repurchased": false,
            "lease_price_list": [
                {
                    "lease": null,
                    "price": 306800
                }
            ],
            "unit": 36
        },
        {
            "area": 113.0,
            "floor": 4,
            "is_repurchased": false,
            "lease_price_list": [
                {
                    "lease": null,
                    "price": 318800
                }
            ],
            "unit": 36
        }
    ],
    "block_code": {
        "block_num": "804B",
        "contract": "C2",
        "neighbourhood": "N8"
    },
    "dpd_date": "NA (Keys Available)",
    "flat_type": "5-Room",
    "lcd_date": "01 May 2017",
    "pcd_date": "-",
    "quota_chinese": 10,
    "quota_malay": 9,
    "quota_other": 1,
    "street": "KEAT HONG CL",
    "town": "Choa Chu Kang"
},
{
    "apartments": [
        {
            "area": 113.0,
            "floor": 5,
            "is_repurchased": false,
            "lease_price_list": [
                {
                    "lease": null,
                    "price": 336500
                }
            ],
            "unit": 56
        }
    ],
    "block_code": {
        "block_num": "805B",
        "contract": "C2",
        "neighbourhood": "N8"
    },
    "dpd_date": "NA (Keys Available)",
    "flat_type": "5-Room",
    "lcd_date": "01 May 2017",
    "pcd_date": "-",
    "quota_chinese": 1,
    "quota_malay": 1,
    "quota_other": 0,
    "street": "KEAT HONG CL",
    "town": "Choa Chu Kang"
},
{
    "apartments": [
        {
            "area": 113.0,
            "floor": 2,
            "is_repurchased": false,
            "lease_price_list": [
                {
                    "lease": null,
                    "price": 306800
                }
            ],
            "unit": 68
        },
        {
            "area": 113.0,
            "floor": 2,
            "is_repurchased": false,
            "lease_price_list": [
                {
                    "lease": null,
                    "price": 306800
                }
            ],
            "unit": 70
        },
        {
            "area": 113.0,
            "floor": 3,
            "is_repurchased": false,
            "lease_price_list": [
                {
                    "lease": null,
                    "price": 318700
                }
            ],
            "unit": 72
        },
        {
            "area": 113.0,
            "floor": 8,
            "is_repurchased": false,
            "lease_price_list": [
                {
                    "lease": null,
                    "price": 338300
                }
            ],
            "unit": 72
        },
        {
            "area": 113.0,
            "floor": 12,
            "is_repurchased": false,
            "lease_price_list": [
                {
                    "lease": null,
                    "price": 350600
                }
            ],
            "unit": 72
        },
        {
            "area": 113.0,
            "floor": 2,
            "is_repurchased": false,
            "lease_price_list": [
                {
                    "lease": null,
                    "price": 295200
                }
            ],
            "unit": 76
        },
        {
            "area": 113.0,
            "floor": 3,
            "is_repurchased": false,
            "lease_price_list": [
                {
                    "lease": null,
                    "price": 301200
                }
            ],
            "unit": 76
        },
        {
            "area": 113.0,
            "floor": 4,
            "is_repurchased": false,
            "lease_price_list": [
                {
                    "lease": null,
                    "price": 318800
                }
            ],
            "unit": 76
        },
        {
            "area": 113.0,
            "floor": 8,
            "is_repurchased": false,
            "lease_price_list": [
                {
                    "lease": null,
                    "price": 349900
                }
            ],
            "unit": 76
        },
        {
            "area": 113.0,
            "floor": 3,
            "is_repurchased": false,
            "lease_price_list": [
                {
                    "lease": null,
                    "price": 295400
                }
            ],
            "unit": 78
        },
        {
            "area": 113.0,
            "floor": 4,
            "is_repurchased": false,
            "lease_price_list": [
                {
                    "lease": null,
                    "price": 313000
                }
            ],
            "unit": 78
        }
    ],
    "block_code": {
        "block_num": "805C",
        "contract": "C2",
        "neighbourhood": "N8"
    },
    "dpd_date": "NA (Keys Available)",
    "flat_type": "5-Room",
    "lcd_date": "01 May 2017",
    "pcd_date": "-",
    "quota_chinese": 11,
    "quota_malay": 5,
    "quota_other": 3,
    "street": "KEAT HONG CL",
    "town": "Choa Chu Kang"
},
{
    "apartments": [
        {
            "area": 113.0,
            "floor": 3,
            "is_repurchased": false,
            "lease_price_list": [
                {
                    "lease": null,
                    "price": 312800
                }
            ],
            "unit": 80
        },
        {
            "area": 113.0,
            "floor": 4,
            "is_repurchased": false,
            "lease_price_list": [
                {
                    "lease": null,
                    "price": 318800
                }
            ],
            "unit": 80
        },
        {
            "area": 113.0,
            "floor": 5,
            "is_repurchased": false,
            "lease_price_list": [
                {
                    "lease": null,
                    "price": 330600
                }
            ],
            "unit": 80
        },
        {
            "area": 113.0,
            "floor": 6,
            "is_repurchased": false,
            "lease_price_list": [
                {
                    "lease": null,
                    "price": 335100
                }
            ],
            "unit": 80
        },
        {
            "area": 113.0,
            "floor": 7,
            "is_repurchased": false,
            "lease_price_list": [
                {
                    "lease": null,
                    "price": 339600
                }
            ],
            "unit": 80
        },
        {
            "area": 113.0,
            "floor": 2,
            "is_repurchased": false,
            "lease_price_list": [
                {
                    "lease": null,
                    "price": 309700
                }
            ],
            "unit": 82
        },
        {
            "area": 113.0,
            "floor": 3,
            "is_repurchased": false,
            "lease_price_list": [
                {
                    "lease": null,
                    "price": 324400
                }
            ],
            "unit": 82
        },
        {
            "area": 113.0,
            "floor": 4,
            "is_repurchased": false,
            "lease_price_list": [
                {
                    "lease": null,
                    "price": 330400
                }
            ],
            "unit": 82
        },
        {
            "area": 113.0,
            "floor": 5,
            "is_repurchased": false,
            "lease_price_list": [
                {
                    "lease": null,
                    "price": 336400
                }
            ],
            "unit": 82
        },
        {
            "area": 113.0,
            "floor": 6,
            "is_repurchased": false,
            "lease_price_list": [
                {
                    "lease": null,
                    "price": 340900
                }
            ],
            "unit": 82
        },
        {
            "area": 113.0,
            "floor": 2,
            "is_repurchased": false,
            "lease_price_list": [
                {
                    "lease": null,
                    "price": 309700
                }
            ],
            "unit": 84
        },
        {
            "area": 113.0,
            "floor": 3,
            "is_repurchased": false,
            "lease_price_list": [
                {
                    "lease": null,
                    "price": 318600
                }
            ],
            "unit": 84
        },
        {
            "area": 113.0,
            "floor": 4,
            "is_repurchased": false,
            "lease_price_list": [
                {
                    "lease": null,
                    "price": 324600
                }
            ],
            "unit": 84
        },
        {
            "area": 113.0,
            "floor": 5,
            "is_repurchased": false,
            "lease_price_list": [
                {
                    "lease": null,
                    "price": 330600
                }
            ],
            "unit": 84
        },
        {
            "area": 113.0,
            "floor": 7,
            "is_repurchased": false,
            "lease_price_list": [
                {
                    "lease": null,
                    "price": 339600
                }
            ],
            "unit": 84
        },
        {
            "area": 113.0,
            "floor": 8,
            "is_repurchased": false,
            "lease_price_list": [
                {
                    "lease": null,
                    "price": 350000
                }
            ],
            "unit": 84
        },
        {
            "area": 113.0,
            "floor": 2,
            "is_repurchased": false,
            "lease_price_list": [
                {
                    "lease": null,
                    "price": 306800
                }
            ],
            "unit": 86
        },
        {
            "area": 113.0,
            "floor": 3,
            "is_repurchased": false,
            "lease_price_list": [
                {
                    "lease": null,
                    "price": 312800
                }
            ],
            "unit": 86
        },
        {
            "area": 113.0,
            "floor": 5,
            "is_repurchased": false,
            "lease_price_list": [
                {
                    "lease": null,
                    "price": 324800
                }
            ],
            "unit": 86
        },
        {
            "area": 113.0,
            "floor": 2,
            "is_repurchased": false,
            "lease_price_list": [
                {
                    "lease": null,
                    "price": 306800
                }
            ],
            "unit": 88
        },
        {
            "area": 113.0,
            "floor": 3,
            "is_repurchased": false,
            "lease_price_list": [
                {
                    "lease": null,
                    "price": 312800
                }
            ],
            "unit": 88
        },
        {
            "area": 113.0,
            "floor": 4,
            "is_repurchased": false,
            "lease_price_list": [
                {
                    "lease": null,
                    "price": 318800
                }
            ],
            "unit": 88
        },
        {
            "area": 113.0,
            "floor": 8,
            "is_repurchased": false,
            "lease_price_list": [
                {
                    "lease": null,
                    "price": 338300
                }
            ],
            "unit": 88
        },
        {
            "area": 113.0,
            "floor": 2,
            "is_repurchased": false,
            "lease_price_list": [
                {
                    "lease": null,
                    "price": 306800
                }
            ],
            "unit": 90
        },
        {
            "area": 113.0,
            "floor": 3,
            "is_repurchased": false,
            "lease_price_list": [
                {
                    "lease": null,
                    "price": 312800
                }
            ],
            "unit": 90
        }
    ],
    "block_code": {
        "block_num": "805D",
        "contract": "C2",
        "neighbourhood": "N8"
    },
    "dpd_date": "NA (Keys Available)",
    "flat_type": "5-Room",
    "lcd_date": "01 May 2017",
    "pcd_date": "-",
    "quota_chinese": 25,
    "quota_malay": 8,
    "quota_other": 13,
    "street": "KEAT HONG CL",
    "town": "Choa Chu Kang"
},
{
    "apartments": [
        {
            "area": 112.0,
            "floor": 2,
            "is_repurchased": false,
            "lease_price_list": [
                {
                    "lease": null,
                    "price": 331000
                }
            ],
            "unit": 528
        },
        {
            "area": 112.0,
            "floor": 3,
            "is_repurchased": false,
            "lease_price_list": [
                {
                    "lease": null,
                    "price": 337000
                }
            ],
            "unit": 528
        },
        {
            "area": 112.0,
            "floor": 5,
            "is_repurchased": false,
            "lease_price_list": [
                {
                    "lease": null,
                    "price": 355100
                }
            ],
            "unit": 528
        },
        {
            "area": 112.0,
            "floor": 2,
            "is_repurchased": false,
            "lease_price_list": [
                {
                    "lease": null,
                    "price": 331000
                }
            ],
            "unit": 530
        }
    ],
    "block_code": {
        "block_num": "807B",
        "contract": "C4",
        "neighbourhood": "N8"
    },
    "dpd_date": "NA (Keys Available)",
    "flat_type": "5-Room",
    "lcd_date": "01 Apr 2017",
    "pcd_date": "-",
    "quota_chinese": 4,
    "quota_malay": 4,
    "quota_other": 2,
    "street": "CHOA CHU KANG AVE 1",
    "town": "Choa Chu Kang"
},
{
    "apartments": [
        {
            "area": 112.0,
            "floor": 2,
            "is_repurchased": false,
            "lease_price_list": [
                {
                    "lease": null,
                    "price": 324900
                }
            ],
            "unit": 546
        },
        {
            "area": 112.0,
            "floor": 2,
            "is_repurchased": false,
            "lease_price_list": [
                {
                    "lease": null,
                    "price": 324900
                }
            ],
            "unit": 548
        },
        {
            "area": 112.0,
            "floor": 8,
            "is_repurchased": false,
            "lease_price_list": [
                {
                    "lease": null,
                    "price": 368600
                }
            ],
            "unit": 548
        },
        {
            "area": 112.0,
            "floor": 2,
            "is_repurchased": false,
            "lease_price_list": [
                {
                    "lease": null,
                    "price": 324900
                }
            ],
            "unit": 550
        }
    ],
    "block_code": {
        "block_num": "807C",
        "contract": "C4",
        "neighbourhood": "N8"
    },
    "dpd_date": "NA (Keys Available)",
    "flat_type": "5-Room",
    "lcd_date": "01 Apr 2017",
    "pcd_date": "-",
    "quota_chinese": 4,
    "quota_malay": 4,
    "quota_other": 1,
    "street": "CHOA CHU KANG AVE 1",
    "town": "Choa Chu Kang"
},
{
    "apartments": [
        {
            "area": 112.0,
            "floor": 2,
            "is_repurchased": false,
            "lease_price_list": [
                {
                    "lease": null,
                    "price": 334000
                }
            ],
            "unit": 560
        },
        {
            "area": 112.0,
            "floor": 12,
            "is_repurchased": false,
            "lease_price_list": [
                {
                    "lease": null,
                    "price": 375000
                }
            ],
            "unit": 560
        },
        {
            "area": 112.0,
            "floor": 2,
            "is_repurchased": false,
            "lease_price_list": [
                {
                    "lease": null,
                    "price": 334000
                }
            ],
            "unit": 562
        }
    ],
    "block_code": {
        "block_num": "808A",
        "contract": "C4",
        "neighbourhood": "N8"
    },
    "dpd_date": "NA (Keys Available)",
    "flat_type": "5-Room",
    "lcd_date": "01 Apr 2017",
    "pcd_date": "-",
    "quota_chinese": 3,
    "quota_malay": 3,
    "quota_other": 3,
    "street": "CHOA CHU KANG AVE 1",
    "town": "Choa Chu Kang"
},
{
    "apartments": [
        {
            "area": 112.0,
            "floor": 2,
            "is_repurchased": false,
            "lease_price_list": [
                {
                    "lease": null,
                    "price": 331000
                }
            ],
            "unit": 580
        },
        {
            "area": 112.0,
            "floor": 3,
            "is_repurchased": false,
            "lease_price_list": [
                {
                    "lease": null,
                    "price": 337000
                }
            ],
            "unit": 580
        },
        {
            "area": 112.0,
            "floor": 2,
            "is_repurchased": false,
            "lease_price_list": [
                {
                    "lease": null,
                    "price": 324900
                }
            ],
            "unit": 582
        },
        {
            "area": 112.0,
            "floor": 2,
            "is_repurchased": false,
            "lease_price_list": [
                {
                    "lease": null,
                    "price": 324900
                }
            ],
            "unit": 584
        }
    ],
    "block_code": {
        "block_num": "808B",
        "contract": "C4",
        "neighbourhood": "N8"
    },
    "dpd_date": "NA (Keys Available)",
    "flat_type": "5-Room",
    "lcd_date": "01 Apr 2017",
    "pcd_date": "-",
    "quota_chinese": 4,
    "quota_malay": 4,
    "quota_other": 4,
    "street": "CHOA CHU KANG AVE 1",
    "town": "Choa Chu Kang"
},
{
    "apartments": [
        {
            "area": 112.0,
            "floor": 3,
            "is_repurchased": false,
            "lease_price_list": [
                {
                    "lease": null,
                    "price": 337000
                }
            ],
            "unit": 586
        },
        {
            "area": 112.0,
            "floor": 2,
            "is_repurchased": false,
            "lease_price_list": [
                {
                    "lease": null,
                    "price": 324900
                }
            ],
            "unit": 588
        },
        {
            "area": 112.0,
            "floor": 4,
            "is_repurchased": false,
            "lease_price_list": [
                {
                    "lease": null,
                    "price": 346000
                }
            ],
            "unit": 588
        },
        {
            "area": 112.0,
            "floor": 2,
            "is_repurchased": false,
            "lease_price_list": [
                {
                    "lease": null,
                    "price": 331000
                }
            ],
            "unit": 592
        },
        {
            "area": 112.0,
            "floor": 3,
            "is_repurchased": false,
            "lease_price_list": [
                {
                    "lease": null,
                    "price": 337000
                }
            ],
            "unit": 592
        },
        {
            "area": 112.0,
            "floor": 5,
            "is_repurchased": false,
            "lease_price_list": [
                {
                    "lease": null,
                    "price": 349000
                }
            ],
            "unit": 592
        }
    ],
    "block_code": {
        "block_num": "808C",
        "contract": "C4",
        "neighbourhood": "N8"
    },
    "dpd_date": "NA (Keys Available)",
    "flat_type": "5-Room",
    "lcd_date": "01 Apr 2017",
    "pcd_date": "-",
    "quota_chinese": 6,
    "quota_malay": 4,
    "quota_other": 6,
    "street": "CHOA CHU KANG AVE 1",
    "town": "Choa Chu Kang"
},
{
    "apartments": [
        {
            "area": 112.0,
            "floor": 2,
            "is_repurchased": false,
            "lease_price_list": [
                {
                    "lease": null,
                    "price": 334000
                }
            ],
            "unit": 614
        },
        {
            "area": 112.0,
            "floor": 3,
            "is_repurchased": false,
            "lease_price_list": [
                {
                    "lease": null,
                    "price": 343100
                }
            ],
            "unit": 614
        },
        {
            "area": 112.0,
            "floor": 2,
            "is_repurchased": false,
            "lease_price_list": [
                {
                    "lease": null,
                    "price": 334000
                }
            ],
            "unit": 616
        },
        {
            "area": 112.0,
            "floor": 6,
            "is_repurchased": false,
            "lease_price_list": [
                {
                    "lease": null,
                    "price": 365700
                }
            ],
            "unit": 616
        }
    ],
    "block_code": {
        "block_num": "808D",
        "contract": "C4",
        "neighbourhood": "N8"
    },
    "dpd_date": "NA (Keys Available)",
    "flat_type": "5-Room",
    "lcd_date": "01 Apr 2017",
    "pcd_date": "-",
    "quota_chinese": 4,
    "quota_malay": 4,
    "quota_other": 4,
    "street": "CHOA CHU KANG AVE 1",
    "town": "Choa Chu Kang"
},
{
    "apartments": [
        {
            "area": 112.0,
            "floor": 2,
            "is_repurchased": false,
            "lease_price_list": [
                {
                    "lease": null,
                    "price": 324900
                }
            ],
            "unit": 620
        },
        {
            "area": 112.0,
            "floor": 3,
            "is_repurchased": false,
            "lease_price_list": [
                {
                    "lease": null,
                    "price": 330900
                }
            ],
            "unit": 620
        },
        {
            "area": 112.0,
            "floor": 2,
            "is_repurchased": false,
            "lease_price_list": [
                {
                    "lease": null,
                    "price": 324900
                }
            ],
            "unit": 622
        },
        {
            "area": 112.0,
            "floor": 3,
            "is_repurchased": false,
            "lease_price_list": [
                {
                    "lease": null,
                    "price": 330900
                }
            ],
            "unit": 622
        },
        {
            "area": 112.0,
            "floor": 4,
            "is_repurchased": false,
            "lease_price_list": [
                {
                    "lease": null,
                    "price": 336900
                }
            ],
            "unit": 622
        },
        {
            "area": 112.0,
            "floor": 2,
            "is_repurchased": false,
            "lease_price_list": [
                {
                    "lease": null,
                    "price": 334000
                }
            ],
            "unit": 624
        },
        {
            "area": 112.0,
            "floor": 3,
            "is_repurchased": false,
            "lease_price_list": [
                {
                    "lease": null,
                    "price": 343100
                }
            ],
            "unit": 624
        },
        {
            "area": 112.0,
            "floor": 9,
            "is_repurchased": false,
            "lease_price_list": [
                {
                    "lease": null,
                    "price": 370200
                }
            ],
            "unit": 624
        },
        {
            "area": 112.0,
            "floor": 15,
            "is_repurchased": false,
            "lease_price_list": [
                {
                    "lease": null,
                    "price": 385900
                }
            ],
            "unit": 624
        },
        {
            "area": 112.0,
            "floor": 2,
            "is_repurchased": false,
            "lease_price_list": [
                {
                    "lease": null,
                    "price": 334000
                }
            ],
            "unit": 626
        },
        {
            "area": 112.0,
            "floor": 6,
            "is_repurchased": false,
            "lease_price_list": [
                {
                    "lease": null,
                    "price": 365700
                }
            ],
            "unit": 626
        },
        {
            "area": 112.0,
            "floor": 2,
            "is_repurchased": false,
            "lease_price_list": [
                {
                    "lease": null,
                    "price": 324900
                }
            ],
            "unit": 630
        },
        {
            "area": 112.0,
            "floor": 3,
            "is_repurchased": false,
            "lease_price_list": [
                {
                    "lease": null,
                    "price": 330900
                }
            ],
            "unit": 630
        },
        {
            "area": 112.0,
            "floor": 4,
            "is_repurchased": false,
            "lease_price_list": [
                {
                    "lease": null,
                    "price": 336900
                }
            ],
            "unit": 630
        },
        {
            "area": 112.0,
            "floor": 3,
            "is_repurchased": false,
            "lease_price_list": [
                {
                    "lease": null,
                    "price": 324800
                }
            ],
            "unit": 632
        },
        {
            "area": 112.0,
            "floor": 4,
            "is_repurchased": false,
            "lease_price_list": [
                {
                    "lease": null,
                    "price": 330800
                }
            ],
            "unit": 632
        },
        {
            "area": 112.0,
            "floor": 7,
            "is_repurchased": false,
            "lease_price_list": [
                {
                    "lease": null,
                    "price": 358000
                }
            ],
            "unit": 632
        }
    ],
    "block_code": {
        "block_num": "809A",
        "contract": "C4",
        "neighbourhood": "N8"
    },
    "dpd_date": "NA (Keys Available)",
    "flat_type": "5-Room",
    "lcd_date": "01 Apr 2017",
    "pcd_date": "-",
    "quota_chinese": 17,
    "quota_malay": 7,
    "quota_other": 8,
    "street": "CHOA CHU KANG AVE 1",
    "town": "Choa Chu Kang"
},
{
    "apartments": [
        {
            "area": 113.0,
            "floor": 4,
            "is_repurchased": false,
            "lease_price_list": [
                {
                    "lease": null,
                    "price": 319300
                }
            ],
            "unit": 505
        },
        {
            "area": 113.0,
            "floor": 3,
            "is_repurchased": false,
            "lease_price_list": [
                {
                    "lease": null,
                    "price": 325400
                }
            ],
            "unit": 513
        },
        {
            "area": 113.0,
            "floor": 4,
            "is_repurchased": false,
            "lease_price_list": [
                {
                    "lease": null,
                    "price": 331400
                }
            ],
            "unit": 513
        },
        {
            "area": 113.0,
            "floor": 5,
            "is_repurchased": false,
            "lease_price_list": [
                {
                    "lease": null,
                    "price": 343500
                }
            ],
            "unit": 513
        },
        {
            "area": 113.0,
            "floor": 12,
            "is_repurchased": false,
            "lease_price_list": [
                {
                    "lease": null,
                    "price": 363400
                }
            ],
            "unit": 513
        },
        {
            "area": 113.0,
            "floor": 19,
            "is_repurchased": false,
            "lease_price_list": [
                {
                    "lease": null,
                    "price": 373000
                }
            ],
            "unit": 513
        },
        {
            "area": 113.0,
            "floor": 2,
            "is_repurchased": false,
            "lease_price_list": [
                {
                    "lease": null,
                    "price": 325500
                }
            ],
            "unit": 515
        },
        {
            "area": 113.0,
            "floor": 4,
            "is_repurchased": false,
            "lease_price_list": [
                {
                    "lease": null,
                    "price": 337500
                }
            ],
            "unit": 515
        }
    ],
    "block_code": {
        "block_num": "810A",
        "contract": "C6",
        "neighbourhood": "N8"
    },
    "dpd_date": "NA (Keys Available)",
    "flat_type": "5-Room",
    "lcd_date": "01 Nov 2017",
    "pcd_date": "-",
    "quota_chinese": 8,
    "quota_malay": 3,
    "quota_other": 1,
    "street": "CHOA CHU KANG AVE 7",
    "town": "Choa Chu Kang"
},
{
    "apartments": [
        {
            "area": 113.0,
            "floor": 2,
            "is_repurchased": false,
            "lease_price_list": [
                {
                    "lease": null,
                    "price": 325500
                }
            ],
            "unit": 517
        },
        {
            "area": 113.0,
            "floor": 3,
            "is_repurchased": false,
            "lease_price_list": [
                {
                    "lease": null,
                    "price": 331500
                }
            ],
            "unit": 517
        },
        {
            "area": 113.0,
            "floor": 4,
            "is_repurchased": false,
            "lease_price_list": [
                {
                    "lease": null,
                    "price": 337500
                }
            ],
            "unit": 517
        },
        {
            "area": 113.0,
            "floor": 8,
            "is_repurchased": false,
            "lease_price_list": [
                {
                    "lease": null,
                    "price": 357000
                }
            ],
            "unit": 517
        },
        {
            "area": 113.0,
            "floor": 2,
            "is_repurchased": false,
            "lease_price_list": [
                {
                    "lease": null,
                    "price": 325500
                }
            ],
            "unit": 523
        },
        {
            "area": 113.0,
            "floor": 3,
            "is_repurchased": false,
            "lease_price_list": [
                {
                    "lease": null,
                    "price": 331500
                }
            ],
            "unit": 523
        },
        {
            "area": 113.0,
            "floor": 4,
            "is_repurchased": false,
            "lease_price_list": [
                {
                    "lease": null,
                    "price": 337500
                }
            ],
            "unit": 523
        },
        {
            "area": 113.0,
            "floor": 2,
            "is_repurchased": false,
            "lease_price_list": [
                {
                    "lease": null,
                    "price": 325500
                }
            ],
            "unit": 527
        },
        {
            "area": 113.0,
            "floor": 3,
            "is_repurchased": false,
            "lease_price_list": [
                {
                    "lease": null,
                    "price": 331500
                }
            ],
            "unit": 527
        },
        {
            "area": 113.0,
            "floor": 18,
            "is_repurchased": false,
            "lease_price_list": [
                {
                    "lease": null,
                    "price": 371400
                }
            ],
            "unit": 527
        },
        {
            "area": 113.0,
            "floor": 2,
            "is_repurchased": false,
            "lease_price_list": [
                {
                    "lease": null,
                    "price": 319400
                }
            ],
            "unit": 529
        },
        {
            "area": 113.0,
            "floor": 4,
            "is_repurchased": false,
            "lease_price_list": [
                {
                    "lease": null,
                    "price": 337500
                }
            ],
            "unit": 529
        },
        {
            "area": 113.0,
            "floor": 11,
            "is_repurchased": false,
            "lease_price_list": [
                {
                    "lease": null,
                    "price": 361800
                }
            ],
            "unit": 529
        }
    ],
    "block_code": {
        "block_num": "810B",
        "contract": "C6",
        "neighbourhood": "N8"
    },
    "dpd_date": "NA (Keys Available)",
    "flat_type": "5-Room",
    "lcd_date": "01 Nov 2017",
    "pcd_date": "-",
    "quota_chinese": 13,
    "quota_malay": 5,
    "quota_other": 8,
    "street": "CHOA CHU KANG AVE 7",
    "town": "Choa Chu Kang"
},
{
    "apartments": [
        {
            "area": 113.0,
            "floor": 2,
            "is_repurchased": false,
            "lease_price_list": [
                {
                    "lease": null,
                    "price": 319400
                }
            ],
            "unit": 665
        },
        {
            "area": 113.0,
            "floor": 3,
            "is_repurchased": false,
            "lease_price_list": [
                {
                    "lease": null,
                    "price": 325400
                }
            ],
            "unit": 665
        },
        {
            "area": 113.0,
            "floor": 4,
            "is_repurchased": false,
            "lease_price_list": [
                {
                    "lease": null,
                    "price": 331400
                }
            ],
            "unit": 665
        },
        {
            "area": 113.0,
            "floor": 2,
            "is_repurchased": false,
            "lease_price_list": [
                {
                    "lease": null,
                    "price": 325500
                }
            ],
            "unit": 669
        },
        {
            "area": 113.0,
            "floor": 3,
            "is_repurchased": false,
            "lease_price_list": [
                {
                    "lease": null,
                    "price": 313300
                }
            ],
            "unit": 677
        },
        {
            "area": 113.0,
            "floor": 4,
            "is_repurchased": false,
            "lease_price_list": [
                {
                    "lease": null,
                    "price": 313200
                }
            ],
            "unit": 677
        },
        {
            "area": 113.0,
            "floor": 5,
            "is_repurchased": false,
            "lease_price_list": [
                {
                    "lease": null,
                    "price": 325300
                }
            ],
            "unit": 677
        },
        {
            "area": 113.0,
            "floor": 2,
            "is_repurchased": false,
            "lease_price_list": [
                {
                    "lease": null,
                    "price": 307300
                }
            ],
            "unit": 679
        },
        {
            "area": 113.0,
            "floor": 3,
            "is_repurchased": false,
            "lease_price_list": [
                {
                    "lease": null,
                    "price": 313300
                }
            ],
            "unit": 679
        },
        {
            "area": 113.0,
            "floor": 4,
            "is_repurchased": false,
            "lease_price_list": [
                {
                    "lease": null,
                    "price": 319300
                }
            ],
            "unit": 679
        },
        {
            "area": 113.0,
            "floor": 5,
            "is_repurchased": false,
            "lease_price_list": [
                {
                    "lease": null,
                    "price": 325300
                }
            ],
            "unit": 679
        },
        {
            "area": 113.0,
            "floor": 10,
            "is_repurchased": false,
            "lease_price_list": [
                {
                    "lease": null,
                    "price": 366300
                }
            ],
            "unit": 679
        }
    ],
    "block_code": {
        "block_num": "812A",
        "contract": "C6",
        "neighbourhood": "N8"
    },
    "dpd_date": "NA (Keys Available)",
    "flat_type": "5-Room",
    "lcd_date": "01 Nov 2017",
    "pcd_date": "-",
    "quota_chinese": 12,
    "quota_malay": 4,
    "quota_other": 2,
    "street": "CHOA CHU KANG AVE 7",
    "town": "Choa Chu Kang"
},
{
    "apartments": [
        {
            "area": 113.0,
            "floor": 2,
            "is_repurchased": false,
            "lease_price_list": [
                {
                    "lease": null,
                    "price": 325500
                }
            ],
            "unit": 633
        },
        {
            "area": 113.0,
            "floor": 3,
            "is_repurchased": false,
            "lease_price_list": [
                {
                    "lease": null,
                    "price": 331500
                }
            ],
            "unit": 633
        },
        {
            "area": 113.0,
            "floor": 4,
            "is_repurchased": false,
            "lease_price_list": [
                {
                    "lease": null,
                    "price": 337500
                }
            ],
            "unit": 633
        },
        {
            "area": 113.0,
            "floor": 18,
            "is_repurchased": false,
            "lease_price_list": [
                {
                    "lease": null,
                    "price": 371400
                }
            ],
            "unit": 633
        },
        {
            "area": 113.0,
            "floor": 2,
            "is_repurchased": false,
            "lease_price_list": [
                {
                    "lease": null,
                    "price": 325500
                }
            ],
            "unit": 639
        },
        {
            "area": 113.0,
            "floor": 3,
            "is_repurchased": false,
            "lease_price_list": [
                {
                    "lease": null,
                    "price": 331500
                }
            ],
            "unit": 639
        },
        {
            "area": 113.0,
            "floor": 2,
            "is_repurchased": false,
            "lease_price_list": [
                {
                    "lease": null,
                    "price": 319400
                }
            ],
            "unit": 643
        },
        {
            "area": 113.0,
            "floor": 3,
            "is_repurchased": false,
            "lease_price_list": [
                {
                    "lease": null,
                    "price": 331500
                }
            ],
            "unit": 643
        },
        {
            "area": 113.0,
            "floor": 2,
            "is_repurchased": false,
            "lease_price_list": [
                {
                    "lease": null,
                    "price": 325500
                }
            ],
            "unit": 645
        },
        {
            "area": 113.0,
            "floor": 3,
            "is_repurchased": false,
            "lease_price_list": [
                {
                    "lease": null,
                    "price": 331500
                }
            ],
            "unit": 645
        }
    ],
    "block_code": {
        "block_num": "812B",
        "contract": "C6",
        "neighbourhood": "N8"
    },
    "dpd_date": "NA (Keys Available)",
    "flat_type": "5-Room",
    "lcd_date": "01 Nov 2017",
    "pcd_date": "-",
    "quota_chinese": 10,
    "quota_malay": 4,
    "quota_other": 3,
    "street": "CHOA CHU KANG AVE 7",
    "town": "Choa Chu Kang"
},
{
    "apartments": [
        {
            "area": 113.0,
            "floor": 2,
            "is_repurchased": false,
            "lease_price_list": [
                {
                    "lease": null,
                    "price": 325500
                }
            ],
            "unit": 617
        },
        {
            "area": 113.0,
            "floor": 3,
            "is_repurchased": false,
            "lease_price_list": [
                {
                    "lease": null,
                    "price": 331500
                }
            ],
            "unit": 617
        },
        {
            "area": 113.0,
            "floor": 4,
            "is_repurchased": false,
            "lease_price_list": [
                {
                    "lease": null,
                    "price": 337500
                }
            ],
            "unit": 617
        },
        {
            "area": 113.0,
            "floor": 5,
            "is_repurchased": false,
            "lease_price_list": [
                {
                    "lease": null,
                    "price": 343500
                }
            ],
            "unit": 617
        },
        {
            "area": 113.0,
            "floor": 2,
            "is_repurchased": false,
            "lease_price_list": [
                {
                    "lease": null,
                    "price": 325500
                }
            ],
            "unit": 623
        },
        {
            "area": 113.0,
            "floor": 3,
            "is_repurchased": false,
            "lease_price_list": [
                {
                    "lease": null,
                    "price": 331500
                }
            ],
            "unit": 623
        },
        {
            "area": 113.0,
            "floor": 4,
            "is_repurchased": false,
            "lease_price_list": [
                {
                    "lease": null,
                    "price": 337500
                }
            ],
            "unit": 623
        },
        {
            "area": 113.0,
            "floor": 5,
            "is_repurchased": false,
            "lease_price_list": [
                {
                    "lease": null,
                    "price": 343500
                }
            ],
            "unit": 623
        },
        {
            "area": 113.0,
            "floor": 2,
            "is_repurchased": false,
            "lease_price_list": [
                {
                    "lease": null,
                    "price": 319400
                }
            ],
            "unit": 627
        },
        {
            "area": 113.0,
            "floor": 3,
            "is_repurchased": false,
            "lease_price_list": [
                {
                    "lease": null,
                    "price": 325400
                }
            ],
            "unit": 627
        },
        {
            "area": 113.0,
            "floor": 4,
            "is_repurchased": false,
            "lease_price_list": [
                {
                    "lease": null,
                    "price": 331400
                }
            ],
            "unit": 627
        },
        {
            "area": 113.0,
            "floor": 11,
            "is_repurchased": false,
            "lease_price_list": [
                {
                    "lease": null,
                    "price": 355700
                }
            ],
            "unit": 627
        },
        {
            "area": 113.0,
            "floor": 13,
            "is_repurchased": false,
            "lease_price_list": [
                {
                    "lease": null,
                    "price": 358900
                }
            ],
            "unit": 627
        },
        {
            "area": 113.0,
            "floor": 2,
            "is_repurchased": false,
            "lease_price_list": [
                {
                    "lease": null,
                    "price": 319400
                }
            ],
            "unit": 629
        },
        {
            "area": 113.0,
            "floor": 3,
            "is_repurchased": false,
            "lease_price_list": [
                {
                    "lease": null,
                    "price": 325400
                }
            ],
            "unit": 629
        },
        {
            "area": 113.0,
            "floor": 4,
            "is_repurchased": false,
            "lease_price_list": [
                {
                    "lease": null,
                    "price": 331400
                }
            ],
            "unit": 629
        },
        {
            "area": 113.0,
            "floor": 5,
            "is_repurchased": false,
            "lease_price_list": [
                {
                    "lease": null,
                    "price": 337400
                }
            ],
            "unit": 629
        }
    ],
    "block_code": {
        "block_num": "812C",
        "contract": "C6",
        "neighbourhood": "N8"
    },
    "dpd_date": "NA (Keys Available)",
    "flat_type": "5-Room",
    "lcd_date": "01 Nov 2017",
    "pcd_date": "-",
    "quota_chinese": 17,
    "quota_malay": 0,
    "quota_other": 12,
    "street": "CHOA CHU KANG AVE 7",
    "town": "Choa Chu Kang"
},
{
    "apartments": [
        {
            "area": 113.0,
            "floor": 17,
            "is_repurchased": false,
            "lease_price_list": [
                {
                    "lease": null,
                    "price": 380600
                }
            ],
            "unit": 17
        },
        {
            "area": 113.0,
            "floor": 14,
            "is_repurchased": false,
            "lease_price_list": [
                {
                    "lease": null,
                    "price": 381800
                }
            ],
            "unit": 23
        }
    ],
    "block_code": {
        "block_num": "815B",
        "contract": "C8",
        "neighbourhood": "N8"
    },
    "dpd_date": "NA (Keys Available)",
    "flat_type": "5-Room",
    "lcd_date": "01 Mar 2017",
    "pcd_date": "-",
    "quota_chinese": 2,
    "quota_malay": 2,
    "quota_other": 2,
    "street": "CHOA CHU KANG AVE 7",
    "town": "Choa Chu Kang"
},
{
    "apartments": [
        {
            "area": 113.0,
            "floor": 15,
            "is_repurchased": false,
            "lease_price_list": [
                {
                    "lease": null,
                    "price": 395500
                }
            ],
            "unit": 47
        },
        {
            "area": 113.0,
            "floor": 11,
            "is_repurchased": false,
            "lease_price_list": [
                {
                    "lease": null,
                    "price": 389100
                }
            ],
            "unit": 49
        },
        {
            "area": 113.0,
            "floor": 2,
            "is_repurchased": false,
            "lease_price_list": [
                {
                    "lease": null,
                    "price": 328700
                }
            ],
            "unit": 53
        },
        {
            "area": 113.0,
            "floor": 7,
            "is_repurchased": false,
            "lease_price_list": [
                {
                    "lease": null,
                    "price": 361700
                }
            ],
            "unit": 53
        },
        {
            "area": 113.0,
            "floor": 2,
            "is_repurchased": false,
            "lease_price_list": [
                {
                    "lease": null,
                    "price": 328700
                }
            ],
            "unit": 55
        },
        {
            "area": 113.0,
            "floor": 5,
            "is_repurchased": false,
            "lease_price_list": [
                {
                    "lease": null,
                    "price": 352700
                }
            ],
            "unit": 55
        }
    ],
    "block_code": {
        "block_num": "815C",
        "contract": "C8",
        "neighbourhood": "N8"
    },
    "dpd_date": "NA (Keys Available)",
    "flat_type": "5-Room",
    "lcd_date": "01 Mar 2017",
    "pcd_date": "-",
    "quota_chinese": 6,
    "quota_malay": 6,
    "quota_other": 6,
    "street": "CHOA CHU KANG AVE 7",
    "town": "Choa Chu Kang"
},
{
    "apartments": [
        {
            "area": 112.0,
            "floor": 2,
            "is_repurchased": false,
            "lease_price_list": [
                {
                    "lease": null,
                    "price": 345200
                }
            ],
            "unit": 55
        },
        {
            "area": 112.0,
            "floor": 2,
            "is_repurchased": false,
            "lease_price_list": [
                {
                    "lease": null,
                    "price": 339100
                }
            ],
            "unit": 57
        },
        {
            "area": 112.0,
            "floor": 3,
            "is_repurchased": false,
            "lease_price_list": [
                {
                    "lease": null,
                    "price": 345100
                }
            ],
            "unit": 59
        },
        {
            "area": 112.0,
            "floor": 4,
            "is_repurchased": false,
            "lease_price_list": [
                {
                    "lease": null,
                    "price": 357200
                }
            ],
            "unit": 61
        }
    ],
    "block_code": {
        "block_num": "816A",
        "contract": "C910",
        "neighbourhood": "N8"
    },
    "dpd_date": "NA (Keys Available)",
    "flat_type": "5-Room",
    "lcd_date": "01 Sep 2017",
    "pcd_date": "-",
    "quota_chinese": 4,
    "quota_malay": 4,
    "quota_other": 4,
    "street": "KEAT HONG LINK",
    "town": "Choa Chu Kang"
},
{
    "apartments": [
        {
            "area": 112.0,
            "floor": 4,
            "is_repurchased": false,
            "lease_price_list": [
                {
                    "lease": null,
                    "price": 363300
                }
            ],
            "unit": 69
        },
        {
            "area": 112.0,
            "floor": 14,
            "is_repurchased": false,
            "lease_price_list": [
                {
                    "lease": null,
                    "price": 392400
                }
            ],
            "unit": 69
        }
    ],
    "block_code": {
        "block_num": "816B",
        "contract": "C910",
        "neighbourhood": "N8"
    },
    "dpd_date": "NA (Keys Available)",
    "flat_type": "5-Room",
    "lcd_date": "01 Sep 2017",
    "pcd_date": "-",
    "quota_chinese": 2,
    "quota_malay": 2,
    "quota_other": 1,
    "street": "KEAT HONG LINK",
    "town": "Choa Chu Kang"
},
{
    "apartments": [
        {
            "area": 112.0,
            "floor": 14,
            "is_repurchased": false,
            "lease_price_list": [
                {
                    "lease": null,
                    "price": 386300
                }
            ],
            "unit": 85
        },
        {
            "area": 112.0,
            "floor": 6,
            "is_repurchased": false,
            "lease_price_list": [
                {
                    "lease": null,
                    "price": 361600
                }
            ],
            "unit": 87
        },
        {
            "area": 112.0,
            "floor": 4,
            "is_repurchased": false,
            "lease_price_list": [
                {
                    "lease": null,
                    "price": 357200
                }
            ],
            "unit": 89
        }
    ],
    "block_code": {
        "block_num": "817A",
        "contract": "C910",
        "neighbourhood": "N8"
    },
    "dpd_date": "NA (Keys Available)",
    "flat_type": "5-Room",
    "lcd_date": "01 Sep 2017",
    "pcd_date": "-",
    "quota_chinese": 3,
    "quota_malay": 3,
    "quota_other": 3,
    "street": "KEAT HONG LINK",
    "town": "Choa Chu Kang"
},
{
    "apartments": [
        {
            "area": 112.0,
            "floor": 17,
            "is_repurchased": true,
            "lease_price_list": [
                {
                    "lease": null,
                    "price": 380600
                }
            ],
            "unit": 103
        }
    ],
    "block_code": {
        "block_num": "817B",
        "contract": "C910",
        "neighbourhood": "N8"
    },
    "dpd_date": "NA (Keys Available)",
    "flat_type": "5-Room",
    "lcd_date": "01 Sep 2017",
    "pcd_date": "-",
    "quota_chinese": 1,
    "quota_malay": 1,
    "quota_other": 1,
    "street": "KEAT HONG LINK",
    "town": "Choa Chu Kang"
},
{
    "apartments": [
        {
            "area": 112.0,
            "floor": 17,
            "is_repurchased": false,
            "lease_price_list": [
                {
                    "lease": null,
                    "price": 385000
                }
            ],
            "unit": 119
        },
        {
            "area": 112.0,
            "floor": 12,
            "is_repurchased": false,
            "lease_price_list": [
                {
                    "lease": null,
                    "price": 383100
                }
            ],
            "unit": 121
        }
    ],
    "block_code": {
        "block_num": "817C",
        "contract": "C910",
        "neighbourhood": "N8"
    },
    "dpd_date": "NA (Keys Available)",
    "flat_type": "5-Room",
    "lcd_date": "01 Sep 2017",
    "pcd_date": "-",
    "quota_chinese": 2,
    "quota_malay": 2,
    "quota_other": 2,
    "street": "KEAT HONG LINK",
    "town": "Choa Chu Kang"
},
{
    "apartments": [
        {
            "area": 112.0,
            "floor": 9,
            "is_repurchased": false,
            "lease_price_list": [
                {
                    "lease": null,
                    "price": 390500
                }
            ],
            "unit": 134
        },
        {
            "area": 112.0,
            "floor": 17,
            "is_repurchased": false,
            "lease_price_list": [
                {
                    "lease": null,
                    "price": 397200
                }
            ],
            "unit": 138
        },
        {
            "area": 112.0,
            "floor": 4,
            "is_repurchased": false,
            "lease_price_list": [
                {
                    "lease": null,
                    "price": 357200
                }
            ],
            "unit": 140
        }
    ],
    "block_code": {
        "block_num": "818C",
        "contract": "C910",
        "neighbourhood": "N8"
    },
    "dpd_date": "NA (Keys Available)",
    "flat_type": "5-Room",
    "lcd_date": "01 Sep 2017",
    "pcd_date": "-",
    "quota_chinese": 3,
    "quota_malay": 3,
    "quota_other": 3,
    "street": "CHOA CHU KANG AVE 1",
    "town": "Choa Chu Kang"
}]
