[{
    "apartments": [
        {
            "area": 142.0,
            "floor": 11,
            "is_repurchased": true,
            "lease_price_list": [
                {
                    "lease": null,
                    "price": 495000
                }
            ],
            "unit": 73
        }
    ],
    "block_code": {
        "block_num": "461",
        "contract": "C11",
        "neighbourhood": "N4"
    },
    "dpd_date": "NA (Keys Available)",
    "flat_type": "Executive",
    "lcd_date": "01 Apr 2000",
    "pcd_date": "-",
    "quota_chinese": 1,
    "quota_malay": 1,
    "quota_other": 1,
    "street": "CHOA CHU KANG AVE 4",
    "town": "Choa Chu Kang"
},
{
    "apartments": [
        {
            "area": 146.0,
            "floor": 3,
            "is_repurchased": true,
            "lease_price_list": [
                {
                    "lease": null,
                    "price": 460000
                }
            ],
            "unit": 309
        }
    ],
    "block_code": {
        "block_num": "523",
        "contract": "C5",
        "neighbourhood": "N5"
    },
    "dpd_date": "NA (Keys Available)",
    "flat_type": "Executive",
    "lcd_date": "01 Feb 1995",
    "pcd_date": "-",
    "quota_chinese": 1,
    "quota_malay": 1,
    "quota_other": 1,
    "street": "CHOA CHU KANG ST 51",
    "town": "Choa Chu Kang"
},
{
    "apartments": [
        {
            "area": 146.0,
            "floor": 11,
            "is_repurchased": true,
            "lease_price_list": [
                {
                    "lease": null,
                    "price": 525000
                }
            ],
            "unit": 125
        }
    ],
    "block_code": {
        "block_num": "757",
        "contract": "C4",
        "neighbourhood": "N7"
    },
    "dpd_date": "NA (Keys Available)",
    "flat_type": "Executive",
    "lcd_date": "01 Aug 1995",
    "pcd_date": "-",
    "quota_chinese": 1,
    "quota_malay": 1,
    "quota_other": 1,
    "street": "CHOA CHU KANG NTH 5",
    "town": "Choa Chu Kang"
}]
