[{
    "apartments": [
        {
            "area": 67.0,
            "floor": 15,
            "is_repurchased": false,
            "lease_price_list": [
                {
                    "lease": null,
                    "price": 247500
                }
            ],
            "unit": 300
        }
    ],
    "block_code": {
        "block_num": "308C",
        "contract": "C20",
        "neighbourhood": "S3"
    },
    "dpd_date": "NA (Keys Available)",
    "flat_type": "3-Room (income ceiling $12,000)",
    "lcd_date": "01 Mar 2016",
    "pcd_date": "-",
    "quota_chinese": 1,
    "quota_malay": 1,
    "quota_other": 1,
    "street": "PUNGGOL WALK",
    "town": "Punggol"
},
{
    "apartments": [
        {
            "area": 68.0,
            "floor": 9,
            "is_repurchased": false,
            "lease_price_list": [
                {
                    "lease": null,
                    "price": 237300
                }
            ],
            "unit": 609
        }
    ],
    "block_code": {
        "block_num": "314A",
        "contract": "C31",
        "neighbourhood": "S3"
    },
    "dpd_date": "NA (Keys Available)",
    "flat_type": "3-Room (income ceiling $12,000)",
    "lcd_date": "01 Sep 2017",
    "pcd_date": "-",
    "quota_chinese": 1,
    "quota_malay": 1,
    "quota_other": 1,
    "street": "PUNGGOL WAY",
    "town": "Punggol"
},
{
    "apartments": [
        {
            "area": 68.0,
            "floor": 12,
            "is_repurchased": false,
            "lease_price_list": [
                {
                    "lease": null,
                    "price": 236300
                }
            ],
            "unit": 651
        },
        {
            "area": 68.0,
            "floor": 11,
            "is_repurchased": false,
            "lease_price_list": [
                {
                    "lease": null,
                    "price": 235300
                }
            ],
            "unit": 653
        },
        {
            "area": 68.0,
            "floor": 17,
            "is_repurchased": false,
            "lease_price_list": [
                {
                    "lease": null,
                    "price": 241300
                }
            ],
            "unit": 653
        }
    ],
    "block_code": {
        "block_num": "315A",
        "contract": "C31",
        "neighbourhood": "S3"
    },
    "dpd_date": "NA (Keys Available)",
    "flat_type": "3-Room (income ceiling $12,000)",
    "lcd_date": "01 Sep 2017",
    "pcd_date": "-",
    "quota_chinese": 3,
    "quota_malay": 3,
    "quota_other": 3,
    "street": "PUNGGOL WAY",
    "town": "Punggol"
},
{
    "apartments": [
        {
            "area": 68.0,
            "floor": 9,
            "is_repurchased": false,
            "lease_price_list": [
                {
                    "lease": null,
                    "price": 245300
                }
            ],
            "unit": 677
        }
    ],
    "block_code": {
        "block_num": "315B",
        "contract": "C31",
        "neighbourhood": "S3"
    },
    "dpd_date": "NA (Keys Available)",
    "flat_type": "3-Room (income ceiling $12,000)",
    "lcd_date": "01 Sep 2017",
    "pcd_date": "-",
    "quota_chinese": 1,
    "quota_malay": 1,
    "quota_other": 1,
    "street": "PUNGGOL WAY",
    "town": "Punggol"
},
{
    "apartments": [
        {
            "area": 68.0,
            "floor": 6,
            "is_repurchased": false,
            "lease_price_list": [
                {
                    "lease": null,
                    "price": 235300
                }
            ],
            "unit": 719
        }
    ],
    "block_code": {
        "block_num": "316B",
        "contract": "C31",
        "neighbourhood": "S3"
    },
    "dpd_date": "NA (Keys Available)",
    "flat_type": "3-Room (income ceiling $12,000)",
    "lcd_date": "01 Sep 2017",
    "pcd_date": "-",
    "quota_chinese": 1,
    "quota_malay": 1,
    "quota_other": 1,
    "street": "PUNGGOL WAY",
    "town": "Punggol"
},
{
    "apartments": [
        {
            "area": 68.0,
            "floor": 18,
            "is_repurchased": false,
            "lease_price_list": [
                {
                    "lease": null,
                    "price": 218700
                }
            ],
            "unit": 614
        }
    ],
    "block_code": {
        "block_num": "661A",
        "contract": "C36",
        "neighbourhood": "S6"
    },
    "dpd_date": "NA (Keys Available)",
    "flat_type": "3-Room (income ceiling $12,000)",
    "lcd_date": "01 May 2017",
    "pcd_date": "-",
    "quota_chinese": 1,
    "quota_malay": 1,
    "quota_other": 1,
    "street": "EDGEDALE PLAINS",
    "town": "Punggol"
},
{
    "apartments": [
        {
            "area": 68.0,
            "floor": 9,
            "is_repurchased": false,
            "lease_price_list": [
                {
                    "lease": null,
                    "price": 218000
                }
            ],
            "unit": 672
        },
        {
            "area": 68.0,
            "floor": 18,
            "is_repurchased": false,
            "lease_price_list": [
                {
                    "lease": null,
                    "price": 227000
                }
            ],
            "unit": 672
        }
    ],
    "block_code": {
        "block_num": "662B",
        "contract": "C36",
        "neighbourhood": "S6"
    },
    "dpd_date": "NA (Keys Available)",
    "flat_type": "3-Room (income ceiling $12,000)",
    "lcd_date": "01 May 2017",
    "pcd_date": "-",
    "quota_chinese": 2,
    "quota_malay": 2,
    "quota_other": 2,
    "street": "EDGEDALE PLAINS",
    "town": "Punggol"
},
{
    "apartments": [
        {
            "area": 68.0,
            "floor": 10,
            "is_repurchased": false,
            "lease_price_list": [
                {
                    "lease": null,
                    "price": 229400
                }
            ],
            "unit": 612
        },
        {
            "area": 68.0,
            "floor": 11,
            "is_repurchased": false,
            "lease_price_list": [
                {
                    "lease": null,
                    "price": 230400
                }
            ],
            "unit": 614
        }
    ],
    "block_code": {
        "block_num": "670A",
        "contract": "C39",
        "neighbourhood": "S6"
    },
    "dpd_date": "NA (Keys Available)",
    "flat_type": "3-Room (income ceiling $12,000)",
    "lcd_date": "01 Jun 2016",
    "pcd_date": "-",
    "quota_chinese": 2,
    "quota_malay": 2,
    "quota_other": 2,
    "street": "EDGEFIELD PLAINS",
    "town": "Punggol"
},
{
    "apartments": [
        {
            "area": 68.0,
            "floor": 3,
            "is_repurchased": false,
            "lease_price_list": [
                {
                    "lease": null,
                    "price": 210100
                }
            ],
            "unit": 636
        },
        {
            "area": 67.0,
            "floor": 9,
            "is_repurchased": false,
            "lease_price_list": [
                {
                    "lease": null,
                    "price": 226500
                }
            ],
            "unit": 646
        }
    ],
    "block_code": {
        "block_num": "670C",
        "contract": "C39",
        "neighbourhood": "S6"
    },
    "dpd_date": "NA (Keys Available)",
    "flat_type": "3-Room (income ceiling $12,000)",
    "lcd_date": "01 Jun 2016",
    "pcd_date": "-",
    "quota_chinese": 2,
    "quota_malay": 2,
    "quota_other": 0,
    "street": "EDGEFIELD PLAINS",
    "town": "Punggol"
},
{
    "apartments": [
        {
            "area": 68.0,
            "floor": 14,
            "is_repurchased": false,
            "lease_price_list": [
                {
                    "lease": null,
                    "price": 209400
                }
            ],
            "unit": 757
        }
    ],
    "block_code": {
        "block_num": "682A",
        "contract": "C39B",
        "neighbourhood": "S6"
    },
    "dpd_date": "NA (Keys Available)",
    "flat_type": "3-Room (income ceiling $12,000)",
    "lcd_date": "01 Aug 2018",
    "pcd_date": "-",
    "quota_chinese": 1,
    "quota_malay": 1,
    "quota_other": 1,
    "street": "EDGEDALE PLAINS",
    "town": "Punggol"
},
{
    "apartments": [
        {
            "area": 68.0,
            "floor": 16,
            "is_repurchased": false,
            "lease_price_list": [
                {
                    "lease": null,
                    "price": 219400
                }
            ],
            "unit": 727
        }
    ],
    "block_code": {
        "block_num": "682C",
        "contract": "C39B",
        "neighbourhood": "S6"
    },
    "dpd_date": "NA (Keys Available)",
    "flat_type": "3-Room (income ceiling $12,000)",
    "lcd_date": "01 Aug 2018",
    "pcd_date": "-",
    "quota_chinese": 1,
    "quota_malay": 1,
    "quota_other": 1,
    "street": "EDGEDALE PLAINS",
    "town": "Punggol"
},
{
    "apartments": [
        {
            "area": 68.0,
            "floor": 13,
            "is_repurchased": false,
            "lease_price_list": [
                {
                    "lease": null,
                    "price": 215800
                }
            ],
            "unit": 713
        }
    ],
    "block_code": {
        "block_num": "683A",
        "contract": "C39B",
        "neighbourhood": "S6"
    },
    "dpd_date": "31 Jul 2018",
    "flat_type": "3-Room (income ceiling $12,000)",
    "lcd_date": "-",
    "pcd_date": "06/2017",
    "quota_chinese": 1,
    "quota_malay": 1,
    "quota_other": 1,
    "street": "EDGEDALE PLAINS",
    "town": "Punggol"
}]
