[{
    "apartments": [
        {
            "area": 67.0,
            "floor": 16,
            "is_repurchased": false,
            "lease_price_list": [
                {
                    "lease": null,
                    "price": 200100
                }
            ],
            "unit": 275
        }
    ],
    "block_code": {
        "block_num": "120A",
        "contract": "C44",
        "neighbourhood": "S1"
    },
    "dpd_date": "NA (Keys Available)",
    "flat_type": "3-Room (income ceiling $6,000)",
    "lcd_date": "01 May 2017",
    "pcd_date": "-",
    "quota_chinese": 1,
    "quota_malay": 1,
    "quota_other": 1,
    "street": "EDGEDALE PLAINS",
    "town": "Punggol"
},
{
    "apartments": [
        {
            "area": 68.0,
            "floor": 13,
            "is_repurchased": false,
            "lease_price_list": [
                {
                    "lease": null,
                    "price": 197100
                }
            ],
            "unit": 293
        }
    ],
    "block_code": {
        "block_num": "120B",
        "contract": "C44",
        "neighbourhood": "S1"
    },
    "dpd_date": "NA (Keys Available)",
    "flat_type": "3-Room (income ceiling $6,000)",
    "lcd_date": "01 May 2017",
    "pcd_date": "-",
    "quota_chinese": 1,
    "quota_malay": 1,
    "quota_other": 0,
    "street": "EDGEDALE PLAINS",
    "town": "Punggol"
},
{
    "apartments": [
        {
            "area": 68.0,
            "floor": 3,
            "is_repurchased": false,
            "lease_price_list": [
                {
                    "lease": null,
                    "price": 185000
                }
            ],
            "unit": 163
        }
    ],
    "block_code": {
        "block_num": "122B",
        "contract": "C44",
        "neighbourhood": "S1"
    },
    "dpd_date": "NA (Keys Available)",
    "flat_type": "3-Room (income ceiling $6,000)",
    "lcd_date": "01 May 2017",
    "pcd_date": "-",
    "quota_chinese": 1,
    "quota_malay": 1,
    "quota_other": 1,
    "street": "EDGEDALE PLAINS",
    "town": "Punggol"
},
{
    "apartments": [
        {
            "area": 67.0,
            "floor": 4,
            "is_repurchased": false,
            "lease_price_list": [
                {
                    "lease": null,
                    "price": 200400
                }
            ],
            "unit": 914
        }
    ],
    "block_code": {
        "block_num": "208B",
        "contract": "C8",
        "neighbourhood": "S2"
    },
    "dpd_date": "NA (Keys Available)",
    "flat_type": "3-Room (income ceiling $6,000)",
    "lcd_date": "01 Jun 2014",
    "pcd_date": "-",
    "quota_chinese": 1,
    "quota_malay": 1,
    "quota_other": 0,
    "street": "PUNGGOL PL",
    "town": "Punggol"
},
{
    "apartments": [
        {
            "area": 67.0,
            "floor": 9,
            "is_repurchased": false,
            "lease_price_list": [
                {
                    "lease": null,
                    "price": 215300
                }
            ],
            "unit": 717
        }
    ],
    "block_code": {
        "block_num": "212B",
        "contract": "C15",
        "neighbourhood": "S2"
    },
    "dpd_date": "NA (Keys Available)",
    "flat_type": "3-Room (income ceiling $6,000)",
    "lcd_date": "01 Apr 2015",
    "pcd_date": "-",
    "quota_chinese": 1,
    "quota_malay": 1,
    "quota_other": 1,
    "street": "PUNGGOL WALK",
    "town": "Punggol"
},
{
    "apartments": [
        {
            "area": 68.0,
            "floor": 17,
            "is_repurchased": false,
            "lease_price_list": [
                {
                    "lease": null,
                    "price": 212600
                }
            ],
            "unit": 91
        },
        {
            "area": 68.0,
            "floor": 2,
            "is_repurchased": false,
            "lease_price_list": [
                {
                    "lease": null,
                    "price": 184600
                }
            ],
            "unit": 93
        },
        {
            "area": 68.0,
            "floor": 14,
            "is_repurchased": false,
            "lease_price_list": [
                {
                    "lease": null,
                    "price": 207300
                }
            ],
            "unit": 93
        }
    ],
    "block_code": {
        "block_num": "220A",
        "contract": "C36",
        "neighbourhood": "S2"
    },
    "dpd_date": "30 Nov 2018",
    "flat_type": "3-Room (income ceiling $6,000)",
    "lcd_date": "-",
    "pcd_date": "3Q/2017",
    "quota_chinese": 3,
    "quota_malay": 3,
    "quota_other": 1,
    "street": "SUMANG LANE",
    "town": "Punggol"
},
{
    "apartments": [
        {
            "area": 68.0,
            "floor": 4,
            "is_repurchased": false,
            "lease_price_list": [
                {
                    "lease": null,
                    "price": 176800
                }
            ],
            "unit": 13
        }
    ],
    "block_code": {
        "block_num": "221A",
        "contract": "C36",
        "neighbourhood": "S2"
    },
    "dpd_date": "30 Nov 2018",
    "flat_type": "3-Room (income ceiling $6,000)",
    "lcd_date": "-",
    "pcd_date": "4Q/2017",
    "quota_chinese": 1,
    "quota_malay": 1,
    "quota_other": 0,
    "street": "SUMANG LANE",
    "town": "Punggol"
},
{
    "apartments": [
        {
            "area": 68.0,
            "floor": 4,
            "is_repurchased": false,
            "lease_price_list": [
                {
                    "lease": null,
                    "price": 187300
                }
            ],
            "unit": 21
        }
    ],
    "block_code": {
        "block_num": "221B",
        "contract": "C36",
        "neighbourhood": "S2"
    },
    "dpd_date": "30 Nov 2018",
    "flat_type": "3-Room (income ceiling $6,000)",
    "lcd_date": "-",
    "pcd_date": "4Q/2017",
    "quota_chinese": 1,
    "quota_malay": 0,
    "quota_other": 0,
    "street": "SUMANG LANE",
    "town": "Punggol"
},
{
    "apartments": [
        {
            "area": 68.0,
            "floor": 8,
            "is_repurchased": false,
            "lease_price_list": [
                {
                    "lease": null,
                    "price": 201100
                }
            ],
            "unit": 143
        },
        {
            "area": 68.0,
            "floor": 18,
            "is_repurchased": false,
            "lease_price_list": [
                {
                    "lease": null,
                    "price": 210100
                }
            ],
            "unit": 145
        },
        {
            "area": 68.0,
            "floor": 13,
            "is_repurchased": false,
            "lease_price_list": [
                {
                    "lease": null,
                    "price": 202800
                }
            ],
            "unit": 149
        }
    ],
    "block_code": {
        "block_num": "224A",
        "contract": "C36",
        "neighbourhood": "S2"
    },
    "dpd_date": "30 Nov 2018",
    "flat_type": "3-Room (income ceiling $6,000)",
    "lcd_date": "-",
    "pcd_date": "06/2017",
    "quota_chinese": 3,
    "quota_malay": 1,
    "quota_other": 1,
    "street": "SUMANG LANE",
    "town": "Punggol"
},
{
    "apartments": [
        {
            "area": 68.0,
            "floor": 2,
            "is_repurchased": false,
            "lease_price_list": [
                {
                    "lease": null,
                    "price": 181300
                }
            ],
            "unit": 123
        }
    ],
    "block_code": {
        "block_num": "224B",
        "contract": "C36",
        "neighbourhood": "S2"
    },
    "dpd_date": "30 Nov 2018",
    "flat_type": "3-Room (income ceiling $6,000)",
    "lcd_date": "-",
    "pcd_date": "06/2017",
    "quota_chinese": 1,
    "quota_malay": 0,
    "quota_other": 1,
    "street": "SUMANG LANE",
    "town": "Punggol"
},
{
    "apartments": [
        {
            "area": 68.0,
            "floor": 17,
            "is_repurchased": false,
            "lease_price_list": [
                {
                    "lease": null,
                    "price": 212600
                }
            ],
            "unit": 95
        },
        {
            "area": 68.0,
            "floor": 14,
            "is_repurchased": false,
            "lease_price_list": [
                {
                    "lease": null,
                    "price": 200300
                }
            ],
            "unit": 103
        }
    ],
    "block_code": {
        "block_num": "224C",
        "contract": "C36",
        "neighbourhood": "S2"
    },
    "dpd_date": "30 Nov 2018",
    "flat_type": "3-Room (income ceiling $6,000)",
    "lcd_date": "-",
    "pcd_date": "3Q/2017",
    "quota_chinese": 2,
    "quota_malay": 1,
    "quota_other": 0,
    "street": "SUMANG LANE",
    "town": "Punggol"
},
{
    "apartments": [
        {
            "area": 68.0,
            "floor": 5,
            "is_repurchased": false,
            "lease_price_list": [
                {
                    "lease": null,
                    "price": 201400
                }
            ],
            "unit": 327
        }
    ],
    "block_code": {
        "block_num": "233A",
        "contract": "C40",
        "neighbourhood": "S2"
    },
    "dpd_date": "31 Oct 2018",
    "flat_type": "3-Room (income ceiling $6,000)",
    "lcd_date": "-",
    "pcd_date": "10/2017",
    "quota_chinese": 1,
    "quota_malay": 1,
    "quota_other": 1,
    "street": "SUMANG LANE",
    "town": "Punggol"
},
{
    "apartments": [
        {
            "area": 68.0,
            "floor": 10,
            "is_repurchased": false,
            "lease_price_list": [
                {
                    "lease": null,
                    "price": 215500
                }
            ],
            "unit": 601
        }
    ],
    "block_code": {
        "block_num": "256A",
        "contract": "C30",
        "neighbourhood": "S2"
    },
    "dpd_date": "NA (Keys Available)",
    "flat_type": "3-Room (income ceiling $6,000)",
    "lcd_date": "01 Dec 2016",
    "pcd_date": "-",
    "quota_chinese": 1,
    "quota_malay": 1,
    "quota_other": 1,
    "street": "SUMANG WALK",
    "town": "Punggol"
},
{
    "apartments": [
        {
            "area": 68.0,
            "floor": 8,
            "is_repurchased": false,
            "lease_price_list": [
                {
                    "lease": null,
                    "price": 213500
                }
            ],
            "unit": 623
        },
        {
            "area": 68.0,
            "floor": 10,
            "is_repurchased": false,
            "lease_price_list": [
                {
                    "lease": null,
                    "price": 215500
                }
            ],
            "unit": 623
        }
    ],
    "block_code": {
        "block_num": "256B",
        "contract": "C30",
        "neighbourhood": "S2"
    },
    "dpd_date": "NA (Keys Available)",
    "flat_type": "3-Room (income ceiling $6,000)",
    "lcd_date": "01 Dec 2016",
    "pcd_date": "-",
    "quota_chinese": 2,
    "quota_malay": 2,
    "quota_other": 2,
    "street": "SUMANG WALK",
    "town": "Punggol"
},
{
    "apartments": [
        {
            "area": 68.0,
            "floor": 15,
            "is_repurchased": false,
            "lease_price_list": [
                {
                    "lease": null,
                    "price": 230700
                }
            ],
            "unit": 37
        }
    ],
    "block_code": {
        "block_num": "259B",
        "contract": "C28",
        "neighbourhood": "S2"
    },
    "dpd_date": "NA (Keys Available)",
    "flat_type": "3-Room (income ceiling $6,000)",
    "lcd_date": "01 Jun 2016",
    "pcd_date": "-",
    "quota_chinese": 1,
    "quota_malay": 1,
    "quota_other": 1,
    "street": "PUNGGOL FIELD",
    "town": "Punggol"
},
{
    "apartments": [
        {
            "area": 68.0,
            "floor": 13,
            "is_repurchased": false,
            "lease_price_list": [
                {
                    "lease": null,
                    "price": 214100
                }
            ],
            "unit": 956
        }
    ],
    "block_code": {
        "block_num": "326C",
        "contract": "C32",
        "neighbourhood": "S3"
    },
    "dpd_date": "31 Oct 2018",
    "flat_type": "3-Room (income ceiling $6,000)",
    "lcd_date": "-",
    "pcd_date": "10/2017",
    "quota_chinese": 1,
    "quota_malay": 1,
    "quota_other": 0,
    "street": "SUMANG WALK",
    "town": "Punggol"
},
{
    "apartments": [
        {
            "area": 68.0,
            "floor": 2,
            "is_repurchased": false,
            "lease_price_list": [
                {
                    "lease": null,
                    "price": 189000
                }
            ],
            "unit": 912
        }
    ],
    "block_code": {
        "block_num": "327A",
        "contract": "C32",
        "neighbourhood": "S3"
    },
    "dpd_date": "31 Oct 2018",
    "flat_type": "3-Room (income ceiling $6,000)",
    "lcd_date": "-",
    "pcd_date": "07/2017",
    "quota_chinese": 1,
    "quota_malay": 1,
    "quota_other": 1,
    "street": "SUMANG WALK",
    "town": "Punggol"
},
{
    "apartments": [
        {
            "area": 68.0,
            "floor": 6,
            "is_repurchased": false,
            "lease_price_list": [
                {
                    "lease": null,
                    "price": 199800
                }
            ],
            "unit": 940
        },
        {
            "area": 68.0,
            "floor": 8,
            "is_repurchased": false,
            "lease_price_list": [
                {
                    "lease": null,
                    "price": 209100
                }
            ],
            "unit": 940
        },
        {
            "area": 68.0,
            "floor": 4,
            "is_repurchased": false,
            "lease_price_list": [
                {
                    "lease": null,
                    "price": 195100
                }
            ],
            "unit": 946
        }
    ],
    "block_code": {
        "block_num": "327C",
        "contract": "C32",
        "neighbourhood": "S3"
    },
    "dpd_date": "31 Oct 2018",
    "flat_type": "3-Room (income ceiling $6,000)",
    "lcd_date": "-",
    "pcd_date": "10/2017",
    "quota_chinese": 3,
    "quota_malay": 0,
    "quota_other": 3,
    "street": "SUMANG WALK",
    "town": "Punggol"
},
{
    "apartments": [
        {
            "area": 68.0,
            "floor": 14,
            "is_repurchased": false,
            "lease_price_list": [
                {
                    "lease": null,
                    "price": 196500
                }
            ],
            "unit": 765
        }
    ],
    "block_code": {
        "block_num": "659B",
        "contract": "C35",
        "neighbourhood": "S6"
    },
    "dpd_date": "31 Oct 2018",
    "flat_type": "3-Room (income ceiling $6,000)",
    "lcd_date": "-",
    "pcd_date": "09/2017",
    "quota_chinese": 1,
    "quota_malay": 1,
    "quota_other": 1,
    "street": "PUNGGOL EAST",
    "town": "Punggol"
},
{
    "apartments": [
        {
            "area": 65.0,
            "floor": 11,
            "is_repurchased": false,
            "lease_price_list": [
                {
                    "lease": null,
                    "price": 188900
                }
            ],
            "unit": 272
        },
        {
            "area": 65.0,
            "floor": 15,
            "is_repurchased": false,
            "lease_price_list": [
                {
                    "lease": null,
                    "price": 192900
                }
            ],
            "unit": 272
        }
    ],
    "block_code": {
        "block_num": "663A",
        "contract": "C34",
        "neighbourhood": "S6"
    },
    "dpd_date": "NA (Keys Available)",
    "flat_type": "3-Room (income ceiling $6,000)",
    "lcd_date": "01 Jun 2016",
    "pcd_date": "-",
    "quota_chinese": 2,
    "quota_malay": 2,
    "quota_other": 2,
    "street": "PUNGGOL DR",
    "town": "Punggol"
},
{
    "apartments": [
        {
            "area": 65.0,
            "floor": 12,
            "is_repurchased": false,
            "lease_price_list": [
                {
                    "lease": null,
                    "price": 196600
                }
            ],
            "unit": 543
        },
        {
            "area": 65.0,
            "floor": 14,
            "is_repurchased": false,
            "lease_price_list": [
                {
                    "lease": null,
                    "price": 198600
                }
            ],
            "unit": 543
        }
    ],
    "block_code": {
        "block_num": "672A",
        "contract": "C41",
        "neighbourhood": "S6"
    },
    "dpd_date": "NA (Keys Available)",
    "flat_type": "3-Room (income ceiling $6,000)",
    "lcd_date": "01 Dec 2015",
    "pcd_date": "-",
    "quota_chinese": 2,
    "quota_malay": 1,
    "quota_other": 0,
    "street": "EDGEFIELD PLAINS",
    "town": "Punggol"
}]
