[{
    "apartments": [
        {
            "area": 95.0,
            "floor": 10,
            "is_repurchased": true,
            "lease_price_list": [
                {
                    "lease": null,
                    "price": 339000
                }
            ],
            "unit": 306
        }
    ],
    "block_code": {
        "block_num": "118",
        "contract": "C13",
        "neighbourhood": "S1"
    },
    "dpd_date": "NA (Keys Available)",
    "flat_type": "4-Room",
    "lcd_date": "01 Jun 2003",
    "pcd_date": "-",
    "quota_chinese": 1,
    "quota_malay": 1,
    "quota_other": 1,
    "street": "EDGEFIELD PLAINS",
    "town": "Punggol"
},
{
    "apartments": [
        {
            "area": 93.0,
            "floor": 3,
            "is_repurchased": false,
            "lease_price_list": [
                {
                    "lease": null,
                    "price": 287400
                }
            ],
            "unit": 263
        },
        {
            "area": 93.0,
            "floor": 11,
            "is_repurchased": false,
            "lease_price_list": [
                {
                    "lease": null,
                    "price": 329100
                }
            ],
            "unit": 263
        },
        {
            "area": 93.0,
            "floor": 17,
            "is_repurchased": false,
            "lease_price_list": [
                {
                    "lease": null,
                    "price": 322900
                }
            ],
            "unit": 271
        },
        {
            "area": 93.0,
            "floor": 6,
            "is_repurchased": false,
            "lease_price_list": [
                {
                    "lease": null,
                    "price": 299900
                }
            ],
            "unit": 279
        }
    ],
    "block_code": {
        "block_num": "120A",
        "contract": "C44",
        "neighbourhood": "S1"
    },
    "dpd_date": "NA (Keys Available)",
    "flat_type": "4-Room",
    "lcd_date": "01 May 2017",
    "pcd_date": "-",
    "quota_chinese": 4,
    "quota_malay": 0,
    "quota_other": 2,
    "street": "EDGEDALE PLAINS",
    "town": "Punggol"
},
{
    "apartments": [
        {
            "area": 93.0,
            "floor": 7,
            "is_repurchased": false,
            "lease_price_list": [
                {
                    "lease": null,
                    "price": 313500
                }
            ],
            "unit": 283
        },
        {
            "area": 93.0,
            "floor": 9,
            "is_repurchased": false,
            "lease_price_list": [
                {
                    "lease": null,
                    "price": 313100
                }
            ],
            "unit": 289
        }
    ],
    "block_code": {
        "block_num": "120B",
        "contract": "C44",
        "neighbourhood": "S1"
    },
    "dpd_date": "NA (Keys Available)",
    "flat_type": "4-Room",
    "lcd_date": "01 May 2017",
    "pcd_date": "-",
    "quota_chinese": 2,
    "quota_malay": 2,
    "quota_other": 0,
    "street": "EDGEDALE PLAINS",
    "town": "Punggol"
},
{
    "apartments": [
        {
            "area": 93.0,
            "floor": 6,
            "is_repurchased": false,
            "lease_price_list": [
                {
                    "lease": null,
                    "price": 315300
                }
            ],
            "unit": 175
        }
    ],
    "block_code": {
        "block_num": "122A",
        "contract": "C44",
        "neighbourhood": "S1"
    },
    "dpd_date": "NA (Keys Available)",
    "flat_type": "4-Room",
    "lcd_date": "01 May 2017",
    "pcd_date": "-",
    "quota_chinese": 1,
    "quota_malay": 1,
    "quota_other": 1,
    "street": "EDGEDALE PLAINS",
    "town": "Punggol"
},
{
    "apartments": [
        {
            "area": 93.0,
            "floor": 17,
            "is_repurchased": false,
            "lease_price_list": [
                {
                    "lease": null,
                    "price": 333500
                }
            ],
            "unit": 157
        },
        {
            "area": 93.0,
            "floor": 11,
            "is_repurchased": false,
            "lease_price_list": [
                {
                    "lease": null,
                    "price": 329100
                }
            ],
            "unit": 165
        }
    ],
    "block_code": {
        "block_num": "122B",
        "contract": "C44",
        "neighbourhood": "S1"
    },
    "dpd_date": "NA (Keys Available)",
    "flat_type": "4-Room",
    "lcd_date": "01 May 2017",
    "pcd_date": "-",
    "quota_chinese": 2,
    "quota_malay": 1,
    "quota_other": 2,
    "street": "EDGEDALE PLAINS",
    "town": "Punggol"
},
{
    "apartments": [
        {
            "area": 94.0,
            "floor": 7,
            "is_repurchased": true,
            "lease_price_list": [
                {
                    "lease": null,
                    "price": 301000
                }
            ],
            "unit": 117
        }
    ],
    "block_code": {
        "block_num": "160B",
        "contract": "C26",
        "neighbourhood": "S1"
    },
    "dpd_date": "NA (Keys Available)",
    "flat_type": "4-Room",
    "lcd_date": "01 May 2004",
    "pcd_date": "-",
    "quota_chinese": 1,
    "quota_malay": 1,
    "quota_other": 1,
    "street": "PUNGGOL CTRL",
    "town": "Punggol"
},
{
    "apartments": [
        {
            "area": 92.0,
            "floor": 2,
            "is_repurchased": true,
            "lease_price_list": [
                {
                    "lease": null,
                    "price": 296000
                }
            ],
            "unit": 657
        }
    ],
    "block_code": {
        "block_num": "168C",
        "contract": "C24A",
        "neighbourhood": "S1"
    },
    "dpd_date": "NA (Keys Available)",
    "flat_type": "4-Room",
    "lcd_date": "01 Apr 2014",
    "pcd_date": "-",
    "quota_chinese": 1,
    "quota_malay": 1,
    "quota_other": 1,
    "street": "PUNGGOL FIELD",
    "town": "Punggol"
},
{
    "apartments": [
        {
            "area": 92.0,
            "floor": 4,
            "is_repurchased": false,
            "lease_price_list": [
                {
                    "lease": null,
                    "price": 312100
                }
            ],
            "unit": 246
        },
        {
            "area": 92.0,
            "floor": 11,
            "is_repurchased": false,
            "lease_price_list": [
                {
                    "lease": null,
                    "price": 334200
                }
            ],
            "unit": 246
        },
        {
            "area": 92.0,
            "floor": 4,
            "is_repurchased": false,
            "lease_price_list": [
                {
                    "lease": null,
                    "price": 299800
                }
            ],
            "unit": 248
        },
        {
            "area": 92.0,
            "floor": 5,
            "is_repurchased": false,
            "lease_price_list": [
                {
                    "lease": null,
                    "price": 318300
                }
            ],
            "unit": 248
        },
        {
            "area": 92.0,
            "floor": 10,
            "is_repurchased": false,
            "lease_price_list": [
                {
                    "lease": null,
                    "price": 331600
                }
            ],
            "unit": 248
        },
        {
            "area": 92.0,
            "floor": 4,
            "is_repurchased": false,
            "lease_price_list": [
                {
                    "lease": null,
                    "price": 305100
                }
            ],
            "unit": 250
        },
        {
            "area": 92.0,
            "floor": 16,
            "is_repurchased": false,
            "lease_price_list": [
                {
                    "lease": null,
                    "price": 340000
                }
            ],
            "unit": 250
        }
    ],
    "block_code": {
        "block_num": "217A",
        "contract": "C35",
        "neighbourhood": "S2"
    },
    "dpd_date": "NA (Keys Available)",
    "flat_type": "4-Room",
    "lcd_date": "01 Jul 2017",
    "pcd_date": "-",
    "quota_chinese": 7,
    "quota_malay": 4,
    "quota_other": 5,
    "street": "SUMANG WALK",
    "town": "Punggol"
},
{
    "apartments": [
        {
            "area": 92.0,
            "floor": 6,
            "is_repurchased": false,
            "lease_price_list": [
                {
                    "lease": null,
                    "price": 317200
                }
            ],
            "unit": 236
        },
        {
            "area": 92.0,
            "floor": 11,
            "is_repurchased": false,
            "lease_price_list": [
                {
                    "lease": null,
                    "price": 328400
                }
            ],
            "unit": 236
        },
        {
            "area": 92.0,
            "floor": 8,
            "is_repurchased": false,
            "lease_price_list": [
                {
                    "lease": null,
                    "price": 323000
                }
            ],
            "unit": 238
        },
        {
            "area": 92.0,
            "floor": 13,
            "is_repurchased": false,
            "lease_price_list": [
                {
                    "lease": null,
                    "price": 337000
                }
            ],
            "unit": 240
        }
    ],
    "block_code": {
        "block_num": "217B",
        "contract": "C35",
        "neighbourhood": "S2"
    },
    "dpd_date": "NA (Keys Available)",
    "flat_type": "4-Room",
    "lcd_date": "01 Jul 2017",
    "pcd_date": "-",
    "quota_chinese": 4,
    "quota_malay": 4,
    "quota_other": 3,
    "street": "SUMANG WALK",
    "town": "Punggol"
},
{
    "apartments": [
        {
            "area": 92.0,
            "floor": 4,
            "is_repurchased": false,
            "lease_price_list": [
                {
                    "lease": null,
                    "price": 309200
                }
            ],
            "unit": 214
        },
        {
            "area": 92.0,
            "floor": 6,
            "is_repurchased": false,
            "lease_price_list": [
                {
                    "lease": null,
                    "price": 316000
                }
            ],
            "unit": 216
        },
        {
            "area": 92.0,
            "floor": 4,
            "is_repurchased": false,
            "lease_price_list": [
                {
                    "lease": null,
                    "price": 309200
                }
            ],
            "unit": 218
        },
        {
            "area": 92.0,
            "floor": 2,
            "is_repurchased": false,
            "lease_price_list": [
                {
                    "lease": null,
                    "price": 299000
                }
            ],
            "unit": 226
        },
        {
            "area": 92.0,
            "floor": 5,
            "is_repurchased": false,
            "lease_price_list": [
                {
                    "lease": null,
                    "price": 312500
                }
            ],
            "unit": 226
        }
    ],
    "block_code": {
        "block_num": "217C",
        "contract": "C35",
        "neighbourhood": "S2"
    },
    "dpd_date": "NA (Keys Available)",
    "flat_type": "4-Room",
    "lcd_date": "01 Jul 2017",
    "pcd_date": "-",
    "quota_chinese": 5,
    "quota_malay": 2,
    "quota_other": 4,
    "street": "SUMANG WALK",
    "town": "Punggol"
},
{
    "apartments": [
        {
            "area": 93.0,
            "floor": 8,
            "is_repurchased": false,
            "lease_price_list": [
                {
                    "lease": null,
                    "price": 319700
                }
            ],
            "unit": 89
        }
    ],
    "block_code": {
        "block_num": "220A",
        "contract": "C36",
        "neighbourhood": "S2"
    },
    "dpd_date": "30 Nov 2018",
    "flat_type": "4-Room",
    "lcd_date": "-",
    "pcd_date": "3Q/2017",
    "quota_chinese": 1,
    "quota_malay": 1,
    "quota_other": 0,
    "street": "SUMANG LANE",
    "town": "Punggol"
},
{
    "apartments": [
        {
            "area": 93.0,
            "floor": 14,
            "is_repurchased": false,
            "lease_price_list": [
                {
                    "lease": null,
                    "price": 327400
                }
            ],
            "unit": 69
        }
    ],
    "block_code": {
        "block_num": "220B",
        "contract": "C36",
        "neighbourhood": "S2"
    },
    "dpd_date": "30 Nov 2018",
    "flat_type": "4-Room",
    "lcd_date": "-",
    "pcd_date": "3Q/2017",
    "quota_chinese": 1,
    "quota_malay": 1,
    "quota_other": 0,
    "street": "SUMANG LANE",
    "town": "Punggol"
},
{
    "apartments": [
        {
            "area": 93.0,
            "floor": 11,
            "is_repurchased": false,
            "lease_price_list": [
                {
                    "lease": null,
                    "price": 323200
                }
            ],
            "unit": 47
        },
        {
            "area": 93.0,
            "floor": 5,
            "is_repurchased": false,
            "lease_price_list": [
                {
                    "lease": null,
                    "price": 308500
                }
            ],
            "unit": 49
        },
        {
            "area": 93.0,
            "floor": 6,
            "is_repurchased": false,
            "lease_price_list": [
                {
                    "lease": null,
                    "price": 307000
                }
            ],
            "unit": 49
        },
        {
            "area": 93.0,
            "floor": 11,
            "is_repurchased": false,
            "lease_price_list": [
                {
                    "lease": null,
                    "price": 323200
                }
            ],
            "unit": 49
        },
        {
            "area": 93.0,
            "floor": 5,
            "is_repurchased": false,
            "lease_price_list": [
                {
                    "lease": null,
                    "price": 308500
                }
            ],
            "unit": 53
        },
        {
            "area": 93.0,
            "floor": 14,
            "is_repurchased": false,
            "lease_price_list": [
                {
                    "lease": null,
                    "price": 327400
                }
            ],
            "unit": 53
        },
        {
            "area": 93.0,
            "floor": 16,
            "is_repurchased": false,
            "lease_price_list": [
                {
                    "lease": null,
                    "price": 328800
                }
            ],
            "unit": 53
        }
    ],
    "block_code": {
        "block_num": "220C",
        "contract": "C36",
        "neighbourhood": "S2"
    },
    "dpd_date": "30 Nov 2018",
    "flat_type": "4-Room",
    "lcd_date": "-",
    "pcd_date": "4Q/2017",
    "quota_chinese": 7,
    "quota_malay": 4,
    "quota_other": 1,
    "street": "SUMANG LANE",
    "town": "Punggol"
},
{
    "apartments": [
        {
            "area": 93.0,
            "floor": 6,
            "is_repurchased": false,
            "lease_price_list": [
                {
                    "lease": null,
                    "price": 300600
                }
            ],
            "unit": 15
        },
        {
            "area": 93.0,
            "floor": 12,
            "is_repurchased": false,
            "lease_price_list": [
                {
                    "lease": null,
                    "price": 324600
                }
            ],
            "unit": 17
        }
    ],
    "block_code": {
        "block_num": "221A",
        "contract": "C36",
        "neighbourhood": "S2"
    },
    "dpd_date": "30 Nov 2018",
    "flat_type": "4-Room",
    "lcd_date": "-",
    "pcd_date": "4Q/2017",
    "quota_chinese": 2,
    "quota_malay": 1,
    "quota_other": 1,
    "street": "SUMANG LANE",
    "town": "Punggol"
},
{
    "apartments": [
        {
            "area": 93.0,
            "floor": 17,
            "is_repurchased": false,
            "lease_price_list": [
                {
                    "lease": null,
                    "price": 330900
                }
            ],
            "unit": 111
        }
    ],
    "block_code": {
        "block_num": "224C",
        "contract": "C36",
        "neighbourhood": "S2"
    },
    "dpd_date": "30 Nov 2018",
    "flat_type": "4-Room",
    "lcd_date": "-",
    "pcd_date": "3Q/2017",
    "quota_chinese": 1,
    "quota_malay": 1,
    "quota_other": 1,
    "street": "SUMANG LANE",
    "town": "Punggol"
},
{
    "apartments": [
        {
            "area": 92.0,
            "floor": 12,
            "is_repurchased": false,
            "lease_price_list": [
                {
                    "lease": null,
                    "price": 349600
                }
            ],
            "unit": 226
        }
    ],
    "block_code": {
        "block_num": "226B",
        "contract": "C37",
        "neighbourhood": "S2"
    },
    "dpd_date": "NA (Keys Available)",
    "flat_type": "4-Room",
    "lcd_date": "01 Mar 2018",
    "pcd_date": "-",
    "quota_chinese": 1,
    "quota_malay": 1,
    "quota_other": 1,
    "street": "SUMANG LANE",
    "town": "Punggol"
},
{
    "apartments": [
        {
            "area": 93.0,
            "floor": 12,
            "is_repurchased": false,
            "lease_price_list": [
                {
                    "lease": null,
                    "price": 349600
                }
            ],
            "unit": 236
        }
    ],
    "block_code": {
        "block_num": "226C",
        "contract": "C37",
        "neighbourhood": "S2"
    },
    "dpd_date": "NA (Keys Available)",
    "flat_type": "4-Room",
    "lcd_date": "01 Mar 2018",
    "pcd_date": "-",
    "quota_chinese": 1,
    "quota_malay": 1,
    "quota_other": 1,
    "street": "SUMANG LANE",
    "town": "Punggol"
},
{
    "apartments": [
        {
            "area": 93.0,
            "floor": 3,
            "is_repurchased": false,
            "lease_price_list": [
                {
                    "lease": null,
                    "price": 331000
                }
            ],
            "unit": 250
        },
        {
            "area": 92.0,
            "floor": 11,
            "is_repurchased": false,
            "lease_price_list": [
                {
                    "lease": null,
                    "price": 354700
                }
            ],
            "unit": 252
        },
        {
            "area": 92.0,
            "floor": 16,
            "is_repurchased": false,
            "lease_price_list": [
                {
                    "lease": null,
                    "price": 367800
                }
            ],
            "unit": 252
        }
    ],
    "block_code": {
        "block_num": "227A",
        "contract": "C37",
        "neighbourhood": "S2"
    },
    "dpd_date": "NA (Keys Available)",
    "flat_type": "4-Room",
    "lcd_date": "01 Mar 2018",
    "pcd_date": "-",
    "quota_chinese": 3,
    "quota_malay": 3,
    "quota_other": 2,
    "street": "SUMANG LANE",
    "town": "Punggol"
},
{
    "apartments": [
        {
            "area": 93.0,
            "floor": 10,
            "is_repurchased": false,
            "lease_price_list": [
                {
                    "lease": null,
                    "price": 334600
                }
            ],
            "unit": 267
        },
        {
            "area": 93.0,
            "floor": 3,
            "is_repurchased": false,
            "lease_price_list": [
                {
                    "lease": null,
                    "price": 312300
                }
            ],
            "unit": 271
        }
    ],
    "block_code": {
        "block_num": "231A",
        "contract": "C40",
        "neighbourhood": "S2"
    },
    "dpd_date": "31 Oct 2018",
    "flat_type": "4-Room",
    "lcd_date": "-",
    "pcd_date": "09/2017",
    "quota_chinese": 2,
    "quota_malay": 2,
    "quota_other": 2,
    "street": "SUMANG LANE",
    "town": "Punggol"
},
{
    "apartments": [
        {
            "area": 93.0,
            "floor": 17,
            "is_repurchased": false,
            "lease_price_list": [
                {
                    "lease": null,
                    "price": 338200
                }
            ],
            "unit": 251
        }
    ],
    "block_code": {
        "block_num": "231B",
        "contract": "C40",
        "neighbourhood": "S2"
    },
    "dpd_date": "31 Oct 2018",
    "flat_type": "4-Room",
    "lcd_date": "-",
    "pcd_date": "10/2017",
    "quota_chinese": 1,
    "quota_malay": 1,
    "quota_other": 0,
    "street": "SUMANG LANE",
    "town": "Punggol"
},
{
    "apartments": [
        {
            "area": 93.0,
            "floor": 5,
            "is_repurchased": false,
            "lease_price_list": [
                {
                    "lease": null,
                    "price": 321300
                }
            ],
            "unit": 389
        }
    ],
    "block_code": {
        "block_num": "232A",
        "contract": "C40",
        "neighbourhood": "S2"
    },
    "dpd_date": "31 Oct 2018",
    "flat_type": "4-Room",
    "lcd_date": "-",
    "pcd_date": "10/2017",
    "quota_chinese": 1,
    "quota_malay": 1,
    "quota_other": 0,
    "street": "SUMANG LANE",
    "town": "Punggol"
},
{
    "apartments": [
        {
            "area": 93.0,
            "floor": 4,
            "is_repurchased": false,
            "lease_price_list": [
                {
                    "lease": null,
                    "price": 316800
                }
            ],
            "unit": 375
        }
    ],
    "block_code": {
        "block_num": "232B",
        "contract": "C40",
        "neighbourhood": "S2"
    },
    "dpd_date": "31 Oct 2018",
    "flat_type": "4-Room",
    "lcd_date": "-",
    "pcd_date": "10/2017",
    "quota_chinese": 1,
    "quota_malay": 1,
    "quota_other": 0,
    "street": "SUMANG LANE",
    "town": "Punggol"
},
{
    "apartments": [
        {
            "area": 93.0,
            "floor": 2,
            "is_repurchased": false,
            "lease_price_list": [
                {
                    "lease": null,
                    "price": 280400
                }
            ],
            "unit": 319
        },
        {
            "area": 93.0,
            "floor": 8,
            "is_repurchased": false,
            "lease_price_list": [
                {
                    "lease": null,
                    "price": 309900
                }
            ],
            "unit": 321
        }
    ],
    "block_code": {
        "block_num": "233B",
        "contract": "C40",
        "neighbourhood": "S2"
    },
    "dpd_date": "31 Oct 2018",
    "flat_type": "4-Room",
    "lcd_date": "-",
    "pcd_date": "10/2017",
    "quota_chinese": 2,
    "quota_malay": 2,
    "quota_other": 0,
    "street": "SUMANG LANE",
    "town": "Punggol"
},
{
    "apartments": [
        {
            "area": 93.0,
            "floor": 5,
            "is_repurchased": false,
            "lease_price_list": [
                {
                    "lease": null,
                    "price": 304700
                }
            ],
            "unit": 303
        },
        {
            "area": 93.0,
            "floor": 12,
            "is_repurchased": false,
            "lease_price_list": [
                {
                    "lease": null,
                    "price": 327100
                }
            ],
            "unit": 305
        }
    ],
    "block_code": {
        "block_num": "233C",
        "contract": "C40",
        "neighbourhood": "S2"
    },
    "dpd_date": "31 Oct 2018",
    "flat_type": "4-Room",
    "lcd_date": "-",
    "pcd_date": "10/2017",
    "quota_chinese": 2,
    "quota_malay": 1,
    "quota_other": 0,
    "street": "SUMANG LANE",
    "town": "Punggol"
},
{
    "apartments": [
        {
            "area": 93.0,
            "floor": 3,
            "is_repurchased": false,
            "lease_price_list": [
                {
                    "lease": null,
                    "price": 316800
                }
            ],
            "unit": 629
        }
    ],
    "block_code": {
        "block_num": "256B",
        "contract": "C30",
        "neighbourhood": "S2"
    },
    "dpd_date": "NA (Keys Available)",
    "flat_type": "4-Room",
    "lcd_date": "01 Dec 2016",
    "pcd_date": "-",
    "quota_chinese": 1,
    "quota_malay": 1,
    "quota_other": 1,
    "street": "SUMANG WALK",
    "town": "Punggol"
},
{
    "apartments": [
        {
            "area": 93.0,
            "floor": 6,
            "is_repurchased": false,
            "lease_price_list": [
                {
                    "lease": null,
                    "price": 329300
                }
            ],
            "unit": 633
        }
    ],
    "block_code": {
        "block_num": "256C",
        "contract": "C30",
        "neighbourhood": "S2"
    },
    "dpd_date": "NA (Keys Available)",
    "flat_type": "4-Room",
    "lcd_date": "01 Dec 2016",
    "pcd_date": "-",
    "quota_chinese": 1,
    "quota_malay": 1,
    "quota_other": 1,
    "street": "SUMANG WALK",
    "town": "Punggol"
},
{
    "apartments": [
        {
            "area": 92.0,
            "floor": 7,
            "is_repurchased": false,
            "lease_price_list": [
                {
                    "lease": null,
                    "price": 346100
                }
            ],
            "unit": 372
        },
        {
            "area": 92.0,
            "floor": 12,
            "is_repurchased": true,
            "lease_price_list": [
                {
                    "lease": null,
                    "price": 353300
                }
            ],
            "unit": 372
        }
    ],
    "block_code": {
        "block_num": "266C",
        "contract": "C19",
        "neighbourhood": "S2"
    },
    "dpd_date": "NA (Keys Available)",
    "flat_type": "4-Room",
    "lcd_date": "01 Jun 2015",
    "pcd_date": "-",
    "quota_chinese": 2,
    "quota_malay": 2,
    "quota_other": 2,
    "street": "PUNGGOL WAY",
    "town": "Punggol"
},
{
    "apartments": [
        {
            "area": 92.0,
            "floor": 14,
            "is_repurchased": false,
            "lease_price_list": [
                {
                    "lease": null,
                    "price": 399200
                }
            ],
            "unit": 336
        }
    ],
    "block_code": {
        "block_num": "308C",
        "contract": "C20",
        "neighbourhood": "S3"
    },
    "dpd_date": "NA (Keys Available)",
    "flat_type": "4-Room",
    "lcd_date": "01 Mar 2016",
    "pcd_date": "-",
    "quota_chinese": 1,
    "quota_malay": 1,
    "quota_other": 1,
    "street": "PUNGGOL WALK",
    "town": "Punggol"
},
{
    "apartments": [
        {
            "area": 92.0,
            "floor": 11,
            "is_repurchased": false,
            "lease_price_list": [
                {
                    "lease": null,
                    "price": 385400
                }
            ],
            "unit": 508
        },
        {
            "area": 92.0,
            "floor": 2,
            "is_repurchased": false,
            "lease_price_list": [
                {
                    "lease": null,
                    "price": 357200
                }
            ],
            "unit": 536
        }
    ],
    "block_code": {
        "block_num": "310A",
        "contract": "C22",
        "neighbourhood": "S3"
    },
    "dpd_date": "NA (Keys Available)",
    "flat_type": "4-Room",
    "lcd_date": "01 Jun 2016",
    "pcd_date": "-",
    "quota_chinese": 2,
    "quota_malay": 2,
    "quota_other": 2,
    "street": "PUNGGOL WALK",
    "town": "Punggol"
},
{
    "apartments": [
        {
            "area": 92.0,
            "floor": 13,
            "is_repurchased": false,
            "lease_price_list": [
                {
                    "lease": null,
                    "price": 382000
                }
            ],
            "unit": 592
        }
    ],
    "block_code": {
        "block_num": "310C",
        "contract": "C22",
        "neighbourhood": "S3"
    },
    "dpd_date": "NA (Keys Available)",
    "flat_type": "4-Room",
    "lcd_date": "01 Jun 2016",
    "pcd_date": "-",
    "quota_chinese": 1,
    "quota_malay": 1,
    "quota_other": 1,
    "street": "PUNGGOL WALK",
    "town": "Punggol"
},
{
    "apartments": [
        {
            "area": 92.0,
            "floor": 13,
            "is_repurchased": true,
            "lease_price_list": [
                {
                    "lease": null,
                    "price": 323700
                }
            ],
            "unit": 131
        }
    ],
    "block_code": {
        "block_num": "313B",
        "contract": "C23",
        "neighbourhood": "S3"
    },
    "dpd_date": "NA (Keys Available)",
    "flat_type": "4-Room",
    "lcd_date": "01 Jun 2015",
    "pcd_date": "-",
    "quota_chinese": 1,
    "quota_malay": 1,
    "quota_other": 1,
    "street": "SUMANG LINK",
    "town": "Punggol"
},
{
    "apartments": [
        {
            "area": 93.0,
            "floor": 16,
            "is_repurchased": false,
            "lease_price_list": [
                {
                    "lease": null,
                    "price": 382300
                }
            ],
            "unit": 601
        },
        {
            "area": 93.0,
            "floor": 12,
            "is_repurchased": false,
            "lease_price_list": [
                {
                    "lease": null,
                    "price": 377000
                }
            ],
            "unit": 603
        },
        {
            "area": 93.0,
            "floor": 18,
            "is_repurchased": false,
            "lease_price_list": [
                {
                    "lease": null,
                    "price": 384000
                }
            ],
            "unit": 603
        }
    ],
    "block_code": {
        "block_num": "314A",
        "contract": "C31",
        "neighbourhood": "S3"
    },
    "dpd_date": "NA (Keys Available)",
    "flat_type": "4-Room",
    "lcd_date": "01 Sep 2017",
    "pcd_date": "-",
    "quota_chinese": 3,
    "quota_malay": 3,
    "quota_other": 3,
    "street": "PUNGGOL WAY",
    "town": "Punggol"
},
{
    "apartments": [
        {
            "area": 93.0,
            "floor": 16,
            "is_repurchased": false,
            "lease_price_list": [
                {
                    "lease": null,
                    "price": 375500
                }
            ],
            "unit": 621
        },
        {
            "area": 93.0,
            "floor": 8,
            "is_repurchased": false,
            "lease_price_list": [
                {
                    "lease": null,
                    "price": 365200
                }
            ],
            "unit": 629
        },
        {
            "area": 93.0,
            "floor": 16,
            "is_repurchased": false,
            "lease_price_list": [
                {
                    "lease": null,
                    "price": 376400
                }
            ],
            "unit": 631
        }
    ],
    "block_code": {
        "block_num": "314B",
        "contract": "C31",
        "neighbourhood": "S3"
    },
    "dpd_date": "NA (Keys Available)",
    "flat_type": "4-Room",
    "lcd_date": "01 Sep 2017",
    "pcd_date": "-",
    "quota_chinese": 3,
    "quota_malay": 3,
    "quota_other": 3,
    "street": "PUNGGOL WAY",
    "town": "Punggol"
},
{
    "apartments": [
        {
            "area": 93.0,
            "floor": 4,
            "is_repurchased": false,
            "lease_price_list": [
                {
                    "lease": null,
                    "price": 337000
                }
            ],
            "unit": 641
        },
        {
            "area": 93.0,
            "floor": 3,
            "is_repurchased": false,
            "lease_price_list": [
                {
                    "lease": null,
                    "price": 339600
                }
            ],
            "unit": 643
        }
    ],
    "block_code": {
        "block_num": "315A",
        "contract": "C31",
        "neighbourhood": "S3"
    },
    "dpd_date": "NA (Keys Available)",
    "flat_type": "4-Room",
    "lcd_date": "01 Sep 2017",
    "pcd_date": "-",
    "quota_chinese": 2,
    "quota_malay": 2,
    "quota_other": 2,
    "street": "PUNGGOL WAY",
    "town": "Punggol"
},
{
    "apartments": [
        {
            "area": 93.0,
            "floor": 15,
            "is_repurchased": false,
            "lease_price_list": [
                {
                    "lease": null,
                    "price": 361800
                }
            ],
            "unit": 733
        },
        {
            "area": 93.0,
            "floor": 13,
            "is_repurchased": false,
            "lease_price_list": [
                {
                    "lease": null,
                    "price": 372200
                }
            ],
            "unit": 735
        }
    ],
    "block_code": {
        "block_num": "316A",
        "contract": "C31",
        "neighbourhood": "S3"
    },
    "dpd_date": "NA (Keys Available)",
    "flat_type": "4-Room",
    "lcd_date": "01 Sep 2017",
    "pcd_date": "-",
    "quota_chinese": 2,
    "quota_malay": 2,
    "quota_other": 2,
    "street": "PUNGGOL WAY",
    "town": "Punggol"
},
{
    "apartments": [
        {
            "area": 93.0,
            "floor": 6,
            "is_repurchased": false,
            "lease_price_list": [
                {
                    "lease": null,
                    "price": 364400
                }
            ],
            "unit": 709
        }
    ],
    "block_code": {
        "block_num": "316B",
        "contract": "C31",
        "neighbourhood": "S3"
    },
    "dpd_date": "NA (Keys Available)",
    "flat_type": "4-Room",
    "lcd_date": "01 Sep 2017",
    "pcd_date": "-",
    "quota_chinese": 1,
    "quota_malay": 1,
    "quota_other": 1,
    "street": "PUNGGOL WAY",
    "town": "Punggol"
},
{
    "apartments": [
        {
            "area": 93.0,
            "floor": 4,
            "is_repurchased": false,
            "lease_price_list": [
                {
                    "lease": null,
                    "price": 349900
                }
            ],
            "unit": 689
        },
        {
            "area": 93.0,
            "floor": 16,
            "is_repurchased": false,
            "lease_price_list": [
                {
                    "lease": null,
                    "price": 382500
                }
            ],
            "unit": 691
        }
    ],
    "block_code": {
        "block_num": "316D",
        "contract": "C31",
        "neighbourhood": "S3"
    },
    "dpd_date": "NA (Keys Available)",
    "flat_type": "4-Room",
    "lcd_date": "01 Sep 2017",
    "pcd_date": "-",
    "quota_chinese": 2,
    "quota_malay": 2,
    "quota_other": 2,
    "street": "PUNGGOL WAY",
    "town": "Punggol"
},
{
    "apartments": [
        {
            "area": 93.0,
            "floor": 2,
            "is_repurchased": false,
            "lease_price_list": [
                {
                    "lease": null,
                    "price": 331100
                }
            ],
            "unit": 901
        }
    ],
    "block_code": {
        "block_num": "322A",
        "contract": "C33",
        "neighbourhood": "S3"
    },
    "dpd_date": "28 Feb 2019",
    "flat_type": "4-Room",
    "lcd_date": "-",
    "pcd_date": "1Q/2018",
    "quota_chinese": 1,
    "quota_malay": 1,
    "quota_other": 1,
    "street": "SUMANG WALK",
    "town": "Punggol"
},
{
    "apartments": [
        {
            "area": 93.0,
            "floor": 6,
            "is_repurchased": false,
            "lease_price_list": [
                {
                    "lease": null,
                    "price": 341600
                }
            ],
            "unit": 855
        },
        {
            "area": 93.0,
            "floor": 18,
            "is_repurchased": false,
            "lease_price_list": [
                {
                    "lease": null,
                    "price": 368400
                }
            ],
            "unit": 855
        }
    ],
    "block_code": {
        "block_num": "322D",
        "contract": "C33",
        "neighbourhood": "S3"
    },
    "dpd_date": "28 Feb 2019",
    "flat_type": "4-Room",
    "lcd_date": "-",
    "pcd_date": "1Q/2018",
    "quota_chinese": 2,
    "quota_malay": 2,
    "quota_other": 2,
    "street": "SUMANG WALK",
    "town": "Punggol"
},
{
    "apartments": [
        {
            "area": 93.0,
            "floor": 17,
            "is_repurchased": false,
            "lease_price_list": [
                {
                    "lease": null,
                    "price": 356900
                }
            ],
            "unit": 947
        },
        {
            "area": 93.0,
            "floor": 5,
            "is_repurchased": false,
            "lease_price_list": [
                {
                    "lease": null,
                    "price": 333800
                }
            ],
            "unit": 951
        }
    ],
    "block_code": {
        "block_num": "323A",
        "contract": "C33",
        "neighbourhood": "S3"
    },
    "dpd_date": "31 Dec 2019",
    "flat_type": "4-Room",
    "lcd_date": "-",
    "pcd_date": "4Q/2018",
    "quota_chinese": 2,
    "quota_malay": 2,
    "quota_other": 2,
    "street": "SUMANG WALK",
    "town": "Punggol"
},
{
    "apartments": [
        {
            "area": 93.0,
            "floor": 6,
            "is_repurchased": false,
            "lease_price_list": [
                {
                    "lease": null,
                    "price": 337300
                }
            ],
            "unit": 933
        },
        {
            "area": 93.0,
            "floor": 10,
            "is_repurchased": false,
            "lease_price_list": [
                {
                    "lease": null,
                    "price": 347100
                }
            ],
            "unit": 935
        },
        {
            "area": 93.0,
            "floor": 19,
            "is_repurchased": false,
            "lease_price_list": [
                {
                    "lease": null,
                    "price": 353100
                }
            ],
            "unit": 935
        }
    ],
    "block_code": {
        "block_num": "323B",
        "contract": "C33",
        "neighbourhood": "S3"
    },
    "dpd_date": "31 Dec 2019",
    "flat_type": "4-Room",
    "lcd_date": "-",
    "pcd_date": "4Q/2018",
    "quota_chinese": 3,
    "quota_malay": 3,
    "quota_other": 3,
    "street": "SUMANG WALK",
    "town": "Punggol"
},
{
    "apartments": [
        {
            "area": 93.0,
            "floor": 3,
            "is_repurchased": false,
            "lease_price_list": [
                {
                    "lease": null,
                    "price": 312400
                }
            ],
            "unit": 955
        }
    ],
    "block_code": {
        "block_num": "325B",
        "contract": "C33",
        "neighbourhood": "S3"
    },
    "dpd_date": "31 Dec 2019",
    "flat_type": "4-Room",
    "lcd_date": "-",
    "pcd_date": "4Q/2018",
    "quota_chinese": 1,
    "quota_malay": 1,
    "quota_other": 1,
    "street": "SUMANG WALK",
    "town": "Punggol"
},
{
    "apartments": [
        {
            "area": 93.0,
            "floor": 14,
            "is_repurchased": false,
            "lease_price_list": [
                {
                    "lease": null,
                    "price": 328900
                }
            ],
            "unit": 707
        }
    ],
    "block_code": {
        "block_num": "658A",
        "contract": "C35",
        "neighbourhood": "S6"
    },
    "dpd_date": "31 Oct 2018",
    "flat_type": "4-Room",
    "lcd_date": "-",
    "pcd_date": "4Q/2017",
    "quota_chinese": 1,
    "quota_malay": 1,
    "quota_other": 1,
    "street": "PUNGGOL EAST",
    "town": "Punggol"
},
{
    "apartments": [
        {
            "area": 93.0,
            "floor": 5,
            "is_repurchased": false,
            "lease_price_list": [
                {
                    "lease": null,
                    "price": 310100
                }
            ],
            "unit": 731
        }
    ],
    "block_code": {
        "block_num": "658C",
        "contract": "C35",
        "neighbourhood": "S6"
    },
    "dpd_date": "31 Oct 2018",
    "flat_type": "4-Room",
    "lcd_date": "-",
    "pcd_date": "4Q/2017",
    "quota_chinese": 1,
    "quota_malay": 1,
    "quota_other": 1,
    "street": "PUNGGOL EAST",
    "town": "Punggol"
},
{
    "apartments": [
        {
            "area": 93.0,
            "floor": 12,
            "is_repurchased": false,
            "lease_price_list": [
                {
                    "lease": null,
                    "price": 315300
                }
            ],
            "unit": 769
        }
    ],
    "block_code": {
        "block_num": "659A",
        "contract": "C35",
        "neighbourhood": "S6"
    },
    "dpd_date": "31 Oct 2018",
    "flat_type": "4-Room",
    "lcd_date": "-",
    "pcd_date": "09/2017",
    "quota_chinese": 1,
    "quota_malay": 1,
    "quota_other": 1,
    "street": "PUNGGOL EAST",
    "town": "Punggol"
},
{
    "apartments": [
        {
            "area": 93.0,
            "floor": 13,
            "is_repurchased": false,
            "lease_price_list": [
                {
                    "lease": null,
                    "price": 327500
                }
            ],
            "unit": 761
        }
    ],
    "block_code": {
        "block_num": "659B",
        "contract": "C35",
        "neighbourhood": "S6"
    },
    "dpd_date": "31 Oct 2018",
    "flat_type": "4-Room",
    "lcd_date": "-",
    "pcd_date": "09/2017",
    "quota_chinese": 1,
    "quota_malay": 1,
    "quota_other": 0,
    "street": "PUNGGOL EAST",
    "town": "Punggol"
},
{
    "apartments": [
        {
            "area": 92.0,
            "floor": 11,
            "is_repurchased": false,
            "lease_price_list": [
                {
                    "lease": null,
                    "price": 347200
                }
            ],
            "unit": 604
        },
        {
            "area": 92.0,
            "floor": 13,
            "is_repurchased": false,
            "lease_price_list": [
                {
                    "lease": null,
                    "price": 350000
                }
            ],
            "unit": 606
        },
        {
            "area": 92.0,
            "floor": 3,
            "is_repurchased": false,
            "lease_price_list": [
                {
                    "lease": null,
                    "price": 317800
                }
            ],
            "unit": 608
        },
        {
            "area": 92.0,
            "floor": 9,
            "is_repurchased": false,
            "lease_price_list": [
                {
                    "lease": null,
                    "price": 344400
                }
            ],
            "unit": 608
        }
    ],
    "block_code": {
        "block_num": "661A",
        "contract": "C36",
        "neighbourhood": "S6"
    },
    "dpd_date": "NA (Keys Available)",
    "flat_type": "4-Room",
    "lcd_date": "01 May 2017",
    "pcd_date": "-",
    "quota_chinese": 4,
    "quota_malay": 3,
    "quota_other": 2,
    "street": "EDGEDALE PLAINS",
    "town": "Punggol"
},
{
    "apartments": [
        {
            "area": 92.0,
            "floor": 5,
            "is_repurchased": false,
            "lease_price_list": [
                {
                    "lease": null,
                    "price": 344000
                }
            ],
            "unit": 620
        },
        {
            "area": 92.0,
            "floor": 13,
            "is_repurchased": false,
            "lease_price_list": [
                {
                    "lease": null,
                    "price": 350000
                }
            ],
            "unit": 624
        },
        {
            "area": 92.0,
            "floor": 14,
            "is_repurchased": false,
            "lease_price_list": [
                {
                    "lease": null,
                    "price": 342900
                }
            ],
            "unit": 624
        },
        {
            "area": 92.0,
            "floor": 5,
            "is_repurchased": false,
            "lease_price_list": [
                {
                    "lease": null,
                    "price": 325400
                }
            ],
            "unit": 626
        },
        {
            "area": 92.0,
            "floor": 6,
            "is_repurchased": false,
            "lease_price_list": [
                {
                    "lease": null,
                    "price": 336000
                }
            ],
            "unit": 626
        },
        {
            "area": 92.0,
            "floor": 5,
            "is_repurchased": false,
            "lease_price_list": [
                {
                    "lease": null,
                    "price": 332500
                }
            ],
            "unit": 628
        },
        {
            "area": 92.0,
            "floor": 14,
            "is_repurchased": false,
            "lease_price_list": [
                {
                    "lease": null,
                    "price": 351400
                }
            ],
            "unit": 628
        }
    ],
    "block_code": {
        "block_num": "661B",
        "contract": "C36",
        "neighbourhood": "S6"
    },
    "dpd_date": "NA (Keys Available)",
    "flat_type": "4-Room",
    "lcd_date": "01 May 2017",
    "pcd_date": "-",
    "quota_chinese": 7,
    "quota_malay": 6,
    "quota_other": 3,
    "street": "EDGEDALE PLAINS",
    "town": "Punggol"
},
{
    "apartments": [
        {
            "area": 92.0,
            "floor": 8,
            "is_repurchased": false,
            "lease_price_list": [
                {
                    "lease": null,
                    "price": 331500
                }
            ],
            "unit": 644
        },
        {
            "area": 92.0,
            "floor": 8,
            "is_repurchased": false,
            "lease_price_list": [
                {
                    "lease": null,
                    "price": 324400
                }
            ],
            "unit": 646
        }
    ],
    "block_code": {
        "block_num": "661C",
        "contract": "C36",
        "neighbourhood": "S6"
    },
    "dpd_date": "NA (Keys Available)",
    "flat_type": "4-Room",
    "lcd_date": "01 May 2017",
    "pcd_date": "-",
    "quota_chinese": 2,
    "quota_malay": 2,
    "quota_other": 1,
    "street": "EDGEDALE PLAINS",
    "town": "Punggol"
},
{
    "apartments": [
        {
            "area": 92.0,
            "floor": 13,
            "is_repurchased": false,
            "lease_price_list": [
                {
                    "lease": null,
                    "price": 338500
                }
            ],
            "unit": 652
        },
        {
            "area": 92.0,
            "floor": 9,
            "is_repurchased": false,
            "lease_price_list": [
                {
                    "lease": null,
                    "price": 332900
                }
            ],
            "unit": 654
        },
        {
            "area": 92.0,
            "floor": 18,
            "is_repurchased": false,
            "lease_price_list": [
                {
                    "lease": null,
                    "price": 338400
                }
            ],
            "unit": 654
        },
        {
            "area": 92.0,
            "floor": 9,
            "is_repurchased": false,
            "lease_price_list": [
                {
                    "lease": null,
                    "price": 337300
                }
            ],
            "unit": 658
        }
    ],
    "block_code": {
        "block_num": "662A",
        "contract": "C36",
        "neighbourhood": "S6"
    },
    "dpd_date": "NA (Keys Available)",
    "flat_type": "4-Room",
    "lcd_date": "01 May 2017",
    "pcd_date": "-",
    "quota_chinese": 4,
    "quota_malay": 4,
    "quota_other": 3,
    "street": "EDGEDALE PLAINS",
    "town": "Punggol"
},
{
    "apartments": [
        {
            "area": 92.0,
            "floor": 6,
            "is_repurchased": false,
            "lease_price_list": [
                {
                    "lease": null,
                    "price": 335400
                }
            ],
            "unit": 676
        }
    ],
    "block_code": {
        "block_num": "662B",
        "contract": "C36",
        "neighbourhood": "S6"
    },
    "dpd_date": "NA (Keys Available)",
    "flat_type": "4-Room",
    "lcd_date": "01 May 2017",
    "pcd_date": "-",
    "quota_chinese": 1,
    "quota_malay": 1,
    "quota_other": 1,
    "street": "EDGEDALE PLAINS",
    "town": "Punggol"
},
{
    "apartments": [
        {
            "area": 92.0,
            "floor": 7,
            "is_repurchased": false,
            "lease_price_list": [
                {
                    "lease": null,
                    "price": 353900
                }
            ],
            "unit": 700
        },
        {
            "area": 92.0,
            "floor": 8,
            "is_repurchased": false,
            "lease_price_list": [
                {
                    "lease": null,
                    "price": 343000
                }
            ],
            "unit": 708
        },
        {
            "area": 92.0,
            "floor": 11,
            "is_repurchased": false,
            "lease_price_list": [
                {
                    "lease": null,
                    "price": 347200
                }
            ],
            "unit": 708
        },
        {
            "area": 92.0,
            "floor": 3,
            "is_repurchased": false,
            "lease_price_list": [
                {
                    "lease": null,
                    "price": 323500
                }
            ],
            "unit": 710
        }
    ],
    "block_code": {
        "block_num": "662D",
        "contract": "C36",
        "neighbourhood": "S6"
    },
    "dpd_date": "NA (Keys Available)",
    "flat_type": "4-Room",
    "lcd_date": "01 May 2017",
    "pcd_date": "-",
    "quota_chinese": 4,
    "quota_malay": 1,
    "quota_other": 4,
    "street": "EDGEDALE PLAINS",
    "town": "Punggol"
},
{
    "apartments": [
        {
            "area": 93.0,
            "floor": 9,
            "is_repurchased": true,
            "lease_price_list": [
                {
                    "lease": null,
                    "price": 355400
                }
            ],
            "unit": 504
        }
    ],
    "block_code": {
        "block_num": "665A",
        "contract": "C38",
        "neighbourhood": "S6"
    },
    "dpd_date": "NA (Keys Available)",
    "flat_type": "4-Room",
    "lcd_date": "01 Feb 2016",
    "pcd_date": "-",
    "quota_chinese": 1,
    "quota_malay": 1,
    "quota_other": 1,
    "street": "PUNGGOL DR",
    "town": "Punggol"
},
{
    "apartments": [
        {
            "area": 93.0,
            "floor": 16,
            "is_repurchased": true,
            "lease_price_list": [
                {
                    "lease": null,
                    "price": 377600
                }
            ],
            "unit": 540
        }
    ],
    "block_code": {
        "block_num": "665C",
        "contract": "C38",
        "neighbourhood": "S6"
    },
    "dpd_date": "NA (Keys Available)",
    "flat_type": "4-Room",
    "lcd_date": "01 Feb 2016",
    "pcd_date": "-",
    "quota_chinese": 1,
    "quota_malay": 1,
    "quota_other": 1,
    "street": "PUNGGOL DR",
    "town": "Punggol"
},
{
    "apartments": [
        {
            "area": 93.0,
            "floor": 9,
            "is_repurchased": false,
            "lease_price_list": [
                {
                    "lease": null,
                    "price": 359900
                }
            ],
            "unit": 642
        }
    ],
    "block_code": {
        "block_num": "670C",
        "contract": "C39",
        "neighbourhood": "S6"
    },
    "dpd_date": "NA (Keys Available)",
    "flat_type": "4-Room",
    "lcd_date": "01 Jun 2016",
    "pcd_date": "-",
    "quota_chinese": 1,
    "quota_malay": 1,
    "quota_other": 1,
    "street": "EDGEFIELD PLAINS",
    "town": "Punggol"
},
{
    "apartments": [
        {
            "area": 90.0,
            "floor": 10,
            "is_repurchased": true,
            "lease_price_list": [
                {
                    "lease": null,
                    "price": 320900
                }
            ],
            "unit": 501
        }
    ],
    "block_code": {
        "block_num": "671A",
        "contract": "C41",
        "neighbourhood": "S6"
    },
    "dpd_date": "NA (Keys Available)",
    "flat_type": "4-Room",
    "lcd_date": "01 Dec 2015",
    "pcd_date": "-",
    "quota_chinese": 1,
    "quota_malay": 1,
    "quota_other": 1,
    "street": "EDGEFIELD PLAINS",
    "town": "Punggol"
},
{
    "apartments": [
        {
            "area": 90.0,
            "floor": 2,
            "is_repurchased": false,
            "lease_price_list": [
                {
                    "lease": null,
                    "price": 294200
                }
            ],
            "unit": 529
        }
    ],
    "block_code": {
        "block_num": "671B",
        "contract": "C41",
        "neighbourhood": "S6"
    },
    "dpd_date": "NA (Keys Available)",
    "flat_type": "4-Room",
    "lcd_date": "01 Dec 2015",
    "pcd_date": "-",
    "quota_chinese": 1,
    "quota_malay": 1,
    "quota_other": 1,
    "street": "EDGEFIELD PLAINS",
    "town": "Punggol"
},
{
    "apartments": [
        {
            "area": 90.0,
            "floor": 11,
            "is_repurchased": false,
            "lease_price_list": [
                {
                    "lease": null,
                    "price": 340300
                }
            ],
            "unit": 631
        }
    ],
    "block_code": {
        "block_num": "673C",
        "contract": "C41",
        "neighbourhood": "S6"
    },
    "dpd_date": "NA (Keys Available)",
    "flat_type": "4-Room",
    "lcd_date": "01 Dec 2015",
    "pcd_date": "-",
    "quota_chinese": 1,
    "quota_malay": 1,
    "quota_other": 1,
    "street": "EDGEFIELD PLAINS",
    "town": "Punggol"
},
{
    "apartments": [
        {
            "area": 93.0,
            "floor": 6,
            "is_repurchased": false,
            "lease_price_list": [
                {
                    "lease": null,
                    "price": 342600
                }
            ],
            "unit": 704
        }
    ],
    "block_code": {
        "block_num": "676A",
        "contract": "C40",
        "neighbourhood": "S6"
    },
    "dpd_date": "NA (Keys Available)",
    "flat_type": "4-Room",
    "lcd_date": "01 Sep 2016",
    "pcd_date": "-",
    "quota_chinese": 1,
    "quota_malay": 1,
    "quota_other": 1,
    "street": "PUNGGOL DR",
    "town": "Punggol"
},
{
    "apartments": [
        {
            "area": 93.0,
            "floor": 7,
            "is_repurchased": false,
            "lease_price_list": [
                {
                    "lease": null,
                    "price": 364300
                }
            ],
            "unit": 750
        },
        {
            "area": 93.0,
            "floor": 11,
            "is_repurchased": false,
            "lease_price_list": [
                {
                    "lease": null,
                    "price": 372000
                }
            ],
            "unit": 750
        }
    ],
    "block_code": {
        "block_num": "677D",
        "contract": "C40",
        "neighbourhood": "S6"
    },
    "dpd_date": "NA (Keys Available)",
    "flat_type": "4-Room",
    "lcd_date": "01 Sep 2016",
    "pcd_date": "-",
    "quota_chinese": 2,
    "quota_malay": 2,
    "quota_other": 2,
    "street": "PUNGGOL DR",
    "town": "Punggol"
},
{
    "apartments": [
        {
            "area": 93.0,
            "floor": 3,
            "is_repurchased": false,
            "lease_price_list": [
                {
                    "lease": null,
                    "price": 324000
                }
            ],
            "unit": 832
        }
    ],
    "block_code": {
        "block_num": "678B",
        "contract": "C40",
        "neighbourhood": "S6"
    },
    "dpd_date": "NA (Keys Available)",
    "flat_type": "4-Room",
    "lcd_date": "01 Sep 2016",
    "pcd_date": "-",
    "quota_chinese": 1,
    "quota_malay": 1,
    "quota_other": 1,
    "street": "PUNGGOL DR",
    "town": "Punggol"
},
{
    "apartments": [
        {
            "area": 93.0,
            "floor": 5,
            "is_repurchased": false,
            "lease_price_list": [
                {
                    "lease": null,
                    "price": 307100
                }
            ],
            "unit": 747
        },
        {
            "area": 93.0,
            "floor": 12,
            "is_repurchased": false,
            "lease_price_list": [
                {
                    "lease": null,
                    "price": 317500
                }
            ],
            "unit": 747
        },
        {
            "area": 93.0,
            "floor": 15,
            "is_repurchased": false,
            "lease_price_list": [
                {
                    "lease": null,
                    "price": 320900
                }
            ],
            "unit": 747
        }
    ],
    "block_code": {
        "block_num": "682A",
        "contract": "C39B",
        "neighbourhood": "S6"
    },
    "dpd_date": "NA (Keys Available)",
    "flat_type": "4-Room",
    "lcd_date": "01 Aug 2018",
    "pcd_date": "-",
    "quota_chinese": 3,
    "quota_malay": 1,
    "quota_other": 3,
    "street": "EDGEDALE PLAINS",
    "town": "Punggol"
},
{
    "apartments": [
        {
            "area": 93.0,
            "floor": 6,
            "is_repurchased": false,
            "lease_price_list": [
                {
                    "lease": null,
                    "price": 328200
                }
            ],
            "unit": 739
        },
        {
            "area": 93.0,
            "floor": 13,
            "is_repurchased": false,
            "lease_price_list": [
                {
                    "lease": null,
                    "price": 342200
                }
            ],
            "unit": 739
        }
    ],
    "block_code": {
        "block_num": "682B",
        "contract": "C39B",
        "neighbourhood": "S6"
    },
    "dpd_date": "NA (Keys Available)",
    "flat_type": "4-Room",
    "lcd_date": "01 Aug 2018",
    "pcd_date": "-",
    "quota_chinese": 2,
    "quota_malay": 2,
    "quota_other": 2,
    "street": "EDGEDALE PLAINS",
    "town": "Punggol"
},
{
    "apartments": [
        {
            "area": 93.0,
            "floor": 2,
            "is_repurchased": false,
            "lease_price_list": [
                {
                    "lease": null,
                    "price": 293700
                }
            ],
            "unit": 699
        }
    ],
    "block_code": {
        "block_num": "683B",
        "contract": "C39B",
        "neighbourhood": "S6"
    },
    "dpd_date": "31 Jul 2018",
    "flat_type": "4-Room",
    "lcd_date": "-",
    "pcd_date": "07/2017",
    "quota_chinese": 1,
    "quota_malay": 1,
    "quota_other": 0,
    "street": "EDGEDALE PLAINS",
    "town": "Punggol"
},
{
    "apartments": [
        {
            "area": 93.0,
            "floor": 9,
            "is_repurchased": false,
            "lease_price_list": [
                {
                    "lease": null,
                    "price": 336500
                }
            ],
            "unit": 619
        }
    ],
    "block_code": {
        "block_num": "684A",
        "contract": "C39B",
        "neighbourhood": "S6"
    },
    "dpd_date": "31 Jul 2018",
    "flat_type": "4-Room",
    "lcd_date": "-",
    "pcd_date": "3Q/2017",
    "quota_chinese": 1,
    "quota_malay": 1,
    "quota_other": 1,
    "street": "EDGEDALE PLAINS",
    "town": "Punggol"
},
{
    "apartments": [
        {
            "area": 93.0,
            "floor": 8,
            "is_repurchased": false,
            "lease_price_list": [
                {
                    "lease": null,
                    "price": 335100
                }
            ],
            "unit": 641
        },
        {
            "area": 93.0,
            "floor": 17,
            "is_repurchased": false,
            "lease_price_list": [
                {
                    "lease": null,
                    "price": 346400
                }
            ],
            "unit": 653
        }
    ],
    "block_code": {
        "block_num": "684C",
        "contract": "C39B",
        "neighbourhood": "S6"
    },
    "dpd_date": "31 Jul 2018",
    "flat_type": "4-Room",
    "lcd_date": "-",
    "pcd_date": "07/2017",
    "quota_chinese": 2,
    "quota_malay": 2,
    "quota_other": 2,
    "street": "EDGEDALE PLAINS",
    "town": "Punggol"
},
{
    "apartments": [
        {
            "area": 93.0,
            "floor": 13,
            "is_repurchased": false,
            "lease_price_list": [
                {
                    "lease": null,
                    "price": 353900
                }
            ],
            "unit": 675
        }
    ],
    "block_code": {
        "block_num": "684D",
        "contract": "C39B",
        "neighbourhood": "S6"
    },
    "dpd_date": "31 Jul 2018",
    "flat_type": "4-Room",
    "lcd_date": "-",
    "pcd_date": "08/2017",
    "quota_chinese": 1,
    "quota_malay": 1,
    "quota_other": 0,
    "street": "EDGEDALE PLAINS",
    "town": "Punggol"
}]
