[{
    "apartments": [
        {
            "area": 113.0,
            "floor": 15,
            "is_repurchased": false,
            "lease_price_list": [
                {
                    "lease": null,
                    "price": 386300
                }
            ],
            "unit": 171
        }
    ],
    "block_code": {
        "block_num": "122A",
        "contract": "C44",
        "neighbourhood": "S1"
    },
    "dpd_date": "NA (Keys Available)",
    "flat_type": "5-Room",
    "lcd_date": "01 May 2017",
    "pcd_date": "-",
    "quota_chinese": 1,
    "quota_malay": 0,
    "quota_other": 1,
    "street": "EDGEDALE PLAINS",
    "town": "Punggol"
},
{
    "apartments": [
        {
            "area": 112.0,
            "floor": 14,
            "is_repurchased": true,
            "lease_price_list": [
                {
                    "lease": null,
                    "price": 388300
                }
            ],
            "unit": 155
        }
    ],
    "block_code": {
        "block_num": "122B",
        "contract": "C44",
        "neighbourhood": "S1"
    },
    "dpd_date": "NA (Keys Available)",
    "flat_type": "5-Room",
    "lcd_date": "01 May 2017",
    "pcd_date": "-",
    "quota_chinese": 1,
    "quota_malay": 1,
    "quota_other": 1,
    "street": "EDGEDALE PLAINS",
    "town": "Punggol"
},
{
    "apartments": [
        {
            "area": 110.0,
            "floor": 7,
            "is_repurchased": true,
            "lease_price_list": [
                {
                    "lease": null,
                    "price": 338000
                }
            ],
            "unit": 345
        }
    ],
    "block_code": {
        "block_num": "128A",
        "contract": "C17",
        "neighbourhood": "S1"
    },
    "dpd_date": "NA (Keys Available)",
    "flat_type": "5-Room",
    "lcd_date": "01 Jul 2003",
    "pcd_date": "-",
    "quota_chinese": 1,
    "quota_malay": 1,
    "quota_other": 1,
    "street": "PUNGGOL FIELD WALK",
    "town": "Punggol"
},
{
    "apartments": [
        {
            "area": 110.0,
            "floor": 18,
            "is_repurchased": true,
            "lease_price_list": [
                {
                    "lease": null,
                    "price": 388000
                }
            ],
            "unit": 456
        }
    ],
    "block_code": {
        "block_num": "171B",
        "contract": "C22",
        "neighbourhood": "S1"
    },
    "dpd_date": "NA (Keys Available)",
    "flat_type": "5-Room",
    "lcd_date": "01 Jan 2004",
    "pcd_date": "-",
    "quota_chinese": 1,
    "quota_malay": 1,
    "quota_other": 1,
    "street": "EDGEDALE PLAINS",
    "town": "Punggol"
},
{
    "apartments": [
        {
            "area": 112.0,
            "floor": 8,
            "is_repurchased": false,
            "lease_price_list": [
                {
                    "lease": null,
                    "price": 401800
                }
            ],
            "unit": 244
        },
        {
            "area": 112.0,
            "floor": 14,
            "is_repurchased": false,
            "lease_price_list": [
                {
                    "lease": null,
                    "price": 411400
                }
            ],
            "unit": 244
        }
    ],
    "block_code": {
        "block_num": "217A",
        "contract": "C35",
        "neighbourhood": "S2"
    },
    "dpd_date": "NA (Keys Available)",
    "flat_type": "5-Room",
    "lcd_date": "01 Jul 2017",
    "pcd_date": "-",
    "quota_chinese": 2,
    "quota_malay": 2,
    "quota_other": 2,
    "street": "SUMANG WALK",
    "town": "Punggol"
},
{
    "apartments": [
        {
            "area": 112.0,
            "floor": 2,
            "is_repurchased": false,
            "lease_price_list": [
                {
                    "lease": null,
                    "price": 363900
                }
            ],
            "unit": 230
        },
        {
            "area": 112.0,
            "floor": 17,
            "is_repurchased": false,
            "lease_price_list": [
                {
                    "lease": null,
                    "price": 415200
                }
            ],
            "unit": 230
        },
        {
            "area": 112.0,
            "floor": 17,
            "is_repurchased": false,
            "lease_price_list": [
                {
                    "lease": null,
                    "price": 414000
                }
            ],
            "unit": 234
        }
    ],
    "block_code": {
        "block_num": "217B",
        "contract": "C35",
        "neighbourhood": "S2"
    },
    "dpd_date": "NA (Keys Available)",
    "flat_type": "5-Room",
    "lcd_date": "01 Jul 2017",
    "pcd_date": "-",
    "quota_chinese": 3,
    "quota_malay": 3,
    "quota_other": 3,
    "street": "SUMANG WALK",
    "town": "Punggol"
},
{
    "apartments": [
        {
            "area": 112.0,
            "floor": 2,
            "is_repurchased": false,
            "lease_price_list": [
                {
                    "lease": null,
                    "price": 363300
                }
            ],
            "unit": 212
        },
        {
            "area": 112.0,
            "floor": 3,
            "is_repurchased": false,
            "lease_price_list": [
                {
                    "lease": null,
                    "price": 369900
                }
            ],
            "unit": 224
        }
    ],
    "block_code": {
        "block_num": "217C",
        "contract": "C35",
        "neighbourhood": "S2"
    },
    "dpd_date": "NA (Keys Available)",
    "flat_type": "5-Room",
    "lcd_date": "01 Jul 2017",
    "pcd_date": "-",
    "quota_chinese": 2,
    "quota_malay": 2,
    "quota_other": 2,
    "street": "SUMANG WALK",
    "town": "Punggol"
},
{
    "apartments": [
        {
            "area": 112.0,
            "floor": 2,
            "is_repurchased": false,
            "lease_price_list": [
                {
                    "lease": null,
                    "price": 376700
                }
            ],
            "unit": 200
        }
    ],
    "block_code": {
        "block_num": "217D",
        "contract": "C35",
        "neighbourhood": "S2"
    },
    "dpd_date": "NA (Keys Available)",
    "flat_type": "5-Room",
    "lcd_date": "01 Jul 2017",
    "pcd_date": "-",
    "quota_chinese": 1,
    "quota_malay": 1,
    "quota_other": 1,
    "street": "SUMANG WALK",
    "town": "Punggol"
},
{
    "apartments": [
        {
            "area": 114.0,
            "floor": 4,
            "is_repurchased": false,
            "lease_price_list": [
                {
                    "lease": null,
                    "price": 421900
                }
            ],
            "unit": 202
        },
        {
            "area": 114.0,
            "floor": 3,
            "is_repurchased": false,
            "lease_price_list": [
                {
                    "lease": null,
                    "price": 400300
                }
            ],
            "unit": 212
        }
    ],
    "block_code": {
        "block_num": "226A",
        "contract": "C37",
        "neighbourhood": "S2"
    },
    "dpd_date": "NA (Keys Available)",
    "flat_type": "5-Room",
    "lcd_date": "01 Mar 2018",
    "pcd_date": "-",
    "quota_chinese": 2,
    "quota_malay": 2,
    "quota_other": 2,
    "street": "SUMANG LANE",
    "town": "Punggol"
},
{
    "apartments": [
        {
            "area": 114.0,
            "floor": 14,
            "is_repurchased": false,
            "lease_price_list": [
                {
                    "lease": null,
                    "price": 449800
                }
            ],
            "unit": 216
        }
    ],
    "block_code": {
        "block_num": "226B",
        "contract": "C37",
        "neighbourhood": "S2"
    },
    "dpd_date": "NA (Keys Available)",
    "flat_type": "5-Room",
    "lcd_date": "01 Mar 2018",
    "pcd_date": "-",
    "quota_chinese": 1,
    "quota_malay": 1,
    "quota_other": 1,
    "street": "SUMANG LANE",
    "town": "Punggol"
},
{
    "apartments": [
        {
            "area": 114.0,
            "floor": 3,
            "is_repurchased": false,
            "lease_price_list": [
                {
                    "lease": null,
                    "price": 399100
                }
            ],
            "unit": 244
        }
    ],
    "block_code": {
        "block_num": "227A",
        "contract": "C37",
        "neighbourhood": "S2"
    },
    "dpd_date": "NA (Keys Available)",
    "flat_type": "5-Room",
    "lcd_date": "01 Mar 2018",
    "pcd_date": "-",
    "quota_chinese": 1,
    "quota_malay": 1,
    "quota_other": 1,
    "street": "SUMANG LANE",
    "town": "Punggol"
},
{
    "apartments": [
        {
            "area": 113.0,
            "floor": 16,
            "is_repurchased": false,
            "lease_price_list": [
                {
                    "lease": null,
                    "price": 408700
                }
            ],
            "unit": 263
        },
        {
            "area": 113.0,
            "floor": 3,
            "is_repurchased": false,
            "lease_price_list": [
                {
                    "lease": null,
                    "price": 371400
                }
            ],
            "unit": 265
        },
        {
            "area": 113.0,
            "floor": 4,
            "is_repurchased": false,
            "lease_price_list": [
                {
                    "lease": null,
                    "price": 376400
                }
            ],
            "unit": 265
        },
        {
            "area": 113.0,
            "floor": 6,
            "is_repurchased": false,
            "lease_price_list": [
                {
                    "lease": null,
                    "price": 386900
                }
            ],
            "unit": 265
        }
    ],
    "block_code": {
        "block_num": "231A",
        "contract": "C40",
        "neighbourhood": "S2"
    },
    "dpd_date": "31 Oct 2018",
    "flat_type": "5-Room",
    "lcd_date": "-",
    "pcd_date": "09/2017",
    "quota_chinese": 4,
    "quota_malay": 4,
    "quota_other": 4,
    "street": "SUMANG LANE",
    "town": "Punggol"
},
{
    "apartments": [
        {
            "area": 113.0,
            "floor": 2,
            "is_repurchased": false,
            "lease_price_list": [
                {
                    "lease": null,
                    "price": 364400
                }
            ],
            "unit": 253
        },
        {
            "area": 113.0,
            "floor": 3,
            "is_repurchased": false,
            "lease_price_list": [
                {
                    "lease": null,
                    "price": 370400
                }
            ],
            "unit": 253
        },
        {
            "area": 113.0,
            "floor": 5,
            "is_repurchased": false,
            "lease_price_list": [
                {
                    "lease": null,
                    "price": 382400
                }
            ],
            "unit": 253
        },
        {
            "area": 113.0,
            "floor": 2,
            "is_repurchased": false,
            "lease_price_list": [
                {
                    "lease": null,
                    "price": 357700
                }
            ],
            "unit": 255
        },
        {
            "area": 113.0,
            "floor": 3,
            "is_repurchased": false,
            "lease_price_list": [
                {
                    "lease": null,
                    "price": 363700
                }
            ],
            "unit": 255
        },
        {
            "area": 113.0,
            "floor": 13,
            "is_repurchased": false,
            "lease_price_list": [
                {
                    "lease": null,
                    "price": 403900
                }
            ],
            "unit": 255
        },
        {
            "area": 113.0,
            "floor": 2,
            "is_repurchased": false,
            "lease_price_list": [
                {
                    "lease": null,
                    "price": 364400
                }
            ],
            "unit": 259
        },
        {
            "area": 113.0,
            "floor": 3,
            "is_repurchased": false,
            "lease_price_list": [
                {
                    "lease": null,
                    "price": 370400
                }
            ],
            "unit": 259
        },
        {
            "area": 113.0,
            "floor": 4,
            "is_repurchased": false,
            "lease_price_list": [
                {
                    "lease": null,
                    "price": 376400
                }
            ],
            "unit": 259
        },
        {
            "area": 113.0,
            "floor": 5,
            "is_repurchased": false,
            "lease_price_list": [
                {
                    "lease": null,
                    "price": 382400
                }
            ],
            "unit": 259
        },
        {
            "area": 113.0,
            "floor": 7,
            "is_repurchased": false,
            "lease_price_list": [
                {
                    "lease": null,
                    "price": 391400
                }
            ],
            "unit": 259
        },
        {
            "area": 113.0,
            "floor": 8,
            "is_repurchased": false,
            "lease_price_list": [
                {
                    "lease": null,
                    "price": 395900
                }
            ],
            "unit": 259
        },
        {
            "area": 113.0,
            "floor": 9,
            "is_repurchased": false,
            "lease_price_list": [
                {
                    "lease": null,
                    "price": 397500
                }
            ],
            "unit": 259
        },
        {
            "area": 113.0,
            "floor": 2,
            "is_repurchased": false,
            "lease_price_list": [
                {
                    "lease": null,
                    "price": 364400
                }
            ],
            "unit": 261
        },
        {
            "area": 113.0,
            "floor": 3,
            "is_repurchased": false,
            "lease_price_list": [
                {
                    "lease": null,
                    "price": 370400
                }
            ],
            "unit": 261
        },
        {
            "area": 113.0,
            "floor": 4,
            "is_repurchased": false,
            "lease_price_list": [
                {
                    "lease": null,
                    "price": 376400
                }
            ],
            "unit": 261
        },
        {
            "area": 113.0,
            "floor": 5,
            "is_repurchased": false,
            "lease_price_list": [
                {
                    "lease": null,
                    "price": 382400
                }
            ],
            "unit": 261
        }
    ],
    "block_code": {
        "block_num": "231B",
        "contract": "C40",
        "neighbourhood": "S2"
    },
    "dpd_date": "31 Oct 2018",
    "flat_type": "5-Room",
    "lcd_date": "-",
    "pcd_date": "10/2017",
    "quota_chinese": 17,
    "quota_malay": 8,
    "quota_other": 13,
    "street": "SUMANG LANE",
    "town": "Punggol"
},
{
    "apartments": [
        {
            "area": 113.0,
            "floor": 2,
            "is_repurchased": false,
            "lease_price_list": [
                {
                    "lease": null,
                    "price": 364400
                }
            ],
            "unit": 385
        },
        {
            "area": 113.0,
            "floor": 3,
            "is_repurchased": false,
            "lease_price_list": [
                {
                    "lease": null,
                    "price": 370400
                }
            ],
            "unit": 385
        },
        {
            "area": 113.0,
            "floor": 4,
            "is_repurchased": false,
            "lease_price_list": [
                {
                    "lease": null,
                    "price": 376400
                }
            ],
            "unit": 385
        },
        {
            "area": 113.0,
            "floor": 6,
            "is_repurchased": false,
            "lease_price_list": [
                {
                    "lease": null,
                    "price": 386900
                }
            ],
            "unit": 385
        },
        {
            "area": 113.0,
            "floor": 2,
            "is_repurchased": false,
            "lease_price_list": [
                {
                    "lease": null,
                    "price": 364400
                }
            ],
            "unit": 387
        },
        {
            "area": 113.0,
            "floor": 3,
            "is_repurchased": false,
            "lease_price_list": [
                {
                    "lease": null,
                    "price": 370400
                }
            ],
            "unit": 387
        },
        {
            "area": 113.0,
            "floor": 4,
            "is_repurchased": false,
            "lease_price_list": [
                {
                    "lease": null,
                    "price": 376400
                }
            ],
            "unit": 387
        },
        {
            "area": 113.0,
            "floor": 5,
            "is_repurchased": false,
            "lease_price_list": [
                {
                    "lease": null,
                    "price": 382400
                }
            ],
            "unit": 387
        },
        {
            "area": 113.0,
            "floor": 6,
            "is_repurchased": false,
            "lease_price_list": [
                {
                    "lease": null,
                    "price": 386900
                }
            ],
            "unit": 387
        },
        {
            "area": 113.0,
            "floor": 7,
            "is_repurchased": false,
            "lease_price_list": [
                {
                    "lease": null,
                    "price": 391400
                }
            ],
            "unit": 387
        },
        {
            "area": 113.0,
            "floor": 8,
            "is_repurchased": false,
            "lease_price_list": [
                {
                    "lease": null,
                    "price": 395900
                }
            ],
            "unit": 387
        },
        {
            "area": 113.0,
            "floor": 9,
            "is_repurchased": false,
            "lease_price_list": [
                {
                    "lease": null,
                    "price": 397500
                }
            ],
            "unit": 387
        },
        {
            "area": 113.0,
            "floor": 10,
            "is_repurchased": false,
            "lease_price_list": [
                {
                    "lease": null,
                    "price": 399100
                }
            ],
            "unit": 387
        },
        {
            "area": 113.0,
            "floor": 11,
            "is_repurchased": false,
            "lease_price_list": [
                {
                    "lease": null,
                    "price": 400700
                }
            ],
            "unit": 387
        },
        {
            "area": 113.0,
            "floor": 14,
            "is_repurchased": false,
            "lease_price_list": [
                {
                    "lease": null,
                    "price": 405500
                }
            ],
            "unit": 387
        },
        {
            "area": 113.0,
            "floor": 2,
            "is_repurchased": false,
            "lease_price_list": [
                {
                    "lease": null,
                    "price": 357700
                }
            ],
            "unit": 391
        },
        {
            "area": 113.0,
            "floor": 3,
            "is_repurchased": false,
            "lease_price_list": [
                {
                    "lease": null,
                    "price": 363700
                }
            ],
            "unit": 391
        },
        {
            "area": 113.0,
            "floor": 4,
            "is_repurchased": false,
            "lease_price_list": [
                {
                    "lease": null,
                    "price": 369700
                }
            ],
            "unit": 391
        },
        {
            "area": 113.0,
            "floor": 5,
            "is_repurchased": false,
            "lease_price_list": [
                {
                    "lease": null,
                    "price": 382400
                }
            ],
            "unit": 391
        },
        {
            "area": 113.0,
            "floor": 6,
            "is_repurchased": false,
            "lease_price_list": [
                {
                    "lease": null,
                    "price": 386900
                }
            ],
            "unit": 391
        },
        {
            "area": 113.0,
            "floor": 2,
            "is_repurchased": false,
            "lease_price_list": [
                {
                    "lease": null,
                    "price": 364400
                }
            ],
            "unit": 393
        },
        {
            "area": 113.0,
            "floor": 3,
            "is_repurchased": false,
            "lease_price_list": [
                {
                    "lease": null,
                    "price": 370400
                }
            ],
            "unit": 393
        },
        {
            "area": 113.0,
            "floor": 4,
            "is_repurchased": false,
            "lease_price_list": [
                {
                    "lease": null,
                    "price": 376400
                }
            ],
            "unit": 393
        },
        {
            "area": 113.0,
            "floor": 5,
            "is_repurchased": false,
            "lease_price_list": [
                {
                    "lease": null,
                    "price": 382400
                }
            ],
            "unit": 393
        },
        {
            "area": 113.0,
            "floor": 6,
            "is_repurchased": false,
            "lease_price_list": [
                {
                    "lease": null,
                    "price": 386900
                }
            ],
            "unit": 393
        }
    ],
    "block_code": {
        "block_num": "232A",
        "contract": "C40",
        "neighbourhood": "S2"
    },
    "dpd_date": "31 Oct 2018",
    "flat_type": "5-Room",
    "lcd_date": "-",
    "pcd_date": "10/2017",
    "quota_chinese": 25,
    "quota_malay": 12,
    "quota_other": 11,
    "street": "SUMANG LANE",
    "town": "Punggol"
},
{
    "apartments": [
        {
            "area": 113.0,
            "floor": 2,
            "is_repurchased": false,
            "lease_price_list": [
                {
                    "lease": null,
                    "price": 351000
                }
            ],
            "unit": 379
        },
        {
            "area": 113.0,
            "floor": 3,
            "is_repurchased": false,
            "lease_price_list": [
                {
                    "lease": null,
                    "price": 363700
                }
            ],
            "unit": 379
        },
        {
            "area": 113.0,
            "floor": 4,
            "is_repurchased": false,
            "lease_price_list": [
                {
                    "lease": null,
                    "price": 369700
                }
            ],
            "unit": 379
        },
        {
            "area": 113.0,
            "floor": 2,
            "is_repurchased": false,
            "lease_price_list": [
                {
                    "lease": null,
                    "price": 364400
                }
            ],
            "unit": 381
        },
        {
            "area": 113.0,
            "floor": 3,
            "is_repurchased": false,
            "lease_price_list": [
                {
                    "lease": null,
                    "price": 370400
                }
            ],
            "unit": 381
        },
        {
            "area": 113.0,
            "floor": 4,
            "is_repurchased": false,
            "lease_price_list": [
                {
                    "lease": null,
                    "price": 376400
                }
            ],
            "unit": 381
        },
        {
            "area": 113.0,
            "floor": 5,
            "is_repurchased": false,
            "lease_price_list": [
                {
                    "lease": null,
                    "price": 382400
                }
            ],
            "unit": 381
        },
        {
            "area": 113.0,
            "floor": 6,
            "is_repurchased": false,
            "lease_price_list": [
                {
                    "lease": null,
                    "price": 386900
                }
            ],
            "unit": 381
        },
        {
            "area": 113.0,
            "floor": 7,
            "is_repurchased": false,
            "lease_price_list": [
                {
                    "lease": null,
                    "price": 391400
                }
            ],
            "unit": 381
        },
        {
            "area": 113.0,
            "floor": 8,
            "is_repurchased": false,
            "lease_price_list": [
                {
                    "lease": null,
                    "price": 395900
                }
            ],
            "unit": 381
        },
        {
            "area": 113.0,
            "floor": 9,
            "is_repurchased": false,
            "lease_price_list": [
                {
                    "lease": null,
                    "price": 397500
                }
            ],
            "unit": 381
        },
        {
            "area": 113.0,
            "floor": 10,
            "is_repurchased": false,
            "lease_price_list": [
                {
                    "lease": null,
                    "price": 399100
                }
            ],
            "unit": 381
        },
        {
            "area": 113.0,
            "floor": 12,
            "is_repurchased": false,
            "lease_price_list": [
                {
                    "lease": null,
                    "price": 402300
                }
            ],
            "unit": 381
        },
        {
            "area": 113.0,
            "floor": 13,
            "is_repurchased": false,
            "lease_price_list": [
                {
                    "lease": null,
                    "price": 403900
                }
            ],
            "unit": 381
        },
        {
            "area": 113.0,
            "floor": 14,
            "is_repurchased": false,
            "lease_price_list": [
                {
                    "lease": null,
                    "price": 405500
                }
            ],
            "unit": 381
        },
        {
            "area": 113.0,
            "floor": 15,
            "is_repurchased": false,
            "lease_price_list": [
                {
                    "lease": null,
                    "price": 407100
                }
            ],
            "unit": 381
        },
        {
            "area": 113.0,
            "floor": 2,
            "is_repurchased": false,
            "lease_price_list": [
                {
                    "lease": null,
                    "price": 364400
                }
            ],
            "unit": 383
        },
        {
            "area": 113.0,
            "floor": 3,
            "is_repurchased": false,
            "lease_price_list": [
                {
                    "lease": null,
                    "price": 370400
                }
            ],
            "unit": 383
        },
        {
            "area": 113.0,
            "floor": 4,
            "is_repurchased": false,
            "lease_price_list": [
                {
                    "lease": null,
                    "price": 376400
                }
            ],
            "unit": 383
        },
        {
            "area": 113.0,
            "floor": 5,
            "is_repurchased": false,
            "lease_price_list": [
                {
                    "lease": null,
                    "price": 382400
                }
            ],
            "unit": 383
        },
        {
            "area": 113.0,
            "floor": 6,
            "is_repurchased": false,
            "lease_price_list": [
                {
                    "lease": null,
                    "price": 386900
                }
            ],
            "unit": 383
        },
        {
            "area": 113.0,
            "floor": 7,
            "is_repurchased": false,
            "lease_price_list": [
                {
                    "lease": null,
                    "price": 391400
                }
            ],
            "unit": 383
        },
        {
            "area": 113.0,
            "floor": 8,
            "is_repurchased": false,
            "lease_price_list": [
                {
                    "lease": null,
                    "price": 395900
                }
            ],
            "unit": 383
        },
        {
            "area": 113.0,
            "floor": 9,
            "is_repurchased": false,
            "lease_price_list": [
                {
                    "lease": null,
                    "price": 397500
                }
            ],
            "unit": 383
        },
        {
            "area": 113.0,
            "floor": 10,
            "is_repurchased": false,
            "lease_price_list": [
                {
                    "lease": null,
                    "price": 399100
                }
            ],
            "unit": 383
        },
        {
            "area": 113.0,
            "floor": 11,
            "is_repurchased": false,
            "lease_price_list": [
                {
                    "lease": null,
                    "price": 400700
                }
            ],
            "unit": 383
        },
        {
            "area": 113.0,
            "floor": 13,
            "is_repurchased": false,
            "lease_price_list": [
                {
                    "lease": null,
                    "price": 403900
                }
            ],
            "unit": 383
        },
        {
            "area": 113.0,
            "floor": 14,
            "is_repurchased": false,
            "lease_price_list": [
                {
                    "lease": null,
                    "price": 405500
                }
            ],
            "unit": 383
        },
        {
            "area": 113.0,
            "floor": 15,
            "is_repurchased": false,
            "lease_price_list": [
                {
                    "lease": null,
                    "price": 407100
                }
            ],
            "unit": 383
        }
    ],
    "block_code": {
        "block_num": "232B",
        "contract": "C40",
        "neighbourhood": "S2"
    },
    "dpd_date": "31 Oct 2018",
    "flat_type": "5-Room",
    "lcd_date": "-",
    "pcd_date": "10/2017",
    "quota_chinese": 29,
    "quota_malay": 7,
    "quota_other": 11,
    "street": "SUMANG LANE",
    "town": "Punggol"
},
{
    "apartments": [
        {
            "area": 113.0,
            "floor": 2,
            "is_repurchased": false,
            "lease_price_list": [
                {
                    "lease": null,
                    "price": 364400
                }
            ],
            "unit": 313
        },
        {
            "area": 113.0,
            "floor": 3,
            "is_repurchased": false,
            "lease_price_list": [
                {
                    "lease": null,
                    "price": 370400
                }
            ],
            "unit": 313
        },
        {
            "area": 113.0,
            "floor": 4,
            "is_repurchased": false,
            "lease_price_list": [
                {
                    "lease": null,
                    "price": 376400
                }
            ],
            "unit": 313
        },
        {
            "area": 113.0,
            "floor": 5,
            "is_repurchased": false,
            "lease_price_list": [
                {
                    "lease": null,
                    "price": 382400
                }
            ],
            "unit": 313
        },
        {
            "area": 113.0,
            "floor": 6,
            "is_repurchased": false,
            "lease_price_list": [
                {
                    "lease": null,
                    "price": 386900
                }
            ],
            "unit": 313
        },
        {
            "area": 113.0,
            "floor": 8,
            "is_repurchased": false,
            "lease_price_list": [
                {
                    "lease": null,
                    "price": 395900
                }
            ],
            "unit": 313
        },
        {
            "area": 113.0,
            "floor": 2,
            "is_repurchased": false,
            "lease_price_list": [
                {
                    "lease": null,
                    "price": 364400
                }
            ],
            "unit": 315
        },
        {
            "area": 113.0,
            "floor": 3,
            "is_repurchased": false,
            "lease_price_list": [
                {
                    "lease": null,
                    "price": 370400
                }
            ],
            "unit": 315
        },
        {
            "area": 113.0,
            "floor": 4,
            "is_repurchased": false,
            "lease_price_list": [
                {
                    "lease": null,
                    "price": 376400
                }
            ],
            "unit": 315
        },
        {
            "area": 113.0,
            "floor": 5,
            "is_repurchased": false,
            "lease_price_list": [
                {
                    "lease": null,
                    "price": 382400
                }
            ],
            "unit": 315
        },
        {
            "area": 113.0,
            "floor": 6,
            "is_repurchased": false,
            "lease_price_list": [
                {
                    "lease": null,
                    "price": 386900
                }
            ],
            "unit": 315
        },
        {
            "area": 113.0,
            "floor": 7,
            "is_repurchased": false,
            "lease_price_list": [
                {
                    "lease": null,
                    "price": 391400
                }
            ],
            "unit": 315
        },
        {
            "area": 113.0,
            "floor": 8,
            "is_repurchased": false,
            "lease_price_list": [
                {
                    "lease": null,
                    "price": 395900
                }
            ],
            "unit": 315
        },
        {
            "area": 113.0,
            "floor": 9,
            "is_repurchased": false,
            "lease_price_list": [
                {
                    "lease": null,
                    "price": 397500
                }
            ],
            "unit": 315
        },
        {
            "area": 113.0,
            "floor": 10,
            "is_repurchased": false,
            "lease_price_list": [
                {
                    "lease": null,
                    "price": 399100
                }
            ],
            "unit": 315
        },
        {
            "area": 113.0,
            "floor": 11,
            "is_repurchased": false,
            "lease_price_list": [
                {
                    "lease": null,
                    "price": 400700
                }
            ],
            "unit": 315
        },
        {
            "area": 113.0,
            "floor": 13,
            "is_repurchased": false,
            "lease_price_list": [
                {
                    "lease": null,
                    "price": 403900
                }
            ],
            "unit": 315
        },
        {
            "area": 113.0,
            "floor": 14,
            "is_repurchased": false,
            "lease_price_list": [
                {
                    "lease": null,
                    "price": 405500
                }
            ],
            "unit": 315
        },
        {
            "area": 113.0,
            "floor": 2,
            "is_repurchased": false,
            "lease_price_list": [
                {
                    "lease": null,
                    "price": 337700
                }
            ],
            "unit": 317
        },
        {
            "area": 113.0,
            "floor": 3,
            "is_repurchased": false,
            "lease_price_list": [
                {
                    "lease": null,
                    "price": 343700
                }
            ],
            "unit": 317
        },
        {
            "area": 113.0,
            "floor": 4,
            "is_repurchased": false,
            "lease_price_list": [
                {
                    "lease": null,
                    "price": 349700
                }
            ],
            "unit": 317
        },
        {
            "area": 113.0,
            "floor": 5,
            "is_repurchased": false,
            "lease_price_list": [
                {
                    "lease": null,
                    "price": 362400
                }
            ],
            "unit": 317
        },
        {
            "area": 113.0,
            "floor": 6,
            "is_repurchased": false,
            "lease_price_list": [
                {
                    "lease": null,
                    "price": 366900
                }
            ],
            "unit": 317
        }
    ],
    "block_code": {
        "block_num": "233B",
        "contract": "C40",
        "neighbourhood": "S2"
    },
    "dpd_date": "31 Oct 2018",
    "flat_type": "5-Room",
    "lcd_date": "-",
    "pcd_date": "10/2017",
    "quota_chinese": 23,
    "quota_malay": 2,
    "quota_other": 11,
    "street": "SUMANG LANE",
    "town": "Punggol"
},
{
    "apartments": [
        {
            "area": 113.0,
            "floor": 2,
            "is_repurchased": false,
            "lease_price_list": [
                {
                    "lease": null,
                    "price": 337700
                }
            ],
            "unit": 307
        },
        {
            "area": 113.0,
            "floor": 3,
            "is_repurchased": false,
            "lease_price_list": [
                {
                    "lease": null,
                    "price": 343700
                }
            ],
            "unit": 307
        },
        {
            "area": 113.0,
            "floor": 4,
            "is_repurchased": false,
            "lease_price_list": [
                {
                    "lease": null,
                    "price": 349700
                }
            ],
            "unit": 307
        },
        {
            "area": 113.0,
            "floor": 5,
            "is_repurchased": false,
            "lease_price_list": [
                {
                    "lease": null,
                    "price": 362400
                }
            ],
            "unit": 307
        },
        {
            "area": 113.0,
            "floor": 6,
            "is_repurchased": false,
            "lease_price_list": [
                {
                    "lease": null,
                    "price": 366900
                }
            ],
            "unit": 307
        },
        {
            "area": 113.0,
            "floor": 2,
            "is_repurchased": false,
            "lease_price_list": [
                {
                    "lease": null,
                    "price": 364400
                }
            ],
            "unit": 309
        },
        {
            "area": 113.0,
            "floor": 4,
            "is_repurchased": false,
            "lease_price_list": [
                {
                    "lease": null,
                    "price": 376400
                }
            ],
            "unit": 309
        },
        {
            "area": 113.0,
            "floor": 5,
            "is_repurchased": false,
            "lease_price_list": [
                {
                    "lease": null,
                    "price": 382400
                }
            ],
            "unit": 309
        },
        {
            "area": 113.0,
            "floor": 6,
            "is_repurchased": false,
            "lease_price_list": [
                {
                    "lease": null,
                    "price": 386900
                }
            ],
            "unit": 309
        },
        {
            "area": 113.0,
            "floor": 7,
            "is_repurchased": false,
            "lease_price_list": [
                {
                    "lease": null,
                    "price": 391400
                }
            ],
            "unit": 309
        },
        {
            "area": 113.0,
            "floor": 8,
            "is_repurchased": false,
            "lease_price_list": [
                {
                    "lease": null,
                    "price": 395900
                }
            ],
            "unit": 309
        },
        {
            "area": 113.0,
            "floor": 10,
            "is_repurchased": false,
            "lease_price_list": [
                {
                    "lease": null,
                    "price": 399100
                }
            ],
            "unit": 309
        },
        {
            "area": 113.0,
            "floor": 11,
            "is_repurchased": false,
            "lease_price_list": [
                {
                    "lease": null,
                    "price": 400700
                }
            ],
            "unit": 309
        },
        {
            "area": 113.0,
            "floor": 12,
            "is_repurchased": false,
            "lease_price_list": [
                {
                    "lease": null,
                    "price": 402300
                }
            ],
            "unit": 309
        },
        {
            "area": 113.0,
            "floor": 14,
            "is_repurchased": false,
            "lease_price_list": [
                {
                    "lease": null,
                    "price": 405500
                }
            ],
            "unit": 309
        },
        {
            "area": 113.0,
            "floor": 2,
            "is_repurchased": false,
            "lease_price_list": [
                {
                    "lease": null,
                    "price": 364400
                }
            ],
            "unit": 311
        },
        {
            "area": 113.0,
            "floor": 3,
            "is_repurchased": false,
            "lease_price_list": [
                {
                    "lease": null,
                    "price": 370400
                }
            ],
            "unit": 311
        },
        {
            "area": 113.0,
            "floor": 4,
            "is_repurchased": false,
            "lease_price_list": [
                {
                    "lease": null,
                    "price": 376400
                }
            ],
            "unit": 311
        },
        {
            "area": 113.0,
            "floor": 5,
            "is_repurchased": false,
            "lease_price_list": [
                {
                    "lease": null,
                    "price": 382400
                }
            ],
            "unit": 311
        },
        {
            "area": 113.0,
            "floor": 7,
            "is_repurchased": false,
            "lease_price_list": [
                {
                    "lease": null,
                    "price": 392400
                }
            ],
            "unit": 311
        }
    ],
    "block_code": {
        "block_num": "233C",
        "contract": "C40",
        "neighbourhood": "S2"
    },
    "dpd_date": "31 Oct 2018",
    "flat_type": "5-Room",
    "lcd_date": "-",
    "pcd_date": "10/2017",
    "quota_chinese": 20,
    "quota_malay": 7,
    "quota_other": 10,
    "street": "SUMANG LANE",
    "town": "Punggol"
},
{
    "apartments": [
        {
            "area": 113.0,
            "floor": 2,
            "is_repurchased": false,
            "lease_price_list": [
                {
                    "lease": null,
                    "price": 364400
                }
            ],
            "unit": 289
        },
        {
            "area": 113.0,
            "floor": 3,
            "is_repurchased": false,
            "lease_price_list": [
                {
                    "lease": null,
                    "price": 370400
                }
            ],
            "unit": 289
        },
        {
            "area": 113.0,
            "floor": 4,
            "is_repurchased": false,
            "lease_price_list": [
                {
                    "lease": null,
                    "price": 376400
                }
            ],
            "unit": 289
        },
        {
            "area": 113.0,
            "floor": 2,
            "is_repurchased": false,
            "lease_price_list": [
                {
                    "lease": null,
                    "price": 364400
                }
            ],
            "unit": 291
        },
        {
            "area": 113.0,
            "floor": 3,
            "is_repurchased": false,
            "lease_price_list": [
                {
                    "lease": null,
                    "price": 370400
                }
            ],
            "unit": 291
        },
        {
            "area": 113.0,
            "floor": 4,
            "is_repurchased": false,
            "lease_price_list": [
                {
                    "lease": null,
                    "price": 376400
                }
            ],
            "unit": 291
        },
        {
            "area": 113.0,
            "floor": 5,
            "is_repurchased": false,
            "lease_price_list": [
                {
                    "lease": null,
                    "price": 382400
                }
            ],
            "unit": 291
        },
        {
            "area": 113.0,
            "floor": 6,
            "is_repurchased": false,
            "lease_price_list": [
                {
                    "lease": null,
                    "price": 386900
                }
            ],
            "unit": 291
        },
        {
            "area": 113.0,
            "floor": 3,
            "is_repurchased": false,
            "lease_price_list": [
                {
                    "lease": null,
                    "price": 343700
                }
            ],
            "unit": 293
        },
        {
            "area": 113.0,
            "floor": 4,
            "is_repurchased": false,
            "lease_price_list": [
                {
                    "lease": null,
                    "price": 349700
                }
            ],
            "unit": 293
        },
        {
            "area": 113.0,
            "floor": 5,
            "is_repurchased": false,
            "lease_price_list": [
                {
                    "lease": null,
                    "price": 362400
                }
            ],
            "unit": 293
        },
        {
            "area": 113.0,
            "floor": 6,
            "is_repurchased": false,
            "lease_price_list": [
                {
                    "lease": null,
                    "price": 366900
                }
            ],
            "unit": 293
        },
        {
            "area": 113.0,
            "floor": 14,
            "is_repurchased": false,
            "lease_price_list": [
                {
                    "lease": null,
                    "price": 406200
                }
            ],
            "unit": 293
        }
    ],
    "block_code": {
        "block_num": "234B",
        "contract": "C40",
        "neighbourhood": "S2"
    },
    "dpd_date": "31 Oct 2018",
    "flat_type": "5-Room",
    "lcd_date": "-",
    "pcd_date": "10/2017",
    "quota_chinese": 13,
    "quota_malay": 9,
    "quota_other": 9,
    "street": "SUMANG LANE",
    "town": "Punggol"
},
{
    "apartments": [
        {
            "area": 149.0,
            "floor": 16,
            "is_repurchased": true,
            "lease_price_list": [
                {
                    "lease": null,
                    "price": 580000
                }
            ],
            "unit": 101
        }
    ],
    "block_code": {
        "block_num": "267A",
        "contract": "C18",
        "neighbourhood": "S2"
    },
    "dpd_date": "NA (Keys Available)",
    "flat_type": "5-Room",
    "lcd_date": "01 Jan 2013",
    "pcd_date": "-",
    "quota_chinese": 1,
    "quota_malay": 1,
    "quota_other": 1,
    "street": "PUNGGOL FIELD",
    "town": "Punggol"
},
{
    "apartments": [
        {
            "area": 112.0,
            "floor": 11,
            "is_repurchased": false,
            "lease_price_list": [
                {
                    "lease": null,
                    "price": 470500
                }
            ],
            "unit": 370
        }
    ],
    "block_code": {
        "block_num": "308B",
        "contract": "C20",
        "neighbourhood": "S3"
    },
    "dpd_date": "NA (Keys Available)",
    "flat_type": "5-Room",
    "lcd_date": "01 Mar 2016",
    "pcd_date": "-",
    "quota_chinese": 1,
    "quota_malay": 1,
    "quota_other": 1,
    "street": "PUNGGOL WALK",
    "town": "Punggol"
},
{
    "apartments": [
        {
            "area": 112.0,
            "floor": 4,
            "is_repurchased": false,
            "lease_price_list": [
                {
                    "lease": null,
                    "price": 449800
                }
            ],
            "unit": 320
        }
    ],
    "block_code": {
        "block_num": "308C",
        "contract": "C20",
        "neighbourhood": "S3"
    },
    "dpd_date": "NA (Keys Available)",
    "flat_type": "5-Room",
    "lcd_date": "01 Mar 2016",
    "pcd_date": "-",
    "quota_chinese": 1,
    "quota_malay": 1,
    "quota_other": 1,
    "street": "PUNGGOL WALK",
    "town": "Punggol"
},
{
    "apartments": [
        {
            "area": 112.0,
            "floor": 11,
            "is_repurchased": false,
            "lease_price_list": [
                {
                    "lease": null,
                    "price": 478600
                }
            ],
            "unit": 504
        },
        {
            "area": 112.0,
            "floor": 10,
            "is_repurchased": false,
            "lease_price_list": [
                {
                    "lease": null,
                    "price": 477000
                }
            ],
            "unit": 510
        }
    ],
    "block_code": {
        "block_num": "310A",
        "contract": "C22",
        "neighbourhood": "S3"
    },
    "dpd_date": "NA (Keys Available)",
    "flat_type": "5-Room",
    "lcd_date": "01 Jun 2016",
    "pcd_date": "-",
    "quota_chinese": 2,
    "quota_malay": 2,
    "quota_other": 2,
    "street": "PUNGGOL WALK",
    "town": "Punggol"
},
{
    "apartments": [
        {
            "area": 112.0,
            "floor": 9,
            "is_repurchased": false,
            "lease_price_list": [
                {
                    "lease": null,
                    "price": 467500
                }
            ],
            "unit": 546
        }
    ],
    "block_code": {
        "block_num": "310B",
        "contract": "C22",
        "neighbourhood": "S3"
    },
    "dpd_date": "NA (Keys Available)",
    "flat_type": "5-Room",
    "lcd_date": "01 Jun 2016",
    "pcd_date": "-",
    "quota_chinese": 1,
    "quota_malay": 1,
    "quota_other": 1,
    "street": "PUNGGOL WALK",
    "town": "Punggol"
},
{
    "apartments": [
        {
            "area": 113.0,
            "floor": 10,
            "is_repurchased": false,
            "lease_price_list": [
                {
                    "lease": null,
                    "price": 468700
                }
            ],
            "unit": 617
        },
        {
            "area": 113.0,
            "floor": 11,
            "is_repurchased": false,
            "lease_price_list": [
                {
                    "lease": null,
                    "price": 462100
                }
            ],
            "unit": 619
        }
    ],
    "block_code": {
        "block_num": "314A",
        "contract": "C31",
        "neighbourhood": "S3"
    },
    "dpd_date": "NA (Keys Available)",
    "flat_type": "5-Room",
    "lcd_date": "01 Sep 2017",
    "pcd_date": "-",
    "quota_chinese": 2,
    "quota_malay": 2,
    "quota_other": 2,
    "street": "PUNGGOL WAY",
    "town": "Punggol"
},
{
    "apartments": [
        {
            "area": 113.0,
            "floor": 5,
            "is_repurchased": false,
            "lease_price_list": [
                {
                    "lease": null,
                    "price": 452300
                }
            ],
            "unit": 661
        }
    ],
    "block_code": {
        "block_num": "315B",
        "contract": "C31",
        "neighbourhood": "S3"
    },
    "dpd_date": "NA (Keys Available)",
    "flat_type": "5-Room",
    "lcd_date": "01 Sep 2017",
    "pcd_date": "-",
    "quota_chinese": 1,
    "quota_malay": 1,
    "quota_other": 1,
    "street": "PUNGGOL WAY",
    "town": "Punggol"
},
{
    "apartments": [
        {
            "area": 113.0,
            "floor": 6,
            "is_repurchased": false,
            "lease_price_list": [
                {
                    "lease": null,
                    "price": 449100
                }
            ],
            "unit": 715
        },
        {
            "area": 113.0,
            "floor": 3,
            "is_repurchased": false,
            "lease_price_list": [
                {
                    "lease": null,
                    "price": 440000
                }
            ],
            "unit": 723
        }
    ],
    "block_code": {
        "block_num": "316B",
        "contract": "C31",
        "neighbourhood": "S3"
    },
    "dpd_date": "NA (Keys Available)",
    "flat_type": "5-Room",
    "lcd_date": "01 Sep 2017",
    "pcd_date": "-",
    "quota_chinese": 2,
    "quota_malay": 2,
    "quota_other": 2,
    "street": "PUNGGOL WAY",
    "town": "Punggol"
},
{
    "apartments": [
        {
            "area": 113.0,
            "floor": 5,
            "is_repurchased": false,
            "lease_price_list": [
                {
                    "lease": null,
                    "price": 444600
                }
            ],
            "unit": 699
        }
    ],
    "block_code": {
        "block_num": "316C",
        "contract": "C31",
        "neighbourhood": "S3"
    },
    "dpd_date": "NA (Keys Available)",
    "flat_type": "5-Room",
    "lcd_date": "01 Sep 2017",
    "pcd_date": "-",
    "quota_chinese": 1,
    "quota_malay": 1,
    "quota_other": 1,
    "street": "PUNGGOL WAY",
    "town": "Punggol"
},
{
    "apartments": [
        {
            "area": 122.0,
            "floor": 8,
            "is_repurchased": false,
            "lease_price_list": [
                {
                    "lease": null,
                    "price": 507100
                }
            ],
            "unit": 895
        },
        {
            "area": 121.0,
            "floor": 2,
            "is_repurchased": false,
            "lease_price_list": [
                {
                    "lease": null,
                    "price": 459300
                }
            ],
            "unit": 897
        },
        {
            "area": 113.0,
            "floor": 9,
            "is_repurchased": false,
            "lease_price_list": [
                {
                    "lease": null,
                    "price": 462800
                }
            ],
            "unit": 905
        }
    ],
    "block_code": {
        "block_num": "322A",
        "contract": "C33",
        "neighbourhood": "S3"
    },
    "dpd_date": "28 Feb 2019",
    "flat_type": "5-Room",
    "lcd_date": "-",
    "pcd_date": "1Q/2018",
    "quota_chinese": 3,
    "quota_malay": 3,
    "quota_other": 2,
    "street": "SUMANG WALK",
    "town": "Punggol"
},
{
    "apartments": [
        {
            "area": 113.0,
            "floor": 2,
            "is_repurchased": false,
            "lease_price_list": [
                {
                    "lease": null,
                    "price": 402700
                }
            ],
            "unit": 883
        }
    ],
    "block_code": {
        "block_num": "322B",
        "contract": "C33",
        "neighbourhood": "S3"
    },
    "dpd_date": "28 Feb 2019",
    "flat_type": "5-Room",
    "lcd_date": "-",
    "pcd_date": "1Q/2018",
    "quota_chinese": 1,
    "quota_malay": 1,
    "quota_other": 1,
    "street": "SUMANG WALK",
    "town": "Punggol"
},
{
    "apartments": [
        {
            "area": 113.0,
            "floor": 12,
            "is_repurchased": false,
            "lease_price_list": [
                {
                    "lease": null,
                    "price": 457900
                }
            ],
            "unit": 943
        },
        {
            "area": 113.0,
            "floor": 18,
            "is_repurchased": false,
            "lease_price_list": [
                {
                    "lease": null,
                    "price": 467500
                }
            ],
            "unit": 945
        }
    ],
    "block_code": {
        "block_num": "323A",
        "contract": "C33",
        "neighbourhood": "S3"
    },
    "dpd_date": "31 Dec 2019",
    "flat_type": "5-Room",
    "lcd_date": "-",
    "pcd_date": "4Q/2018",
    "quota_chinese": 2,
    "quota_malay": 2,
    "quota_other": 2,
    "street": "SUMANG WALK",
    "town": "Punggol"
},
{
    "apartments": [
        {
            "area": 113.0,
            "floor": 2,
            "is_repurchased": false,
            "lease_price_list": [
                {
                    "lease": null,
                    "price": 412400
                }
            ],
            "unit": 929
        }
    ],
    "block_code": {
        "block_num": "323C",
        "contract": "C33",
        "neighbourhood": "S3"
    },
    "dpd_date": "31 Dec 2019",
    "flat_type": "5-Room",
    "lcd_date": "-",
    "pcd_date": "4Q/2018",
    "quota_chinese": 1,
    "quota_malay": 1,
    "quota_other": 1,
    "street": "SUMANG WALK",
    "town": "Punggol"
},
{
    "apartments": [
        {
            "area": 113.0,
            "floor": 2,
            "is_repurchased": false,
            "lease_price_list": [
                {
                    "lease": null,
                    "price": 405300
                }
            ],
            "unit": 907
        }
    ],
    "block_code": {
        "block_num": "323D",
        "contract": "C33",
        "neighbourhood": "S3"
    },
    "dpd_date": "31 Dec 2019",
    "flat_type": "5-Room",
    "lcd_date": "-",
    "pcd_date": "4Q/2018",
    "quota_chinese": 1,
    "quota_malay": 1,
    "quota_other": 1,
    "street": "SUMANG WALK",
    "town": "Punggol"
},
{
    "apartments": [
        {
            "area": 116.0,
            "floor": 9,
            "is_repurchased": false,
            "lease_price_list": [
                {
                    "lease": null,
                    "price": 475900
                }
            ],
            "unit": 981
        }
    ],
    "block_code": {
        "block_num": "325A",
        "contract": "C33",
        "neighbourhood": "S3"
    },
    "dpd_date": "31 Dec 2019",
    "flat_type": "5-Room",
    "lcd_date": "-",
    "pcd_date": "4Q/2018",
    "quota_chinese": 1,
    "quota_malay": 1,
    "quota_other": 1,
    "street": "SUMANG WALK",
    "town": "Punggol"
},
{
    "apartments": [
        {
            "area": 113.0,
            "floor": 15,
            "is_repurchased": false,
            "lease_price_list": [
                {
                    "lease": null,
                    "price": 417000
                }
            ],
            "unit": 727
        }
    ],
    "block_code": {
        "block_num": "658C",
        "contract": "C35",
        "neighbourhood": "S6"
    },
    "dpd_date": "31 Oct 2018",
    "flat_type": "5-Room",
    "lcd_date": "-",
    "pcd_date": "4Q/2017",
    "quota_chinese": 1,
    "quota_malay": 1,
    "quota_other": 1,
    "street": "PUNGGOL EAST",
    "town": "Punggol"
},
{
    "apartments": [
        {
            "area": 113.0,
            "floor": 7,
            "is_repurchased": false,
            "lease_price_list": [
                {
                    "lease": null,
                    "price": 391100
                }
            ],
            "unit": 775
        }
    ],
    "block_code": {
        "block_num": "659A",
        "contract": "C35",
        "neighbourhood": "S6"
    },
    "dpd_date": "31 Oct 2018",
    "flat_type": "5-Room",
    "lcd_date": "-",
    "pcd_date": "09/2017",
    "quota_chinese": 1,
    "quota_malay": 1,
    "quota_other": 1,
    "street": "PUNGGOL EAST",
    "town": "Punggol"
},
{
    "apartments": [
        {
            "area": 112.0,
            "floor": 8,
            "is_repurchased": false,
            "lease_price_list": [
                {
                    "lease": null,
                    "price": 407100
                }
            ],
            "unit": 630
        },
        {
            "area": 112.0,
            "floor": 18,
            "is_repurchased": false,
            "lease_price_list": [
                {
                    "lease": null,
                    "price": 445400
                }
            ],
            "unit": 630
        },
        {
            "area": 112.0,
            "floor": 19,
            "is_repurchased": false,
            "lease_price_list": [
                {
                    "lease": null,
                    "price": 442000
                }
            ],
            "unit": 632
        }
    ],
    "block_code": {
        "block_num": "661B",
        "contract": "C36",
        "neighbourhood": "S6"
    },
    "dpd_date": "NA (Keys Available)",
    "flat_type": "5-Room",
    "lcd_date": "01 May 2017",
    "pcd_date": "-",
    "quota_chinese": 3,
    "quota_malay": 1,
    "quota_other": 1,
    "street": "EDGEDALE PLAINS",
    "town": "Punggol"
},
{
    "apartments": [
        {
            "area": 112.0,
            "floor": 6,
            "is_repurchased": false,
            "lease_price_list": [
                {
                    "lease": null,
                    "price": 413500
                }
            ],
            "unit": 638
        },
        {
            "area": 112.0,
            "floor": 4,
            "is_repurchased": false,
            "lease_price_list": [
                {
                    "lease": null,
                    "price": 389200
                }
            ],
            "unit": 640
        },
        {
            "area": 112.0,
            "floor": 13,
            "is_repurchased": false,
            "lease_price_list": [
                {
                    "lease": null,
                    "price": 416700
                }
            ],
            "unit": 640
        }
    ],
    "block_code": {
        "block_num": "661C",
        "contract": "C36",
        "neighbourhood": "S6"
    },
    "dpd_date": "NA (Keys Available)",
    "flat_type": "5-Room",
    "lcd_date": "01 May 2017",
    "pcd_date": "-",
    "quota_chinese": 3,
    "quota_malay": 1,
    "quota_other": 3,
    "street": "EDGEDALE PLAINS",
    "town": "Punggol"
},
{
    "apartments": [
        {
            "area": 112.0,
            "floor": 5,
            "is_repurchased": false,
            "lease_price_list": [
                {
                    "lease": null,
                    "price": 412500
                }
            ],
            "unit": 696
        }
    ],
    "block_code": {
        "block_num": "662C",
        "contract": "C36",
        "neighbourhood": "S6"
    },
    "dpd_date": "NA (Keys Available)",
    "flat_type": "5-Room",
    "lcd_date": "01 May 2017",
    "pcd_date": "-",
    "quota_chinese": 1,
    "quota_malay": 1,
    "quota_other": 1,
    "street": "EDGEDALE PLAINS",
    "town": "Punggol"
},
{
    "apartments": [
        {
            "area": 112.0,
            "floor": 2,
            "is_repurchased": false,
            "lease_price_list": [
                {
                    "lease": null,
                    "price": 370300
                }
            ],
            "unit": 704
        },
        {
            "area": 112.0,
            "floor": 2,
            "is_repurchased": false,
            "lease_price_list": [
                {
                    "lease": null,
                    "price": 360000
                }
            ],
            "unit": 706
        },
        {
            "area": 112.0,
            "floor": 5,
            "is_repurchased": false,
            "lease_price_list": [
                {
                    "lease": null,
                    "price": 383300
                }
            ],
            "unit": 706
        },
        {
            "area": 112.0,
            "floor": 9,
            "is_repurchased": false,
            "lease_price_list": [
                {
                    "lease": null,
                    "price": 430900
                }
            ],
            "unit": 712
        },
        {
            "area": 112.0,
            "floor": 19,
            "is_repurchased": false,
            "lease_price_list": [
                {
                    "lease": null,
                    "price": 452200
                }
            ],
            "unit": 712
        }
    ],
    "block_code": {
        "block_num": "662D",
        "contract": "C36",
        "neighbourhood": "S6"
    },
    "dpd_date": "NA (Keys Available)",
    "flat_type": "5-Room",
    "lcd_date": "01 May 2017",
    "pcd_date": "-",
    "quota_chinese": 5,
    "quota_malay": 5,
    "quota_other": 5,
    "street": "EDGEDALE PLAINS",
    "town": "Punggol"
},
{
    "apartments": [
        {
            "area": 110.0,
            "floor": 18,
            "is_repurchased": false,
            "lease_price_list": [
                {
                    "lease": null,
                    "price": 396700
                }
            ],
            "unit": 260
        }
    ],
    "block_code": {
        "block_num": "663A",
        "contract": "C34",
        "neighbourhood": "S6"
    },
    "dpd_date": "NA (Keys Available)",
    "flat_type": "5-Room",
    "lcd_date": "01 Jun 2016",
    "pcd_date": "-",
    "quota_chinese": 1,
    "quota_malay": 1,
    "quota_other": 1,
    "street": "PUNGGOL DR",
    "town": "Punggol"
},
{
    "apartments": [
        {
            "area": 110.0,
            "floor": 18,
            "is_repurchased": false,
            "lease_price_list": [
                {
                    "lease": null,
                    "price": 387500
                }
            ],
            "unit": 216
        }
    ],
    "block_code": {
        "block_num": "664A",
        "contract": "C34",
        "neighbourhood": "S6"
    },
    "dpd_date": "NA (Keys Available)",
    "flat_type": "5-Room",
    "lcd_date": "01 Jun 2016",
    "pcd_date": "-",
    "quota_chinese": 1,
    "quota_malay": 1,
    "quota_other": 1,
    "street": "PUNGGOL DR",
    "town": "Punggol"
},
{
    "apartments": [
        {
            "area": 113.0,
            "floor": 4,
            "is_repurchased": true,
            "lease_price_list": [
                {
                    "lease": null,
                    "price": 403400
                }
            ],
            "unit": 542
        },
        {
            "area": 113.0,
            "floor": 8,
            "is_repurchased": false,
            "lease_price_list": [
                {
                    "lease": null,
                    "price": 419800
                }
            ],
            "unit": 542
        }
    ],
    "block_code": {
        "block_num": "665C",
        "contract": "C38",
        "neighbourhood": "S6"
    },
    "dpd_date": "NA (Keys Available)",
    "flat_type": "5-Room",
    "lcd_date": "01 Feb 2016",
    "pcd_date": "-",
    "quota_chinese": 2,
    "quota_malay": 2,
    "quota_other": 2,
    "street": "PUNGGOL DR",
    "town": "Punggol"
},
{
    "apartments": [
        {
            "area": 113.0,
            "floor": 17,
            "is_repurchased": false,
            "lease_price_list": [
                {
                    "lease": null,
                    "price": 441700
                }
            ],
            "unit": 560
        },
        {
            "area": 113.0,
            "floor": 14,
            "is_repurchased": false,
            "lease_price_list": [
                {
                    "lease": null,
                    "price": 444400
                }
            ],
            "unit": 564
        }
    ],
    "block_code": {
        "block_num": "666B",
        "contract": "C38",
        "neighbourhood": "S6"
    },
    "dpd_date": "NA (Keys Available)",
    "flat_type": "5-Room",
    "lcd_date": "01 Feb 2016",
    "pcd_date": "-",
    "quota_chinese": 2,
    "quota_malay": 2,
    "quota_other": 2,
    "street": "PUNGGOL DR",
    "town": "Punggol"
},
{
    "apartments": [
        {
            "area": 112.0,
            "floor": 13,
            "is_repurchased": false,
            "lease_price_list": [
                {
                    "lease": null,
                    "price": 430400
                }
            ],
            "unit": 654
        }
    ],
    "block_code": {
        "block_num": "669A",
        "contract": "C39",
        "neighbourhood": "S6"
    },
    "dpd_date": "NA (Keys Available)",
    "flat_type": "5-Room",
    "lcd_date": "01 Jun 2016",
    "pcd_date": "-",
    "quota_chinese": 1,
    "quota_malay": 1,
    "quota_other": 1,
    "street": "EDGEFIELD PLAINS",
    "town": "Punggol"
},
{
    "apartments": [
        {
            "area": 113.0,
            "floor": 4,
            "is_repurchased": false,
            "lease_price_list": [
                {
                    "lease": null,
                    "price": 419900
                }
            ],
            "unit": 722
        },
        {
            "area": 113.0,
            "floor": 14,
            "is_repurchased": false,
            "lease_price_list": [
                {
                    "lease": null,
                    "price": 456300
                }
            ],
            "unit": 722
        }
    ],
    "block_code": {
        "block_num": "676B",
        "contract": "C40",
        "neighbourhood": "S6"
    },
    "dpd_date": "NA (Keys Available)",
    "flat_type": "5-Room",
    "lcd_date": "01 Sep 2016",
    "pcd_date": "-",
    "quota_chinese": 2,
    "quota_malay": 2,
    "quota_other": 2,
    "street": "PUNGGOL DR",
    "town": "Punggol"
},
{
    "apartments": [
        {
            "area": 113.0,
            "floor": 3,
            "is_repurchased": false,
            "lease_price_list": [
                {
                    "lease": null,
                    "price": 417700
                }
            ],
            "unit": 728
        }
    ],
    "block_code": {
        "block_num": "676C",
        "contract": "C40",
        "neighbourhood": "S6"
    },
    "dpd_date": "NA (Keys Available)",
    "flat_type": "5-Room",
    "lcd_date": "01 Sep 2016",
    "pcd_date": "-",
    "quota_chinese": 1,
    "quota_malay": 1,
    "quota_other": 1,
    "street": "PUNGGOL DR",
    "town": "Punggol"
},
{
    "apartments": [
        {
            "area": 113.0,
            "floor": 11,
            "is_repurchased": false,
            "lease_price_list": [
                {
                    "lease": null,
                    "price": 466300
                }
            ],
            "unit": 736
        }
    ],
    "block_code": {
        "block_num": "676D",
        "contract": "C40",
        "neighbourhood": "S6"
    },
    "dpd_date": "NA (Keys Available)",
    "flat_type": "5-Room",
    "lcd_date": "01 Sep 2016",
    "pcd_date": "-",
    "quota_chinese": 1,
    "quota_malay": 1,
    "quota_other": 1,
    "street": "PUNGGOL DR",
    "town": "Punggol"
},
{
    "apartments": [
        {
            "area": 113.0,
            "floor": 4,
            "is_repurchased": false,
            "lease_price_list": [
                {
                    "lease": null,
                    "price": 416300
                }
            ],
            "unit": 764
        }
    ],
    "block_code": {
        "block_num": "677C",
        "contract": "C40",
        "neighbourhood": "S6"
    },
    "dpd_date": "NA (Keys Available)",
    "flat_type": "5-Room",
    "lcd_date": "01 Sep 2016",
    "pcd_date": "-",
    "quota_chinese": 1,
    "quota_malay": 1,
    "quota_other": 1,
    "street": "PUNGGOL DR",
    "town": "Punggol"
},
{
    "apartments": [
        {
            "area": 113.0,
            "floor": 13,
            "is_repurchased": false,
            "lease_price_list": [
                {
                    "lease": null,
                    "price": 416000
                }
            ],
            "unit": 751
        }
    ],
    "block_code": {
        "block_num": "682A",
        "contract": "C39B",
        "neighbourhood": "S6"
    },
    "dpd_date": "NA (Keys Available)",
    "flat_type": "5-Room",
    "lcd_date": "01 Aug 2018",
    "pcd_date": "-",
    "quota_chinese": 1,
    "quota_malay": 1,
    "quota_other": 1,
    "street": "EDGEDALE PLAINS",
    "town": "Punggol"
},
{
    "apartments": [
        {
            "area": 113.0,
            "floor": 10,
            "is_repurchased": false,
            "lease_price_list": [
                {
                    "lease": null,
                    "price": 425500
                }
            ],
            "unit": 683
        }
    ],
    "block_code": {
        "block_num": "683C",
        "contract": "C39B",
        "neighbourhood": "S6"
    },
    "dpd_date": "31 Jul 2018",
    "flat_type": "5-Room",
    "lcd_date": "-",
    "pcd_date": "06/2017",
    "quota_chinese": 1,
    "quota_malay": 1,
    "quota_other": 1,
    "street": "EDGEDALE PLAINS",
    "town": "Punggol"
},
{
    "apartments": [
        {
            "area": 113.0,
            "floor": 5,
            "is_repurchased": false,
            "lease_price_list": [
                {
                    "lease": null,
                    "price": 400900
                }
            ],
            "unit": 625
        }
    ],
    "block_code": {
        "block_num": "684B",
        "contract": "C39B",
        "neighbourhood": "S6"
    },
    "dpd_date": "31 Jul 2018",
    "flat_type": "5-Room",
    "lcd_date": "-",
    "pcd_date": "3Q/2017",
    "quota_chinese": 1,
    "quota_malay": 1,
    "quota_other": 1,
    "street": "EDGEDALE PLAINS",
    "town": "Punggol"
}]
