{
    "blocks": [
        {
            "apartments": [
                {
                    "area": 67,
                    "floor": 6,
                    "is_repurchased": false,
                    "lease_price_list": [
                        {
                            "lease": 99,
                            "price": 294100
                        }
                    ],
                    "unit": 270
                }
            ],
            "block_code": {
                "block_num": "18A",
                "contract": "C18",
                "neighbourhood": "N1"
            },
            "dpd_date": null,
            "flat_type": "3-Room",
            "lcd_date": {
                "year": 2016,
                "month": 11,
                "day": 1,
                "quarter": null,
                "months_since": -6
            },
            "pcd_date": null,
            "quota_chinese": 0,
            "quota_malay": 1,
            "quota_other": 1,
            "street": "CIRCUIT ROAD",
            "town": "Geylang",
            "title": "MACPHERSON RESIDENCY",
            "lat": 1.3293208237246,
            "long": 103.888071748726,
            "postal": 371018
        },
        {
            "apartments": [
                {
                    "area": 67,
                    "floor": 5,
                    "is_repurchased": false,
                    "lease_price_list": [
                        {
                            "lease": 99,
                            "price": 297100
                        }
                    ],
                    "unit": 236
                }
            ],
            "block_code": {
                "block_num": "18C",
                "contract": "C18",
                "neighbourhood": "N1"
            },
            "dpd_date": null,
            "flat_type": "3-Room",
            "lcd_date": {
                "year": 2016,
                "month": 11,
                "day": 1,
                "quarter": null,
                "months_since": -6
            },
            "pcd_date": null,
            "quota_chinese": 1,
            "quota_malay": 1,
            "quota_other": 1,
            "street": "CIRCUIT ROAD",
            "town": "Geylang",
            "title": "MACPHERSON RESIDENCY",
            "lat": 1.32929690929721,
            "long": 103.888792588332,
            "postal": 373018
        },
        {
            "apartments": [
                {
                    "area": 68,
                    "floor": 5,
                    "is_repurchased": true,
                    "lease_price_list": [
                        {
                            "lease": 63,
                            "price": 303000
                        }
                    ],
                    "unit": 66
                }
            ],
            "block_code": {
                "block_num": "32",
                "contract": "C0A",
                "neighbourhood": "N4"
            },
            "dpd_date": null,
            "flat_type": "3-Room",
            "lcd_date": {
                "year": 1981,
                "month": 7,
                "day": 1,
                "quarter": null,
                "months_since": -430
            },
            "pcd_date": null,
            "quota_chinese": 0,
            "quota_malay": 1,
            "quota_other": 1,
            "street": "CASSIA CRESCENT",
            "town": "Geylang",
            "title": "HDB-GUILLEMARD",
            "lat": 1.30941607107154,
            "long": 103.883900101162,
            "postal": 390032
        },
        {
            "apartments": [
                {
                    "area": 58,
                    "floor": 7,
                    "is_repurchased": false,
                    "lease_price_list": [
                        {
                            "lease": 55,
                            "price": 197000
                        }
                    ],
                    "unit": 387
                },
                {
                    "area": 59,
                    "floor": 3,
                    "is_repurchased": false,
                    "lease_price_list": [
                        {
                            "lease": 55,
                            "price": 195000
                        }
                    ],
                    "unit": 399
                },
                {
                    "area": 58,
                    "floor": 4,
                    "is_repurchased": false,
                    "lease_price_list": [
                        {
                            "lease": 55,
                            "price": 194000
                        }
                    ],
                    "unit": 409
                },
                {
                    "area": 58,
                    "floor": 8,
                    "is_repurchased": false,
                    "lease_price_list": [
                        {
                            "lease": 55,
                            "price": 198000
                        }
                    ],
                    "unit": 439
                },
                {
                    "area": 58,
                    "floor": 9,
                    "is_repurchased": false,
                    "lease_price_list": [
                        {
                            "lease": 55,
                            "price": 200000
                        }
                    ],
                    "unit": 439
                },
                {
                    "area": 59,
                    "floor": 6,
                    "is_repurchased": false,
                    "lease_price_list": [
                        {
                            "lease": 55,
                            "price": 198000
                        }
                    ],
                    "unit": 453
                },
                {
                    "area": 59,
                    "floor": 9,
                    "is_repurchased": false,
                    "lease_price_list": [
                        {
                            "lease": 55,
                            "price": 200000
                        }
                    ],
                    "unit": 453
                },
                {
                    "area": 58,
                    "floor": 16,
                    "is_repurchased": false,
                    "lease_price_list": [
                        {
                            "lease": 55,
                            "price": 206000
                        }
                    ],
                    "unit": 455
                },
                {
                    "area": 58,
                    "floor": 15,
                    "is_repurchased": false,
                    "lease_price_list": [
                        {
                            "lease": 55,
                            "price": 204000
                        }
                    ],
                    "unit": 465
                }
            ],
            "block_code": {
                "block_num": "37",
                "contract": "C13",
                "neighbourhood": "N1"
            },
            "dpd_date": null,
            "flat_type": "3-Room",
            "lcd_date": {
                "year": 1972,
                "month": 11,
                "day": 1,
                "quarter": null,
                "months_since": -534
            },
            "pcd_date": null,
            "quota_chinese": 9,
            "quota_malay": 5,
            "quota_other": 9,
            "street": "CIRCUIT ROAD",
            "town": "Geylang",
            "title": "HDB-MACPHERSON",
            "lat": 1.32817469308988,
            "long": 103.886484192153,
            "postal": 370037
        },
        {
            "apartments": [
                {
                    "area": 56,
                    "floor": 10,
                    "is_repurchased": true,
                    "lease_price_list": [
                        {
                            "lease": 51,
                            "price": 199000
                        }
                    ],
                    "unit": 777
                }
            ],
            "block_code": {
                "block_num": "50",
                "contract": "C2",
                "neighbourhood": "N1"
            },
            "dpd_date": null,
            "flat_type": "3-Room",
            "lcd_date": {
                "year": 1969,
                "month": 1,
                "day": 1,
                "quarter": null,
                "months_since": -580
            },
            "pcd_date": null,
            "quota_chinese": 1,
            "quota_malay": 1,
            "quota_other": 1,
            "street": "CIRCUIT ROAD",
            "town": "Geylang",
            "title": "MACPHERSON GARDEN",
            "lat": 1.32488448306599,
            "long": 103.885571385532,
            "postal": 370050
        },
        {
            "apartments": [
                {
                    "area": 56,
                    "floor": 5,
                    "is_repurchased": false,
                    "lease_price_list": [
                        {
                            "lease": 51,
                            "price": 186000
                        }
                    ],
                    "unit": 825
                },
                {
                    "area": 56,
                    "floor": 7,
                    "is_repurchased": false,
                    "lease_price_list": [
                        {
                            "lease": 51,
                            "price": 191000
                        }
                    ],
                    "unit": 825
                }
            ],
            "block_code": {
                "block_num": "52",
                "contract": "C12",
                "neighbourhood": "N1"
            },
            "dpd_date": null,
            "flat_type": "3-Room",
            "lcd_date": {
                "year": 1969,
                "month": 1,
                "day": 1,
                "quarter": null,
                "months_since": -580
            },
            "pcd_date": null,
            "quota_chinese": 2,
            "quota_malay": 0,
            "quota_other": 2,
            "street": "CIRCUIT ROAD",
            "town": "Geylang",
            "title": "MACPHERSON GARDEN",
            "lat": 1.3242085141172,
            "long": 103.885466916786,
            "postal": 370052
        },
        {
            "apartments": [
                {
                    "area": 68,
                    "floor": 12,
                    "is_repurchased": false,
                    "lease_price_list": [
                        {
                            "lease": 99,
                            "price": 330900
                        }
                    ],
                    "unit": 201
                },
                {
                    "area": 68,
                    "floor": 15,
                    "is_repurchased": false,
                    "lease_price_list": [
                        {
                            "lease": 99,
                            "price": 333400
                        }
                    ],
                    "unit": 201
                },
                {
                    "area": 68,
                    "floor": 18,
                    "is_repurchased": false,
                    "lease_price_list": [
                        {
                            "lease": 99,
                            "price": 339200
                        }
                    ],
                    "unit": 201
                },
                {
                    "area": 68,
                    "floor": 2,
                    "is_repurchased": false,
                    "lease_price_list": [
                        {
                            "lease": 99,
                            "price": 304700
                        }
                    ],
                    "unit": 207
                },
                {
                    "area": 68,
                    "floor": 18,
                    "is_repurchased": true,
                    "lease_price_list": [
                        {
                            "lease": 99,
                            "price": 336700
                        }
                    ],
                    "unit": 207
                },
                {
                    "area": 68,
                    "floor": 7,
                    "is_repurchased": false,
                    "lease_price_list": [
                        {
                            "lease": 99,
                            "price": 324400
                        }
                    ],
                    "unit": 211
                },
                {
                    "area": 68,
                    "floor": 9,
                    "is_repurchased": false,
                    "lease_price_list": [
                        {
                            "lease": 99,
                            "price": 327900
                        }
                    ],
                    "unit": 211
                },
                {
                    "area": 68,
                    "floor": 3,
                    "is_repurchased": false,
                    "lease_price_list": [
                        {
                            "lease": 99,
                            "price": 307700
                        }
                    ],
                    "unit": 235
                },
                {
                    "area": 68,
                    "floor": 4,
                    "is_repurchased": false,
                    "lease_price_list": [
                        {
                            "lease": 99,
                            "price": 307400
                        }
                    ],
                    "unit": 237
                }
            ],
            "block_code": {
                "block_num": "63",
                "contract": "C28",
                "neighbourhood": "N3"
            },
            "dpd_date": null,
            "flat_type": "3-Room",
            "lcd_date": {
                "year": 2016,
                "month": 12,
                "day": 1,
                "quarter": null,
                "months_since": -5
            },
            "pcd_date": null,
            "quota_chinese": 9,
            "quota_malay": 9,
            "quota_other": 9,
            "street": "SIMS PLACE",
            "town": "Geylang",
            "title": "GREENTOPS @ SIMS PLACE",
            "lat": 1.316595078642,
            "long": 103.879545641729,
            "postal": 380063
        },
        {
            "apartments": [
                {
                    "area": 56,
                    "floor": 4,
                    "is_repurchased": false,
                    "lease_price_list": [
                        {
                            "lease": 51,
                            "price": 190000
                        }
                    ],
                    "unit": 85
                }
            ],
            "block_code": {
                "block_num": "68",
                "contract": "C10",
                "neighbourhood": "N1"
            },
            "dpd_date": null,
            "flat_type": "3-Room",
            "lcd_date": {
                "year": 1969,
                "month": 1,
                "day": 1,
                "quarter": null,
                "months_since": -580
            },
            "pcd_date": null,
            "quota_chinese": 1,
            "quota_malay": 1,
            "quota_other": 1,
            "street": "CIRCUIT ROAD",
            "town": "Geylang",
            "title": "HDB-MACPHERSON",
            "lat": 1.32546801109541,
            "long": 103.888077424417,
            "postal": 370068
        },
        {
            "apartments": [
                {
                    "area": 68,
                    "floor": 4,
                    "is_repurchased": false,
                    "lease_price_list": [
                        {
                            "lease": 99,
                            "price": 309000
                        }
                    ],
                    "unit": 62
                },
                {
                    "area": 68,
                    "floor": 8,
                    "is_repurchased": false,
                    "lease_price_list": [
                        {
                            "lease": 99,
                            "price": 319700
                        }
                    ],
                    "unit": 78
                }
            ],
            "block_code": {
                "block_num": "82A",
                "contract": "C43B",
                "neighbourhood": "N1"
            },
            "dpd_date": {
                "year": 2020,
                "month": 4,
                "day": 30,
                "quarter": null,
                "months_since": 35
            },
            "flat_type": "3-Room",
            "lcd_date": null,
            "pcd_date": {
                "year": 2019,
                "month": null,
                "day": null,
                "quarter": 2,
                "months_since": 25
            },
            "quota_chinese": 2,
            "quota_malay": 2,
            "quota_other": 2,
            "street": "CIRCUIT ROAD",
            "town": "Geylang",
            "title": "MACPHERSON SPRING",
            "lat": 1.32428964589062,
            "long": 103.889760261592,
            "postal": 371082
        },
        {
            "apartments": [
                {
                    "area": 58,
                    "floor": 2,
                    "is_repurchased": true,
                    "lease_price_list": [
                        {
                            "lease": 54,
                            "price": 190000
                        }
                    ],
                    "unit": 3059
                },
                {
                    "area": 58,
                    "floor": 4,
                    "is_repurchased": false,
                    "lease_price_list": [
                        {
                            "lease": 54,
                            "price": 190000
                        }
                    ],
                    "unit": 3061
                }
            ],
            "block_code": {
                "block_num": "93",
                "contract": "C4",
                "neighbourhood": "N1"
            },
            "dpd_date": null,
            "flat_type": "3-Room",
            "lcd_date": {
                "year": 1972,
                "month": 9,
                "day": 1,
                "quarter": null,
                "months_since": -536
            },
            "pcd_date": null,
            "quota_chinese": 2,
            "quota_malay": 2,
            "quota_other": 2,
            "street": "PAYA LEBAR WAY",
            "town": "Geylang",
            "title": "HDB-GEYLANG",
            "lat": 1.32273476922749,
            "long": 103.888103196257,
            "postal": 370093
        },
        {
            "apartments": [
                {
                    "area": 68,
                    "floor": 2,
                    "is_repurchased": false,
                    "lease_price_list": [
                        {
                            "lease": 57,
                            "price": 244000
                        }
                    ],
                    "unit": 41
                }
            ],
            "block_code": {
                "block_num": "115",
                "contract": "C7",
                "neighbourhood": "N2"
            },
            "dpd_date": null,
            "flat_type": "3-Room",
            "lcd_date": {
                "year": 1975,
                "month": 4,
                "day": 1,
                "quarter": null,
                "months_since": -505
            },
            "pcd_date": null,
            "quota_chinese": 1,
            "quota_malay": 1,
            "quota_other": 0,
            "street": "ALJUNIED AVENUE 2",
            "town": "Geylang",
            "title": "HDB-GEYLANG EAST",
            "lat": 1.32131987999091,
            "long": 103.887277682842,
            "postal": 380115
        },
        {
            "apartments": [
                {
                    "area": 68,
                    "floor": 2,
                    "is_repurchased": false,
                    "lease_price_list": [
                        {
                            "lease": 81,
                            "price": 251000
                        }
                    ],
                    "unit": 8
                }
            ],
            "block_code": {
                "block_num": "119",
                "contract": "C8",
                "neighbourhood": "N2"
            },
            "dpd_date": null,
            "flat_type": "3-Room",
            "lcd_date": {
                "year": 1999,
                "month": 3,
                "day": 1,
                "quarter": null,
                "months_since": -218
            },
            "pcd_date": null,
            "quota_chinese": 1,
            "quota_malay": 1,
            "quota_other": 0,
            "street": "ALJUNIED AVENUE 2",
            "town": "Geylang",
            "title": "HDB-GEYLANG EAST",
            "lat": 1.32012887290028,
            "long": 103.886058091225,
            "postal": 380119
        },
        {
            "apartments": [
                {
                    "area": 64,
                    "floor": 4,
                    "is_repurchased": false,
                    "lease_price_list": [
                        {
                            "lease": 82,
                            "price": 229000
                        }
                    ],
                    "unit": 79
                }
            ],
            "block_code": {
                "block_num": "302",
                "contract": "C40",
                "neighbourhood": "N6"
            },
            "dpd_date": null,
            "flat_type": "3-Room",
            "lcd_date": {
                "year": 2000,
                "month": 5,
                "day": 1,
                "quarter": null,
                "months_since": -204
            },
            "pcd_date": null,
            "quota_chinese": 1,
            "quota_malay": 1,
            "quota_other": 1,
            "street": "UBI AVENUE 1",
            "town": "Geylang",
            "title": "NIL",
            "lat": 1.33002586987713,
            "long": 103.900995405582,
            "postal": 400302
        }
    ]
}