{
    "blocks": [
        {
            "apartments": [
                {
                    "area": 95,
                    "floor": 14,
                    "is_repurchased": true,
                    "lease_price_list": [
                        {
                            "lease": 94,
                            "price": 536000
                        }
                    ],
                    "unit": 39
                }
            ],
            "block_code": {
                "block_num": "2D",
                "contract": "C27",
                "neighbourhood": "N5"
            },
            "dpd_date": null,
            "flat_type": "4-Room",
            "lcd_date": {
                "year": 2011,
                "month": 12,
                "day": 1,
                "quarter": null,
                "months_since": -65
            },
            "pcd_date": null,
            "quota_chinese": 1,
            "quota_malay": 1,
            "quota_other": 1,
            "street": "GEYLANG SERAI",
            "town": "Geylang",
            "title": "SRI GEYLANG SERAI",
            "lat": 1.3175712429413,
            "long": 103.898647745081,
            "postal": 406002
        },
        {
            "apartments": [
                {
                    "area": 93,
                    "floor": 6,
                    "is_repurchased": false,
                    "lease_price_list": [
                        {
                            "lease": 99,
                            "price": 441100
                        }
                    ],
                    "unit": 210
                },
                {
                    "area": 93,
                    "floor": 17,
                    "is_repurchased": false,
                    "lease_price_list": [
                        {
                            "lease": 99,
                            "price": 464900
                        }
                    ],
                    "unit": 214
                },
                {
                    "area": 93,
                    "floor": 3,
                    "is_repurchased": false,
                    "lease_price_list": [
                        {
                            "lease": 99,
                            "price": 429000
                        }
                    ],
                    "unit": 218
                }
            ],
            "block_code": {
                "block_num": "17B",
                "contract": "C18",
                "neighbourhood": "N1"
            },
            "dpd_date": null,
            "flat_type": "4-Room",
            "lcd_date": {
                "year": 2016,
                "month": 11,
                "day": 1,
                "quarter": null,
                "months_since": -6
            },
            "pcd_date": null,
            "quota_chinese": 2,
            "quota_malay": 3,
            "quota_other": 3,
            "street": "CIRCUIT ROAD",
            "town": "Geylang",
            "title": "MACPHERSON RESIDENCY",
            "lat": 1.32994002346251,
            "long": 103.889189084492,
            "postal": 372017
        },
        {
            "apartments": [
                {
                    "area": 93,
                    "floor": 2,
                    "is_repurchased": false,
                    "lease_price_list": [
                        {
                            "lease": 99,
                            "price": 398500
                        }
                    ],
                    "unit": 242
                },
                {
                    "area": 93,
                    "floor": 7,
                    "is_repurchased": false,
                    "lease_price_list": [
                        {
                            "lease": 99,
                            "price": 430100
                        }
                    ],
                    "unit": 244
                }
            ],
            "block_code": {
                "block_num": "18C",
                "contract": "C18",
                "neighbourhood": "N1"
            },
            "dpd_date": null,
            "flat_type": "4-Room",
            "lcd_date": {
                "year": 2016,
                "month": 11,
                "day": 1,
                "quarter": null,
                "months_since": -6
            },
            "pcd_date": null,
            "quota_chinese": 0,
            "quota_malay": 2,
            "quota_other": 2,
            "street": "CIRCUIT ROAD",
            "town": "Geylang",
            "title": "MACPHERSON RESIDENCY",
            "lat": 1.32929690929721,
            "long": 103.888792588332,
            "postal": 373018
        },
        {
            "apartments": [
                {
                    "area": 93,
                    "floor": 7,
                    "is_repurchased": true,
                    "lease_price_list": [
                        {
                            "lease": 99,
                            "price": 449400
                        }
                    ],
                    "unit": 220
                }
            ],
            "block_code": {
                "block_num": "18D",
                "contract": "C18",
                "neighbourhood": "N1"
            },
            "dpd_date": null,
            "flat_type": "4-Room",
            "lcd_date": {
                "year": 2016,
                "month": 11,
                "day": 1,
                "quarter": null,
                "months_since": -6
            },
            "pcd_date": null,
            "quota_chinese": 1,
            "quota_malay": 1,
            "quota_other": 1,
            "street": "CIRCUIT ROAD",
            "town": "Geylang",
            "title": "MACPHERSON RESIDENCY",
            "lat": 1.32940434763775,
            "long": 103.889196979567,
            "postal": 374018
        },
        {
            "apartments": [
                {
                    "area": 103,
                    "floor": 2,
                    "is_repurchased": true,
                    "lease_price_list": [
                        {
                            "lease": 72,
                            "price": 300200
                        }
                    ],
                    "unit": 213
                }
            ],
            "block_code": {
                "block_num": "40",
                "contract": "C12",
                "neighbourhood": "N3"
            },
            "dpd_date": null,
            "flat_type": "4-Room",
            "lcd_date": {
                "year": 1990,
                "month": 6,
                "day": 1,
                "quarter": null,
                "months_since": -323
            },
            "pcd_date": null,
            "quota_chinese": 0,
            "quota_malay": 1,
            "quota_other": 1,
            "street": "SIMS DRIVE",
            "town": "Geylang",
            "title": "HDB-GEYLANG",
            "lat": 1.31747603013694,
            "long": 103.876354059117,
            "postal": 380040
        },
        {
            "apartments": [
                {
                    "area": 93,
                    "floor": 11,
                    "is_repurchased": false,
                    "lease_price_list": [
                        {
                            "lease": 99,
                            "price": 463400
                        }
                    ],
                    "unit": 44
                },
                {
                    "area": 93,
                    "floor": 4,
                    "is_repurchased": false,
                    "lease_price_list": [
                        {
                            "lease": 99,
                            "price": 430300
                        }
                    ],
                    "unit": 50
                }
            ],
            "block_code": {
                "block_num": "82B",
                "contract": "C43B",
                "neighbourhood": "N1"
            },
            "dpd_date": {
                "year": 2020,
                "month": 4,
                "day": 30,
                "quarter": null,
                "months_since": 35
            },
            "flat_type": "4-Room",
            "lcd_date": null,
            "pcd_date": {
                "year": 2019,
                "month": null,
                "day": null,
                "quarter": 2,
                "months_since": 25
            },
            "quota_chinese": 2,
            "quota_malay": 2,
            "quota_other": 2,
            "street": "CIRCUIT ROAD",
            "town": "Geylang",
            "title": "MACPHERSON SPRING",
            "lat": 1.32372363377145,
            "long": 103.889401214705,
            "postal": 372082
        },
        {
            "apartments": [
                {
                    "area": 96,
                    "floor": 19,
                    "is_repurchased": false,
                    "lease_price_list": [
                        {
                            "lease": 99,
                            "price": 474500
                        }
                    ],
                    "unit": 4
                }
            ],
            "block_code": {
                "block_num": "83A",
                "contract": "C43B",
                "neighbourhood": "N1"
            },
            "dpd_date": {
                "year": 2020,
                "month": 4,
                "day": 30,
                "quarter": null,
                "months_since": 35
            },
            "flat_type": "4-Room",
            "lcd_date": null,
            "pcd_date": {
                "year": 2019,
                "month": null,
                "day": null,
                "quarter": 2,
                "months_since": 25
            },
            "quota_chinese": 0,
            "quota_malay": 1,
            "quota_other": 1,
            "street": "CIRCUIT ROAD",
            "town": "Geylang",
            "title": "MACPHERSON SPRING",
            "lat": 1.32331388575901,
            "long": 103.88961024052,
            "postal": 371083
        }
    ]
}