[{
    "apartments": [
        {
            "area": 37.0,
            "floor": 18,
            "is_repurchased": false,
            "lease_price_list": [
                {
                    "lease": "15",
                    "price": 65100
                },
                {
                    "lease": "20",
                    "price": 75800
                },
                {
                    "lease": "25",
                    "price": 84600
                },
                {
                    "lease": "30",
                    "price": 91800
                },
                {
                    "lease": "35",
                    "price": 97900
                },
                {
                    "lease": "40",
                    "price": 103200
                },
                {
                    "lease": "45",
                    "price": 107600
                }
            ],
            "unit": 112
        },
        {
            "area": 47.0,
            "floor": 12,
            "is_repurchased": false,
            "lease_price_list": [
                {
                    "lease": "15",
                    "price": 80500
                },
                {
                    "lease": "20",
                    "price": 94000
                },
                {
                    "lease": "25",
                    "price": 105200
                },
                {
                    "lease": "30",
                    "price": 114400
                },
                {
                    "lease": "35",
                    "price": 122200
                },
                {
                    "lease": "40",
                    "price": 128800
                },
                {
                    "lease": "45",
                    "price": 134400
                }
            ],
            "unit": 122
        },
        {
            "area": 47.0,
            "floor": 16,
            "is_repurchased": false,
            "lease_price_list": [
                {
                    "lease": "15",
                    "price": 81500
                },
                {
                    "lease": "20",
                    "price": 95300
                },
                {
                    "lease": "25",
                    "price": 106700
                },
                {
                    "lease": "30",
                    "price": 116000
                },
                {
                    "lease": "35",
                    "price": 123900
                },
                {
                    "lease": "40",
                    "price": 130600
                },
                {
                    "lease": "45",
                    "price": 136300
                }
            ],
            "unit": 122
        }
    ],
    "block_code": {
        "block_num": "188D",
        "contract": "C20",
        "neighbourhood": "N3"
    },
    "dpd_date": "31 Dec 2019",
    "flat_type": "2-Room Flexi (Short Lease)",
    "lcd_date": "-",
    "pcd_date": "4Q/2018",
    "quota_chinese": 3,
    "quota_malay": 3,
    "quota_other": 3,
    "street": "BEDOK NTH ST 4",
    "town": "Bedok"
},
{
    "apartments": [
        {
            "area": 35.0,
            "floor": 12,
            "is_repurchased": true,
            "lease_price_list": [
                {
                    "lease": "15",
                    "price": 60900
                },
                {
                    "lease": "20",
                    "price": 70800
                },
                {
                    "lease": "25",
                    "price": 78900
                },
                {
                    "lease": "30",
                    "price": 85600
                },
                {
                    "lease": "35",
                    "price": 91300
                },
                {
                    "lease": "40",
                    "price": 96100
                },
                {
                    "lease": "45",
                    "price": 100200
                }
            ],
            "unit": 153
        }
    ],
    "block_code": {
        "block_num": "509B",
        "contract": "C17",
        "neighbourhood": "N5"
    },
    "dpd_date": "NA (Keys Available)",
    "flat_type": "2-Room Flexi (Short Lease)",
    "lcd_date": "From keys collection date",
    "pcd_date": "-",
    "quota_chinese": 1,
    "quota_malay": 1,
    "quota_other": 1,
    "street": "BEDOK NTH ST 3",
    "town": "Bedok"
}]
