[{
    "apartments": [
        {
            "area": 67.0,
            "floor": 3,
            "is_repurchased": true,
            "lease_price_list": [
                {
                    "lease": null,
                    "price": 209000
                }
            ],
            "unit": 230
        }
    ],
    "block_code": {
        "block_num": "113",
        "contract": "C2",
        "neighbourhood": "N6"
    },
    "dpd_date": "NA (Keys Available)",
    "flat_type": "3-Room",
    "lcd_date": "01 Jun 1985",
    "pcd_date": "-",
    "quota_chinese": 1,
    "quota_malay": 1,
    "quota_other": 0,
    "street": "BEDOK RESERVOIR RD",
    "town": "Bedok"
},
{
    "apartments": [
        {
            "area": 68.0,
            "floor": 4,
            "is_repurchased": false,
            "lease_price_list": [
                {
                    "lease": null,
                    "price": 259000
                }
            ],
            "unit": 90
        },
        {
            "area": 68.0,
            "floor": 16,
            "is_repurchased": false,
            "lease_price_list": [
                {
                    "lease": null,
                    "price": 276500
                }
            ],
            "unit": 92
        }
    ],
    "block_code": {
        "block_num": "188C",
        "contract": "C20",
        "neighbourhood": "N3"
    },
    "dpd_date": "31 Dec 2019",
    "flat_type": "3-Room",
    "lcd_date": "-",
    "pcd_date": "4Q/2018",
    "quota_chinese": 2,
    "quota_malay": 2,
    "quota_other": 2,
    "street": "BEDOK NTH ST 4",
    "town": "Bedok"
},
{
    "apartments": [
        {
            "area": 68.0,
            "floor": 7,
            "is_repurchased": false,
            "lease_price_list": [
                {
                    "lease": null,
                    "price": 271800
                }
            ],
            "unit": 118
        }
    ],
    "block_code": {
        "block_num": "188D",
        "contract": "C20",
        "neighbourhood": "N3"
    },
    "dpd_date": "31 Dec 2019",
    "flat_type": "3-Room",
    "lcd_date": "-",
    "pcd_date": "4Q/2018",
    "quota_chinese": 1,
    "quota_malay": 1,
    "quota_other": 1,
    "street": "BEDOK NTH ST 4",
    "town": "Bedok"
},
{
    "apartments": [
        {
            "area": 68.0,
            "floor": 15,
            "is_repurchased": true,
            "lease_price_list": [
                {
                    "lease": null,
                    "price": 244000
                }
            ],
            "unit": 890
        }
    ],
    "block_code": {
        "block_num": "536",
        "contract": "C12",
        "neighbourhood": "N5"
    },
    "dpd_date": "NA (Keys Available)",
    "flat_type": "3-Room",
    "lcd_date": "01 Jan 1980",
    "pcd_date": "-",
    "quota_chinese": 1,
    "quota_malay": 1,
    "quota_other": 1,
    "street": "BEDOK NTH ST 3",
    "town": "Bedok"
},
{
    "apartments": [
        {
            "area": 67.0,
            "floor": 4,
            "is_repurchased": true,
            "lease_price_list": [
                {
                    "lease": null,
                    "price": 209000
                }
            ],
            "unit": 1270
        }
    ],
    "block_code": {
        "block_num": "542",
        "contract": "C14",
        "neighbourhood": "N5"
    },
    "dpd_date": "NA (Keys Available)",
    "flat_type": "3-Room",
    "lcd_date": "01 Sep 1985",
    "pcd_date": "-",
    "quota_chinese": 1,
    "quota_malay": 1,
    "quota_other": 1,
    "street": "BEDOK NTH ST 3",
    "town": "Bedok"
},
{
    "apartments": [
        {
            "area": 68.0,
            "floor": 4,
            "is_repurchased": false,
            "lease_price_list": [
                {
                    "lease": null,
                    "price": 307000
                }
            ],
            "unit": 12
        },
        {
            "area": 68.0,
            "floor": 12,
            "is_repurchased": false,
            "lease_price_list": [
                {
                    "lease": null,
                    "price": 321500
                }
            ],
            "unit": 12
        },
        {
            "area": 68.0,
            "floor": 14,
            "is_repurchased": false,
            "lease_price_list": [
                {
                    "lease": null,
                    "price": 323500
                }
            ],
            "unit": 12
        }
    ],
    "block_code": {
        "block_num": "807A",
        "contract": "C20",
        "neighbourhood": "N8"
    },
    "dpd_date": "NA (Keys Available)",
    "flat_type": "3-Room",
    "lcd_date": "01 Nov 2016",
    "pcd_date": "-",
    "quota_chinese": 3,
    "quota_malay": 2,
    "quota_other": 3,
    "street": "CHAI CHEE RD",
    "town": "Bedok"
},
{
    "apartments": [
        {
            "area": 68.0,
            "floor": 7,
            "is_repurchased": false,
            "lease_price_list": [
                {
                    "lease": null,
                    "price": 306500
                }
            ],
            "unit": 26
        }
    ],
    "block_code": {
        "block_num": "807B",
        "contract": "C20",
        "neighbourhood": "N8"
    },
    "dpd_date": "NA (Keys Available)",
    "flat_type": "3-Room",
    "lcd_date": "01 Nov 2016",
    "pcd_date": "-",
    "quota_chinese": 1,
    "quota_malay": 1,
    "quota_other": 1,
    "street": "CHAI CHEE RD",
    "town": "Bedok"
},
{
    "apartments": [
        {
            "area": 68.0,
            "floor": 4,
            "is_repurchased": false,
            "lease_price_list": [
                {
                    "lease": null,
                    "price": 298500
                }
            ],
            "unit": 70
        },
        {
            "area": 68.0,
            "floor": 8,
            "is_repurchased": false,
            "lease_price_list": [
                {
                    "lease": null,
                    "price": 309000
                }
            ],
            "unit": 70
        },
        {
            "area": 68.0,
            "floor": 10,
            "is_repurchased": false,
            "lease_price_list": [
                {
                    "lease": null,
                    "price": 311000
                }
            ],
            "unit": 70
        },
        {
            "area": 68.0,
            "floor": 14,
            "is_repurchased": false,
            "lease_price_list": [
                {
                    "lease": null,
                    "price": 320300
                }
            ],
            "unit": 70
        },
        {
            "area": 68.0,
            "floor": 15,
            "is_repurchased": false,
            "lease_price_list": [
                {
                    "lease": null,
                    "price": 320300
                }
            ],
            "unit": 70
        }
    ],
    "block_code": {
        "block_num": "808C",
        "contract": "C20",
        "neighbourhood": "N8"
    },
    "dpd_date": "NA (Keys Available)",
    "flat_type": "3-Room",
    "lcd_date": "01 Nov 2016",
    "pcd_date": "-",
    "quota_chinese": 5,
    "quota_malay": 5,
    "quota_other": 5,
    "street": "CHAI CHEE RD",
    "town": "Bedok"
}]
