[{
    "apartments": [
        {
            "area": 92.0,
            "floor": 3,
            "is_repurchased": true,
            "lease_price_list": [
                {
                    "lease": null,
                    "price": 306000
                }
            ],
            "unit": 85
        }
    ],
    "block_code": {
        "block_num": "132",
        "contract": "C6",
        "neighbourhood": "N1"
    },
    "dpd_date": "NA (Keys Available)",
    "flat_type": "4-Room",
    "lcd_date": "01 Apr 1978",
    "pcd_date": "-",
    "quota_chinese": 1,
    "quota_malay": 1,
    "quota_other": 1,
    "street": "BEDOK NTH ST 2",
    "town": "Bedok"
},
{
    "apartments": [
        {
            "area": 93.0,
            "floor": 10,
            "is_repurchased": false,
            "lease_price_list": [
                {
                    "lease": null,
                    "price": 412800
                }
            ],
            "unit": 14
        }
    ],
    "block_code": {
        "block_num": "186A",
        "contract": "C20",
        "neighbourhood": "N3"
    },
    "dpd_date": "30 Nov 2018",
    "flat_type": "4-Room",
    "lcd_date": "-",
    "pcd_date": "4Q/2017",
    "quota_chinese": 1,
    "quota_malay": 1,
    "quota_other": 1,
    "street": "BEDOK NTH ST 4",
    "town": "Bedok"
},
{
    "apartments": [
        {
            "area": 93.0,
            "floor": 2,
            "is_repurchased": false,
            "lease_price_list": [
                {
                    "lease": null,
                    "price": 378700
                }
            ],
            "unit": 16
        }
    ],
    "block_code": {
        "block_num": "186B",
        "contract": "C20",
        "neighbourhood": "N3"
    },
    "dpd_date": "30 Nov 2018",
    "flat_type": "4-Room",
    "lcd_date": "-",
    "pcd_date": "4Q/2017",
    "quota_chinese": 1,
    "quota_malay": 1,
    "quota_other": 1,
    "street": "BEDOK NTH ST 4",
    "town": "Bedok"
},
{
    "apartments": [
        {
            "area": 93.0,
            "floor": 10,
            "is_repurchased": false,
            "lease_price_list": [
                {
                    "lease": null,
                    "price": 420100
                }
            ],
            "unit": 46
        },
        {
            "area": 93.0,
            "floor": 6,
            "is_repurchased": false,
            "lease_price_list": [
                {
                    "lease": null,
                    "price": 403000
                }
            ],
            "unit": 56
        }
    ],
    "block_code": {
        "block_num": "187B",
        "contract": "C20",
        "neighbourhood": "N3"
    },
    "dpd_date": "30 Nov 2018",
    "flat_type": "4-Room",
    "lcd_date": "-",
    "pcd_date": "4Q/2017",
    "quota_chinese": 2,
    "quota_malay": 2,
    "quota_other": 2,
    "street": "BEDOK NTH ST 4",
    "town": "Bedok"
},
{
    "apartments": [
        {
            "area": 93.0,
            "floor": 15,
            "is_repurchased": false,
            "lease_price_list": [
                {
                    "lease": null,
                    "price": 422100
                }
            ],
            "unit": 66
        },
        {
            "area": 93.0,
            "floor": 2,
            "is_repurchased": false,
            "lease_price_list": [
                {
                    "lease": null,
                    "price": 386000
                }
            ],
            "unit": 74
        },
        {
            "area": 93.0,
            "floor": 14,
            "is_repurchased": false,
            "lease_price_list": [
                {
                    "lease": null,
                    "price": 413400
                }
            ],
            "unit": 76
        }
    ],
    "block_code": {
        "block_num": "188A",
        "contract": "C20",
        "neighbourhood": "N3"
    },
    "dpd_date": "30 Nov 2018",
    "flat_type": "4-Room",
    "lcd_date": "-",
    "pcd_date": "4Q/2017",
    "quota_chinese": 3,
    "quota_malay": 3,
    "quota_other": 3,
    "street": "BEDOK NTH ST 4",
    "town": "Bedok"
},
{
    "apartments": [
        {
            "area": 93.0,
            "floor": 4,
            "is_repurchased": false,
            "lease_price_list": [
                {
                    "lease": null,
                    "price": 402300
                }
            ],
            "unit": 86
        },
        {
            "area": 93.0,
            "floor": 4,
            "is_repurchased": false,
            "lease_price_list": [
                {
                    "lease": null,
                    "price": 397300
                }
            ],
            "unit": 88
        }
    ],
    "block_code": {
        "block_num": "188B",
        "contract": "C20",
        "neighbourhood": "N3"
    },
    "dpd_date": "30 Nov 2018",
    "flat_type": "4-Room",
    "lcd_date": "-",
    "pcd_date": "4Q/2017",
    "quota_chinese": 2,
    "quota_malay": 2,
    "quota_other": 2,
    "street": "BEDOK NTH ST 4",
    "town": "Bedok"
},
{
    "apartments": [
        {
            "area": 93.0,
            "floor": 7,
            "is_repurchased": false,
            "lease_price_list": [
                {
                    "lease": null,
                    "price": 396500
                }
            ],
            "unit": 104
        }
    ],
    "block_code": {
        "block_num": "188C",
        "contract": "C20",
        "neighbourhood": "N3"
    },
    "dpd_date": "31 Dec 2019",
    "flat_type": "4-Room",
    "lcd_date": "-",
    "pcd_date": "4Q/2018",
    "quota_chinese": 1,
    "quota_malay": 1,
    "quota_other": 1,
    "street": "BEDOK NTH ST 4",
    "town": "Bedok"
},
{
    "apartments": [
        {
            "area": 92.0,
            "floor": 4,
            "is_repurchased": true,
            "lease_price_list": [
                {
                    "lease": null,
                    "price": 331000
                }
            ],
            "unit": 655
        }
    ],
    "block_code": {
        "block_num": "427",
        "contract": "C5",
        "neighbourhood": "N4"
    },
    "dpd_date": "NA (Keys Available)",
    "flat_type": "4-Room",
    "lcd_date": "01 Jan 1979",
    "pcd_date": "-",
    "quota_chinese": 1,
    "quota_malay": 1,
    "quota_other": 1,
    "street": "BEDOK NTH RD",
    "town": "Bedok"
},
{
    "apartments": [
        {
            "area": 96.0,
            "floor": 2,
            "is_repurchased": false,
            "lease_price_list": [
                {
                    "lease": null,
                    "price": 314000
                }
            ],
            "unit": 3606
        }
    ],
    "block_code": {
        "block_num": "704",
        "contract": "C4",
        "neighbourhood": "N7"
    },
    "dpd_date": "NA (Keys Available)",
    "flat_type": "4-Room",
    "lcd_date": "01 Jul 1981",
    "pcd_date": "-",
    "quota_chinese": 1,
    "quota_malay": 1,
    "quota_other": 1,
    "street": "BEDOK RESERVOIR RD",
    "town": "Bedok"
},
{
    "apartments": [
        {
            "area": 93.0,
            "floor": 15,
            "is_repurchased": false,
            "lease_price_list": [
                {
                    "lease": null,
                    "price": 483900
                }
            ],
            "unit": 2
        },
        {
            "area": 93.0,
            "floor": 5,
            "is_repurchased": false,
            "lease_price_list": [
                {
                    "lease": null,
                    "price": 452400
                }
            ],
            "unit": 4
        }
    ],
    "block_code": {
        "block_num": "807A",
        "contract": "C20",
        "neighbourhood": "N8"
    },
    "dpd_date": "NA (Keys Available)",
    "flat_type": "4-Room",
    "lcd_date": "01 Nov 2016",
    "pcd_date": "-",
    "quota_chinese": 2,
    "quota_malay": 2,
    "quota_other": 2,
    "street": "CHAI CHEE RD",
    "town": "Bedok"
},
{
    "apartments": [
        {
            "area": 93.0,
            "floor": 11,
            "is_repurchased": false,
            "lease_price_list": [
                {
                    "lease": null,
                    "price": 467100
                }
            ],
            "unit": 60
        }
    ],
    "block_code": {
        "block_num": "807C",
        "contract": "C20",
        "neighbourhood": "N8"
    },
    "dpd_date": "NA (Keys Available)",
    "flat_type": "4-Room",
    "lcd_date": "01 Nov 2016",
    "pcd_date": "-",
    "quota_chinese": 1,
    "quota_malay": 1,
    "quota_other": 1,
    "street": "CHAI CHEE RD",
    "town": "Bedok"
},
{
    "apartments": [
        {
            "area": 93.0,
            "floor": 10,
            "is_repurchased": false,
            "lease_price_list": [
                {
                    "lease": null,
                    "price": 478300
                }
            ],
            "unit": 120
        }
    ],
    "block_code": {
        "block_num": "808A",
        "contract": "C20",
        "neighbourhood": "N8"
    },
    "dpd_date": "NA (Keys Available)",
    "flat_type": "4-Room",
    "lcd_date": "01 Nov 2016",
    "pcd_date": "-",
    "quota_chinese": 1,
    "quota_malay": 1,
    "quota_other": 1,
    "street": "CHAI CHEE RD",
    "town": "Bedok"
},
{
    "apartments": [
        {
            "area": 93.0,
            "floor": 6,
            "is_repurchased": false,
            "lease_price_list": [
                {
                    "lease": null,
                    "price": 455900
                }
            ],
            "unit": 72
        },
        {
            "area": 88.0,
            "floor": 2,
            "is_repurchased": false,
            "lease_price_list": [
                {
                    "lease": null,
                    "price": 400500
                }
            ],
            "unit": 80
        }
    ],
    "block_code": {
        "block_num": "808C",
        "contract": "C20",
        "neighbourhood": "N8"
    },
    "dpd_date": "NA (Keys Available)",
    "flat_type": "4-Room",
    "lcd_date": "01 Nov 2016",
    "pcd_date": "-",
    "quota_chinese": 2,
    "quota_malay": 2,
    "quota_other": 2,
    "street": "CHAI CHEE RD",
    "town": "Bedok"
}]
