[{
    "apartments": [
        {
            "area": 117.0,
            "floor": 2,
            "is_repurchased": true,
            "lease_price_list": [
                {
                    "lease": null,
                    "price": 448000
                }
            ],
            "unit": 196
        }
    ],
    "block_code": {
        "block_num": "139",
        "contract": "C3",
        "neighbourhood": "N1"
    },
    "dpd_date": "NA (Keys Available)",
    "flat_type": "5-Room",
    "lcd_date": "01 Jan 1979",
    "pcd_date": "-",
    "quota_chinese": 1,
    "quota_malay": 1,
    "quota_other": 1,
    "street": "BEDOK NTH AVE 3",
    "town": "Bedok"
},
{
    "apartments": [
        {
            "area": 113.0,
            "floor": 5,
            "is_repurchased": false,
            "lease_price_list": [
                {
                    "lease": null,
                    "price": 497800
                }
            ],
            "unit": 8
        }
    ],
    "block_code": {
        "block_num": "186A",
        "contract": "C20",
        "neighbourhood": "N3"
    },
    "dpd_date": "30 Nov 2018",
    "flat_type": "5-Room",
    "lcd_date": "-",
    "pcd_date": "4Q/2017",
    "quota_chinese": 1,
    "quota_malay": 1,
    "quota_other": 1,
    "street": "BEDOK NTH ST 4",
    "town": "Bedok"
}]
