[{
    "apartments": [
        {
            "area": 144.0,
            "floor": 2,
            "is_repurchased": true,
            "lease_price_list": [
                {
                    "lease": null,
                    "price": 595000
                }
            ],
            "unit": 9
        }
    ],
    "block_code": {
        "block_num": "634",
        "contract": "C11",
        "neighbourhood": "N6"
    },
    "dpd_date": "NA (Keys Available)",
    "flat_type": "Executive",
    "lcd_date": "29 Apr 1993",
    "pcd_date": "-",
    "quota_chinese": 1,
    "quota_malay": 1,
    "quota_other": 1,
    "street": "BEDOK RESERVOIR RD",
    "town": "Bedok"
}]
