[{
    "apartments": [
        {
            "area": 104.0,
            "floor": 12,
            "is_repurchased": true,
            "lease_price_list": [
                {
                    "lease": null,
                    "price": 311000
                }
            ],
            "unit": 39
        }
    ],
    "block_code": {
        "block_num": "102",
        "contract": "C7",
        "neighbourhood": "N1"
    },
    "dpd_date": "NA (Keys Available)",
    "flat_type": "4-Room",
    "lcd_date": "01 Dec 1988",
    "pcd_date": "-",
    "quota_chinese": 1,
    "quota_malay": 1,
    "quota_other": 0,
    "street": "PASIR RIS ST 12",
    "town": "Pasir Ris"
},
{
    "apartments": [
        {
            "area": 113.0,
            "floor": 13,
            "is_repurchased": true,
            "lease_price_list": [
                {
                    "lease": null,
                    "price": 326000
                }
            ],
            "unit": 447
        }
    ],
    "block_code": {
        "block_num": "122",
        "contract": "C5",
        "neighbourhood": "N1"
    },
    "dpd_date": "NA (Keys Available)",
    "flat_type": "4-Room",
    "lcd_date": "01 Jun 1989",
    "pcd_date": "-",
    "quota_chinese": 1,
    "quota_malay": 1,
    "quota_other": 0,
    "street": "PASIR RIS ST 11",
    "town": "Pasir Ris"
},
{
    "apartments": [
        {
            "area": 93.0,
            "floor": 13,
            "is_repurchased": true,
            "lease_price_list": [
                {
                    "lease": null,
                    "price": 366500
                }
            ],
            "unit": 611
        }
    ],
    "block_code": {
        "block_num": "524B",
        "contract": "C19",
        "neighbourhood": "N5"
    },
    "dpd_date": "NA (Keys Available)",
    "flat_type": "4-Room",
    "lcd_date": "01 Jul 2015",
    "pcd_date": "-",
    "quota_chinese": 1,
    "quota_malay": 1,
    "quota_other": 0,
    "street": "PASIR RIS ST 51",
    "town": "Pasir Ris"
},
{
    "apartments": [
        {
            "area": 93.0,
            "floor": 13,
            "is_repurchased": true,
            "lease_price_list": [
                {
                    "lease": null,
                    "price": 361300
                }
            ],
            "unit": 501
        },
        {
            "area": 93.0,
            "floor": 12,
            "is_repurchased": false,
            "lease_price_list": [
                {
                    "lease": null,
                    "price": 358200
                }
            ],
            "unit": 511
        }
    ],
    "block_code": {
        "block_num": "526A",
        "contract": "C19",
        "neighbourhood": "N5"
    },
    "dpd_date": "NA (Keys Available)",
    "flat_type": "4-Room",
    "lcd_date": "01 Jul 2015",
    "pcd_date": "-",
    "quota_chinese": 2,
    "quota_malay": 2,
    "quota_other": 2,
    "street": "PASIR RIS ST 51",
    "town": "Pasir Ris"
},
{
    "apartments": [
        {
            "area": 105.0,
            "floor": 4,
            "is_repurchased": true,
            "lease_price_list": [
                {
                    "lease": null,
                    "price": 306000
                }
            ],
            "unit": 235
        }
    ],
    "block_code": {
        "block_num": "560",
        "contract": "C4",
        "neighbourhood": "N5"
    },
    "dpd_date": "NA (Keys Available)",
    "flat_type": "4-Room",
    "lcd_date": "01 Sep 1993",
    "pcd_date": "-",
    "quota_chinese": 1,
    "quota_malay": 0,
    "quota_other": 1,
    "street": "PASIR RIS ST 51",
    "town": "Pasir Ris"
},
{
    "apartments": [
        {
            "area": 105.0,
            "floor": 4,
            "is_repurchased": true,
            "lease_price_list": [
                {
                    "lease": null,
                    "price": 301000
                }
            ],
            "unit": 44
        }
    ],
    "block_code": {
        "block_num": "747",
        "contract": "C7",
        "neighbourhood": "N7"
    },
    "dpd_date": "NA (Keys Available)",
    "flat_type": "4-Room",
    "lcd_date": "01 Nov 1996",
    "pcd_date": "-",
    "quota_chinese": 1,
    "quota_malay": 1,
    "quota_other": 1,
    "street": "PASIR RIS ST 71",
    "town": "Pasir Ris"
},
{
    "apartments": [
        {
            "area": 105.0,
            "floor": 5,
            "is_repurchased": true,
            "lease_price_list": [
                {
                    "lease": null,
                    "price": 306000
                }
            ],
            "unit": 306
        }
    ],
    "block_code": {
        "block_num": "766",
        "contract": "C10",
        "neighbourhood": "N7"
    },
    "dpd_date": "NA (Keys Available)",
    "flat_type": "4-Room",
    "lcd_date": "01 Oct 1996",
    "pcd_date": "-",
    "quota_chinese": 1,
    "quota_malay": 1,
    "quota_other": 1,
    "street": "PASIR RIS ST 71",
    "town": "Pasir Ris"
}]
