[{
    "apartments": [
        {
            "area": 121.0,
            "floor": 9,
            "is_repurchased": true,
            "lease_price_list": [
                {
                    "lease": null,
                    "price": 423000
                }
            ],
            "unit": 521
        }
    ],
    "block_code": {
        "block_num": "487",
        "contract": "C9B",
        "neighbourhood": "N4"
    },
    "dpd_date": "NA (Keys Available)",
    "flat_type": "5-Room",
    "lcd_date": "28 Nov 1992",
    "pcd_date": "-",
    "quota_chinese": 1,
    "quota_malay": 1,
    "quota_other": 1,
    "street": "PASIR RIS DR 4",
    "town": "Pasir Ris"
},
{
    "apartments": [
        {
            "area": 113.0,
            "floor": 13,
            "is_repurchased": true,
            "lease_price_list": [
                {
                    "lease": null,
                    "price": 444700
                }
            ],
            "unit": 627
        }
    ],
    "block_code": {
        "block_num": "524A",
        "contract": "C19",
        "neighbourhood": "N5"
    },
    "dpd_date": "NA (Keys Available)",
    "flat_type": "5-Room",
    "lcd_date": "01 Jul 2015",
    "pcd_date": "-",
    "quota_chinese": 1,
    "quota_malay": 0,
    "quota_other": 0,
    "street": "PASIR RIS ST 51",
    "town": "Pasir Ris"
},
{
    "apartments": [
        {
            "area": 121.0,
            "floor": 5,
            "is_repurchased": true,
            "lease_price_list": [
                {
                    "lease": null,
                    "price": 393000
                }
            ],
            "unit": 390
        }
    ],
    "block_code": {
        "block_num": "631",
        "contract": "C6",
        "neighbourhood": "N6"
    },
    "dpd_date": "NA (Keys Available)",
    "flat_type": "5-Room",
    "lcd_date": "01 Jul 1995",
    "pcd_date": "-",
    "quota_chinese": 1,
    "quota_malay": 1,
    "quota_other": 1,
    "street": "PASIR RIS DR 3",
    "town": "Pasir Ris"
},
{
    "apartments": [
        {
            "area": 127.0,
            "floor": 4,
            "is_repurchased": true,
            "lease_price_list": [
                {
                    "lease": null,
                    "price": 398000
                }
            ],
            "unit": 87
        }
    ],
    "block_code": {
        "block_num": "719",
        "contract": "C3",
        "neighbourhood": "N7"
    },
    "dpd_date": "NA (Keys Available)",
    "flat_type": "5-Room",
    "lcd_date": "01 Jul 1996",
    "pcd_date": "-",
    "quota_chinese": 1,
    "quota_malay": 1,
    "quota_other": 1,
    "street": "PASIR RIS ST 72",
    "town": "Pasir Ris"
},
{
    "apartments": [
        {
            "area": 126.0,
            "floor": 4,
            "is_repurchased": true,
            "lease_price_list": [
                {
                    "lease": null,
                    "price": 403000
                }
            ],
            "unit": 13
        }
    ],
    "block_code": {
        "block_num": "739",
        "contract": "C5",
        "neighbourhood": "N7"
    },
    "dpd_date": "NA (Keys Available)",
    "flat_type": "5-Room",
    "lcd_date": "01 Sep 1996",
    "pcd_date": "-",
    "quota_chinese": 1,
    "quota_malay": 1,
    "quota_other": 1,
    "street": "PASIR RIS DR 10",
    "town": "Pasir Ris"
}]
