[{
    "apartments": [
        {
            "area": 150.0,
            "floor": 4,
            "is_repurchased": true,
            "lease_price_list": [
                {
                    "lease": null,
                    "price": 520000
                }
            ],
            "unit": 15
        }
    ],
    "block_code": {
        "block_num": "159",
        "contract": "C1",
        "neighbourhood": "N1"
    },
    "dpd_date": "NA (Keys Available)",
    "flat_type": "Executive",
    "lcd_date": "01 Feb 1995",
    "pcd_date": "-",
    "quota_chinese": 1,
    "quota_malay": 0,
    "quota_other": 0,
    "street": "PASIR RIS ST 13",
    "town": "Pasir Ris"
},
{
    "apartments": [
        {
            "area": 147.0,
            "floor": 6,
            "is_repurchased": true,
            "lease_price_list": [
                {
                    "lease": null,
                    "price": 480000
                }
            ],
            "unit": 19
        }
    ],
    "block_code": {
        "block_num": "238",
        "contract": "C1",
        "neighbourhood": "N2"
    },
    "dpd_date": "NA (Keys Available)",
    "flat_type": "Executive",
    "lcd_date": "12 Jul 1993",
    "pcd_date": "-",
    "quota_chinese": 1,
    "quota_malay": 0,
    "quota_other": 0,
    "street": "PASIR RIS ST 21",
    "town": "Pasir Ris"
},
{
    "apartments": [
        {
            "area": 149.0,
            "floor": 2,
            "is_repurchased": true,
            "lease_price_list": [
                {
                    "lease": null,
                    "price": 585000
                }
            ],
            "unit": 188
        }
    ],
    "block_code": {
        "block_num": "607",
        "contract": "C2A",
        "neighbourhood": "N6"
    },
    "dpd_date": "NA (Keys Available)",
    "flat_type": "Executive",
    "lcd_date": "01 Jul 1995",
    "pcd_date": "-",
    "quota_chinese": 1,
    "quota_malay": 1,
    "quota_other": 1,
    "street": "ELIAS RD",
    "town": "Pasir Ris"
}]
