[{
    "apartments": [
        {
            "area": 68.0,
            "floor": 2,
            "is_repurchased": true,
            "lease_price_list": [
                {
                    "lease": null,
                    "price": 200000
                }
            ],
            "unit": 210
        }
    ],
    "block_code": {
        "block_num": "22",
        "contract": "C2",
        "neighbourhood": "N3"
    },
    "dpd_date": "NA (Keys Available)",
    "flat_type": "3-Room",
    "lcd_date": "01 Oct 1973",
    "pcd_date": "-",
    "quota_chinese": 1,
    "quota_malay": 1,
    "quota_other": 1,
    "street": "SIN MING RD",
    "town": "Bishan"
},
{
    "apartments": [
        {
            "area": 67.0,
            "floor": 12,
            "is_repurchased": true,
            "lease_price_list": [
                {
                    "lease": null,
                    "price": 307800
                }
            ],
            "unit": 187
        }
    ],
    "block_code": {
        "block_num": "309",
        "contract": "C1",
        "neighbourhood": "N3"
    },
    "dpd_date": "NA (Keys Available)",
    "flat_type": "3-Room",
    "lcd_date": "01 Nov 1984",
    "pcd_date": "-",
    "quota_chinese": 0,
    "quota_malay": 1,
    "quota_other": 1,
    "street": "SHUNFU RD",
    "town": "Bishan"
}]
