[{
    "apartments": [
        {
            "area": 83.0,
            "floor": 3,
            "is_repurchased": true,
            "lease_price_list": [
                {
                    "lease": null,
                    "price": 399900
                }
            ],
            "unit": 79
        }
    ],
    "block_code": {
        "block_num": "172",
        "contract": "C11",
        "neighbourhood": "N1"
    },
    "dpd_date": "NA (Keys Available)",
    "flat_type": "4-Room",
    "lcd_date": "01 Dec 1987",
    "pcd_date": "-",
    "quota_chinese": 0,
    "quota_malay": 1,
    "quota_other": 1,
    "street": "BISHAN ST 13",
    "town": "Bishan"
},
{
    "apartments": [
        {
            "area": 104.0,
            "floor": 4,
            "is_repurchased": true,
            "lease_price_list": [
                {
                    "lease": null,
                    "price": 427500
                }
            ],
            "unit": 297
        }
    ],
    "block_code": {
        "block_num": "260",
        "contract": "C17",
        "neighbourhood": "N2"
    },
    "dpd_date": "NA (Keys Available)",
    "flat_type": "4-Room",
    "lcd_date": "22 Jul 1992",
    "pcd_date": "-",
    "quota_chinese": 0,
    "quota_malay": 1,
    "quota_other": 1,
    "street": "BISHAN ST 22",
    "town": "Bishan"
}]
