[{
    "apartments": [
        {
            "area": 121.0,
            "floor": 2,
            "is_repurchased": true,
            "lease_price_list": [
                {
                    "lease": null,
                    "price": 544300
                }
            ],
            "unit": 432
        }
    ],
    "block_code": {
        "block_num": "136",
        "contract": "C8",
        "neighbourhood": "N1"
    },
    "dpd_date": "NA (Keys Available)",
    "flat_type": "5-Room",
    "lcd_date": "01 Nov 1987",
    "pcd_date": "-",
    "quota_chinese": 0,
    "quota_malay": 1,
    "quota_other": 1,
    "street": "BISHAN ST 12",
    "town": "Bishan"
},
{
    "apartments": [
        {
            "area": 130.0,
            "floor": 4,
            "is_repurchased": true,
            "lease_price_list": [
                {
                    "lease": null,
                    "price": 561400
                }
            ],
            "unit": 444
        }
    ],
    "block_code": {
        "block_num": "138",
        "contract": "C8",
        "neighbourhood": "N1"
    },
    "dpd_date": "NA (Keys Available)",
    "flat_type": "5-Room",
    "lcd_date": "01 Jul 1987",
    "pcd_date": "-",
    "quota_chinese": 0,
    "quota_malay": 0,
    "quota_other": 1,
    "street": "BISHAN ST 12",
    "town": "Bishan"
},
{
    "apartments": [
        {
            "area": 119.0,
            "floor": 5,
            "is_repurchased": true,
            "lease_price_list": [
                {
                    "lease": null,
                    "price": 577600
                }
            ],
            "unit": 74
        }
    ],
    "block_code": {
        "block_num": "155",
        "contract": "C10",
        "neighbourhood": "N1"
    },
    "dpd_date": "NA (Keys Available)",
    "flat_type": "5-Room",
    "lcd_date": "01 Nov 1987",
    "pcd_date": "-",
    "quota_chinese": 0,
    "quota_malay": 1,
    "quota_other": 1,
    "street": "BISHAN ST 13",
    "town": "Bishan"
},
{
    "apartments": [
        {
            "area": 121.0,
            "floor": 2,
            "is_repurchased": true,
            "lease_price_list": [
                {
                    "lease": null,
                    "price": 556700
                }
            ],
            "unit": 150
        }
    ],
    "block_code": {
        "block_num": "161",
        "contract": "C15",
        "neighbourhood": "N1"
    },
    "dpd_date": "NA (Keys Available)",
    "flat_type": "5-Room",
    "lcd_date": "01 Jul 1988",
    "pcd_date": "-",
    "quota_chinese": 0,
    "quota_malay": 1,
    "quota_other": 1,
    "street": "BISHAN ST 13",
    "town": "Bishan"
},
{
    "apartments": [
        {
            "area": 121.0,
            "floor": 3,
            "is_repurchased": true,
            "lease_price_list": [
                {
                    "lease": null,
                    "price": 546200
                }
            ],
            "unit": 83
        }
    ],
    "block_code": {
        "block_num": "172",
        "contract": "C11",
        "neighbourhood": "N1"
    },
    "dpd_date": "NA (Keys Available)",
    "flat_type": "5-Room",
    "lcd_date": "01 Dec 1987",
    "pcd_date": "-",
    "quota_chinese": 0,
    "quota_malay": 1,
    "quota_other": 1,
    "street": "BISHAN ST 13",
    "town": "Bishan"
},
{
    "apartments": [
        {
            "area": 133.0,
            "floor": 2,
            "is_repurchased": true,
            "lease_price_list": [
                {
                    "lease": null,
                    "price": 615600
                }
            ],
            "unit": 201
        }
    ],
    "block_code": {
        "block_num": "215",
        "contract": "C22",
        "neighbourhood": "N2"
    },
    "dpd_date": "NA (Keys Available)",
    "flat_type": "5-Room",
    "lcd_date": "16 Apr 1992",
    "pcd_date": "-",
    "quota_chinese": 0,
    "quota_malay": 1,
    "quota_other": 1,
    "street": "BISHAN ST 23",
    "town": "Bishan"
}]
