[{
    "apartments": [
        {
            "area": 147.0,
            "floor": 6,
            "is_repurchased": true,
            "lease_price_list": [
                {
                    "lease": null,
                    "price": 743800
                }
            ],
            "unit": 229
        }
    ],
    "block_code": {
        "block_num": "261",
        "contract": "C17",
        "neighbourhood": "N2"
    },
    "dpd_date": "NA (Keys Available)",
    "flat_type": "Executive",
    "lcd_date": "22 Jul 1992",
    "pcd_date": "-",
    "quota_chinese": 0,
    "quota_malay": 0,
    "quota_other": 1,
    "street": "BISHAN ST 22",
    "town": "Bishan"
}]
