{
    "blocks": [
        {
            "apartments": [
                {
                    "area": 75,
                    "floor": 1,
                    "is_repurchased": true,
                    "lease_price_list": [
                        {
                            "lease": 67,
                            "price": 239000
                        }
                    ],
                    "unit": 278
                }
            ],
            "block_code": {
                "block_num": "221",
                "contract": "C2",
                "neighbourhood": "N2"
            },
            "dpd_date": null,
            "flat_type": "3-Room",
            "lcd_date": {
                "year": 1984,
                "month": 12,
                "day": 1,
                "quarter": null,
                "months_since": -389
            },
            "pcd_date": null,
            "quota_chinese": 1,
            "quota_malay": 1,
            "quota_other": 1,
            "street": "SERANGOON AVENUE 4",
            "town": "Serangoon",
            "title": "HDB-SERANGOON",
            "lat": 1.35914606137042,
            "long": 103.871810901097,
            "postal": 550221
        }
    ]
}