[{
    "apartments": [
        {
            "area": 47.0,
            "floor": 3,
            "is_repurchased": false,
            "lease_price_list": [
                {
                    "lease": "15",
                    "price": 78000
                },
                {
                    "lease": "20",
                    "price": 93300
                },
                {
                    "lease": "25",
                    "price": 105900
                },
                {
                    "lease": "30",
                    "price": 116200
                },
                {
                    "lease": "35",
                    "price": 124900
                },
                {
                    "lease": "40",
                    "price": 132300
                },
                {
                    "lease": "45",
                    "price": 138600
                },
                {
                    "lease": "Remaining",
                    "price": 229300
                }
            ],
            "unit": 246
        }
    ],
    "block_code": {
        "block_num": "26",
        "contract": "RC25",
        "neighbourhood": "N6"
    },
    "dpd_date": "NA (Keys Available)",
    "flat_type": "2-Room Flexi (Short Lease/99-Year Lease)",
    "lcd_date": "01 Apr 2013",
    "pcd_date": "-",
    "quota_chinese": 1,
    "quota_malay": 1,
    "quota_other": 1,
    "street": "GHIM MOH LINK",
    "town": "Queenstown"
},
{
    "apartments": [
        {
            "area": 47.0,
            "floor": 5,
            "is_repurchased": false,
            "lease_price_list": [
                {
                    "lease": "15",
                    "price": 78800
                },
                {
                    "lease": "20",
                    "price": 94500
                },
                {
                    "lease": "25",
                    "price": 107400
                },
                {
                    "lease": "30",
                    "price": 118000
                },
                {
                    "lease": "35",
                    "price": 127000
                },
                {
                    "lease": "40",
                    "price": 134700
                },
                {
                    "lease": "45",
                    "price": 141100
                },
                {
                    "lease": "Remaining",
                    "price": 234400
                }
            ],
            "unit": 258
        },
        {
            "area": 47.0,
            "floor": 6,
            "is_repurchased": false,
            "lease_price_list": [
                {
                    "lease": "15",
                    "price": 79500
                },
                {
                    "lease": "20",
                    "price": 95300
                },
                {
                    "lease": "25",
                    "price": 108300
                },
                {
                    "lease": "30",
                    "price": 119000
                },
                {
                    "lease": "35",
                    "price": 128100
                },
                {
                    "lease": "40",
                    "price": 135800
                },
                {
                    "lease": "45",
                    "price": 142300
                },
                {
                    "lease": "Remaining",
                    "price": 236400
                }
            ],
            "unit": 258
        },
        {
            "area": 47.0,
            "floor": 19,
            "is_repurchased": false,
            "lease_price_list": [
                {
                    "lease": "15",
                    "price": 83800
                },
                {
                    "lease": "20",
                    "price": 100400
                },
                {
                    "lease": "25",
                    "price": 114200
                },
                {
                    "lease": "30",
                    "price": 125500
                },
                {
                    "lease": "35",
                    "price": 135000
                },
                {
                    "lease": "40",
                    "price": 143200
                },
                {
                    "lease": "45",
                    "price": 150000
                },
                {
                    "lease": "Remaining",
                    "price": 249200
                }
            ],
            "unit": 262
        }
    ],
    "block_code": {
        "block_num": "27",
        "contract": "RC25",
        "neighbourhood": "N6"
    },
    "dpd_date": "NA (Keys Available)",
    "flat_type": "2-Room Flexi (Short Lease/99-Year Lease)",
    "lcd_date": "01 Apr 2013",
    "pcd_date": "-",
    "quota_chinese": 1,
    "quota_malay": 3,
    "quota_other": 3,
    "street": "GHIM MOH LINK",
    "town": "Queenstown"
}]
