[{
    "apartments": [
        {
            "area": 47.0,
            "floor": 10,
            "is_repurchased": false,
            "lease_price_list": [
                {
                    "lease": "15",
                    "price": 89700
                },
                {
                    "lease": "20",
                    "price": 105100
                },
                {
                    "lease": "25",
                    "price": 117800
                },
                {
                    "lease": "30",
                    "price": 128200
                },
                {
                    "lease": "35",
                    "price": 137100
                },
                {
                    "lease": "40",
                    "price": 144600
                },
                {
                    "lease": "45",
                    "price": 150900
                }
            ],
            "unit": 312
        },
        {
            "area": 47.0,
            "floor": 38,
            "is_repurchased": false,
            "lease_price_list": [
                {
                    "lease": "15",
                    "price": 98900
                },
                {
                    "lease": "20",
                    "price": 116100
                },
                {
                    "lease": "25",
                    "price": 130400
                },
                {
                    "lease": "30",
                    "price": 142000
                },
                {
                    "lease": "35",
                    "price": 151900
                },
                {
                    "lease": "40",
                    "price": 160300
                },
                {
                    "lease": "45",
                    "price": 167400
                }
            ],
            "unit": 312
        },
        {
            "area": 37.0,
            "floor": 4,
            "is_repurchased": false,
            "lease_price_list": [
                {
                    "lease": "15",
                    "price": 67300
                },
                {
                    "lease": "20",
                    "price": 78400
                },
                {
                    "lease": "25",
                    "price": 87600
                },
                {
                    "lease": "30",
                    "price": 95200
                },
                {
                    "lease": "35",
                    "price": 101600
                },
                {
                    "lease": "40",
                    "price": 107000
                },
                {
                    "lease": "45",
                    "price": 111600
                }
            ],
            "unit": 316
        },
        {
            "area": 37.0,
            "floor": 5,
            "is_repurchased": false,
            "lease_price_list": [
                {
                    "lease": "15",
                    "price": 68100
                },
                {
                    "lease": "20",
                    "price": 79400
                },
                {
                    "lease": "25",
                    "price": 88800
                },
                {
                    "lease": "30",
                    "price": 96400
                },
                {
                    "lease": "35",
                    "price": 102900
                },
                {
                    "lease": "40",
                    "price": 108400
                },
                {
                    "lease": "45",
                    "price": 113100
                }
            ],
            "unit": 316
        },
        {
            "area": 37.0,
            "floor": 6,
            "is_repurchased": false,
            "lease_price_list": [
                {
                    "lease": "15",
                    "price": 68800
                },
                {
                    "lease": "20",
                    "price": 80200
                },
                {
                    "lease": "25",
                    "price": 89700
                },
                {
                    "lease": "30",
                    "price": 97400
                },
                {
                    "lease": "35",
                    "price": 104000
                },
                {
                    "lease": "40",
                    "price": 109600
                },
                {
                    "lease": "45",
                    "price": 114300
                }
            ],
            "unit": 316
        },
        {
            "area": 37.0,
            "floor": 24,
            "is_repurchased": false,
            "lease_price_list": [
                {
                    "lease": "15",
                    "price": 78200
                },
                {
                    "lease": "20",
                    "price": 91500
                },
                {
                    "lease": "25",
                    "price": 102500
                },
                {
                    "lease": "30",
                    "price": 111500
                },
                {
                    "lease": "35",
                    "price": 119200
                },
                {
                    "lease": "40",
                    "price": 125700
                },
                {
                    "lease": "45",
                    "price": 131100
                }
            ],
            "unit": 316
        },
        {
            "area": 37.0,
            "floor": 25,
            "is_repurchased": false,
            "lease_price_list": [
                {
                    "lease": "15",
                    "price": 78500
                },
                {
                    "lease": "20",
                    "price": 91800
                },
                {
                    "lease": "25",
                    "price": 102900
                },
                {
                    "lease": "30",
                    "price": 111900
                },
                {
                    "lease": "35",
                    "price": 119600
                },
                {
                    "lease": "40",
                    "price": 126100
                },
                {
                    "lease": "45",
                    "price": 131600
                }
            ],
            "unit": 316
        },
        {
            "area": 37.0,
            "floor": 28,
            "is_repurchased": false,
            "lease_price_list": [
                {
                    "lease": "15",
                    "price": 79300
                },
                {
                    "lease": "20",
                    "price": 92800
                },
                {
                    "lease": "25",
                    "price": 104000
                },
                {
                    "lease": "30",
                    "price": 113100
                },
                {
                    "lease": "35",
                    "price": 120900
                },
                {
                    "lease": "40",
                    "price": 127500
                },
                {
                    "lease": "45",
                    "price": 133100
                }
            ],
            "unit": 316
        },
        {
            "area": 37.0,
            "floor": 29,
            "is_repurchased": false,
            "lease_price_list": [
                {
                    "lease": "15",
                    "price": 79500
                },
                {
                    "lease": "20",
                    "price": 93100
                },
                {
                    "lease": "25",
                    "price": 104300
                },
                {
                    "lease": "30",
                    "price": 113500
                },
                {
                    "lease": "35",
                    "price": 121300
                },
                {
                    "lease": "40",
                    "price": 127900
                },
                {
                    "lease": "45",
                    "price": 133500
                }
            ],
            "unit": 316
        },
        {
            "area": 37.0,
            "floor": 30,
            "is_repurchased": false,
            "lease_price_list": [
                {
                    "lease": "15",
                    "price": 79800
                },
                {
                    "lease": "20",
                    "price": 93400
                },
                {
                    "lease": "25",
                    "price": 104700
                },
                {
                    "lease": "30",
                    "price": 113900
                },
                {
                    "lease": "35",
                    "price": 121700
                },
                {
                    "lease": "40",
                    "price": 128400
                },
                {
                    "lease": "45",
                    "price": 134000
                }
            ],
            "unit": 316
        },
        {
            "area": 37.0,
            "floor": 31,
            "is_repurchased": false,
            "lease_price_list": [
                {
                    "lease": "15",
                    "price": 80100
                },
                {
                    "lease": "20",
                    "price": 93800
                },
                {
                    "lease": "25",
                    "price": 105100
                },
                {
                    "lease": "30",
                    "price": 114300
                },
                {
                    "lease": "35",
                    "price": 122200
                },
                {
                    "lease": "40",
                    "price": 128800
                },
                {
                    "lease": "45",
                    "price": 134500
                }
            ],
            "unit": 316
        },
        {
            "area": 37.0,
            "floor": 32,
            "is_repurchased": false,
            "lease_price_list": [
                {
                    "lease": "15",
                    "price": 80300
                },
                {
                    "lease": "20",
                    "price": 94100
                },
                {
                    "lease": "25",
                    "price": 105400
                },
                {
                    "lease": "30",
                    "price": 114700
                },
                {
                    "lease": "35",
                    "price": 122600
                },
                {
                    "lease": "40",
                    "price": 129300
                },
                {
                    "lease": "45",
                    "price": 135000
                }
            ],
            "unit": 316
        },
        {
            "area": 37.0,
            "floor": 33,
            "is_repurchased": false,
            "lease_price_list": [
                {
                    "lease": "15",
                    "price": 80600
                },
                {
                    "lease": "20",
                    "price": 94400
                },
                {
                    "lease": "25",
                    "price": 105800
                },
                {
                    "lease": "30",
                    "price": 115100
                },
                {
                    "lease": "35",
                    "price": 123000
                },
                {
                    "lease": "40",
                    "price": 129800
                },
                {
                    "lease": "45",
                    "price": 135500
                }
            ],
            "unit": 316
        },
        {
            "area": 37.0,
            "floor": 34,
            "is_repurchased": false,
            "lease_price_list": [
                {
                    "lease": "15",
                    "price": 80900
                },
                {
                    "lease": "20",
                    "price": 94700
                },
                {
                    "lease": "25",
                    "price": 106100
                },
                {
                    "lease": "30",
                    "price": 115500
                },
                {
                    "lease": "35",
                    "price": 123500
                },
                {
                    "lease": "40",
                    "price": 130200
                },
                {
                    "lease": "45",
                    "price": 135900
                }
            ],
            "unit": 316
        },
        {
            "area": 37.0,
            "floor": 35,
            "is_repurchased": false,
            "lease_price_list": [
                {
                    "lease": "15",
                    "price": 81100
                },
                {
                    "lease": "20",
                    "price": 95000
                },
                {
                    "lease": "25",
                    "price": 106500
                },
                {
                    "lease": "30",
                    "price": 115900
                },
                {
                    "lease": "35",
                    "price": 123900
                },
                {
                    "lease": "40",
                    "price": 130700
                },
                {
                    "lease": "45",
                    "price": 136400
                }
            ],
            "unit": 316
        },
        {
            "area": 37.0,
            "floor": 38,
            "is_repurchased": false,
            "lease_price_list": [
                {
                    "lease": "15",
                    "price": 81700
                },
                {
                    "lease": "20",
                    "price": 95700
                },
                {
                    "lease": "25",
                    "price": 107200
                },
                {
                    "lease": "30",
                    "price": 116700
                },
                {
                    "lease": "35",
                    "price": 124800
                },
                {
                    "lease": "40",
                    "price": 131600
                },
                {
                    "lease": "45",
                    "price": 137400
                }
            ],
            "unit": 316
        },
        {
            "area": 37.0,
            "floor": 3,
            "is_repurchased": false,
            "lease_price_list": [
                {
                    "lease": "15",
                    "price": 66500
                },
                {
                    "lease": "20",
                    "price": 77400
                },
                {
                    "lease": "25",
                    "price": 86500
                },
                {
                    "lease": "30",
                    "price": 93900
                },
                {
                    "lease": "35",
                    "price": 100200
                },
                {
                    "lease": "40",
                    "price": 105600
                },
                {
                    "lease": "45",
                    "price": 110100
                }
            ],
            "unit": 318
        },
        {
            "area": 37.0,
            "floor": 4,
            "is_repurchased": false,
            "lease_price_list": [
                {
                    "lease": "15",
                    "price": 67300
                },
                {
                    "lease": "20",
                    "price": 78400
                },
                {
                    "lease": "25",
                    "price": 87600
                },
                {
                    "lease": "30",
                    "price": 95200
                },
                {
                    "lease": "35",
                    "price": 101600
                },
                {
                    "lease": "40",
                    "price": 107000
                },
                {
                    "lease": "45",
                    "price": 111600
                }
            ],
            "unit": 318
        },
        {
            "area": 37.0,
            "floor": 7,
            "is_repurchased": false,
            "lease_price_list": [
                {
                    "lease": "15",
                    "price": 69500
                },
                {
                    "lease": "20",
                    "price": 81000
                },
                {
                    "lease": "25",
                    "price": 90600
                },
                {
                    "lease": "30",
                    "price": 98400
                },
                {
                    "lease": "35",
                    "price": 105100
                },
                {
                    "lease": "40",
                    "price": 110700
                },
                {
                    "lease": "45",
                    "price": 115500
                }
            ],
            "unit": 318
        },
        {
            "area": 37.0,
            "floor": 14,
            "is_repurchased": false,
            "lease_price_list": [
                {
                    "lease": "15",
                    "price": 75500
                },
                {
                    "lease": "20",
                    "price": 88300
                },
                {
                    "lease": "25",
                    "price": 98900
                },
                {
                    "lease": "30",
                    "price": 107500
                },
                {
                    "lease": "35",
                    "price": 114900
                },
                {
                    "lease": "40",
                    "price": 121100
                },
                {
                    "lease": "45",
                    "price": 126400
                }
            ],
            "unit": 318
        },
        {
            "area": 37.0,
            "floor": 17,
            "is_repurchased": false,
            "lease_price_list": [
                {
                    "lease": "15",
                    "price": 76300
                },
                {
                    "lease": "20",
                    "price": 89300
                },
                {
                    "lease": "25",
                    "price": 100000
                },
                {
                    "lease": "30",
                    "price": 108700
                },
                {
                    "lease": "35",
                    "price": 116100
                },
                {
                    "lease": "40",
                    "price": 122500
                },
                {
                    "lease": "45",
                    "price": 127800
                }
            ],
            "unit": 318
        },
        {
            "area": 37.0,
            "floor": 19,
            "is_repurchased": false,
            "lease_price_list": [
                {
                    "lease": "15",
                    "price": 76900
                },
                {
                    "lease": "20",
                    "price": 89900
                },
                {
                    "lease": "25",
                    "price": 100700
                },
                {
                    "lease": "30",
                    "price": 109500
                },
                {
                    "lease": "35",
                    "price": 117000
                },
                {
                    "lease": "40",
                    "price": 123400
                },
                {
                    "lease": "45",
                    "price": 128800
                }
            ],
            "unit": 318
        },
        {
            "area": 37.0,
            "floor": 20,
            "is_repurchased": false,
            "lease_price_list": [
                {
                    "lease": "15",
                    "price": 77100
                },
                {
                    "lease": "20",
                    "price": 90200
                },
                {
                    "lease": "25",
                    "price": 101100
                },
                {
                    "lease": "30",
                    "price": 109900
                },
                {
                    "lease": "35",
                    "price": 117400
                },
                {
                    "lease": "40",
                    "price": 123800
                },
                {
                    "lease": "45",
                    "price": 129200
                }
            ],
            "unit": 318
        },
        {
            "area": 37.0,
            "floor": 21,
            "is_repurchased": false,
            "lease_price_list": [
                {
                    "lease": "15",
                    "price": 77400
                },
                {
                    "lease": "20",
                    "price": 90600
                },
                {
                    "lease": "25",
                    "price": 101400
                },
                {
                    "lease": "30",
                    "price": 110300
                },
                {
                    "lease": "35",
                    "price": 117900
                },
                {
                    "lease": "40",
                    "price": 124300
                },
                {
                    "lease": "45",
                    "price": 129700
                }
            ],
            "unit": 318
        },
        {
            "area": 37.0,
            "floor": 23,
            "is_repurchased": false,
            "lease_price_list": [
                {
                    "lease": "15",
                    "price": 77900
                },
                {
                    "lease": "20",
                    "price": 91200
                },
                {
                    "lease": "25",
                    "price": 102100
                },
                {
                    "lease": "30",
                    "price": 111100
                },
                {
                    "lease": "35",
                    "price": 118700
                },
                {
                    "lease": "40",
                    "price": 125200
                },
                {
                    "lease": "45",
                    "price": 130700
                }
            ],
            "unit": 318
        },
        {
            "area": 37.0,
            "floor": 24,
            "is_repurchased": false,
            "lease_price_list": [
                {
                    "lease": "15",
                    "price": 78200
                },
                {
                    "lease": "20",
                    "price": 91500
                },
                {
                    "lease": "25",
                    "price": 102500
                },
                {
                    "lease": "30",
                    "price": 111500
                },
                {
                    "lease": "35",
                    "price": 119200
                },
                {
                    "lease": "40",
                    "price": 125700
                },
                {
                    "lease": "45",
                    "price": 131100
                }
            ],
            "unit": 318
        },
        {
            "area": 37.0,
            "floor": 25,
            "is_repurchased": false,
            "lease_price_list": [
                {
                    "lease": "15",
                    "price": 78500
                },
                {
                    "lease": "20",
                    "price": 91800
                },
                {
                    "lease": "25",
                    "price": 102900
                },
                {
                    "lease": "30",
                    "price": 111900
                },
                {
                    "lease": "35",
                    "price": 119600
                },
                {
                    "lease": "40",
                    "price": 126100
                },
                {
                    "lease": "45",
                    "price": 131600
                }
            ],
            "unit": 318
        },
        {
            "area": 37.0,
            "floor": 26,
            "is_repurchased": false,
            "lease_price_list": [
                {
                    "lease": "15",
                    "price": 78700
                },
                {
                    "lease": "20",
                    "price": 92200
                },
                {
                    "lease": "25",
                    "price": 103200
                },
                {
                    "lease": "30",
                    "price": 112300
                },
                {
                    "lease": "35",
                    "price": 120000
                },
                {
                    "lease": "40",
                    "price": 126600
                },
                {
                    "lease": "45",
                    "price": 132100
                }
            ],
            "unit": 318
        },
        {
            "area": 37.0,
            "floor": 27,
            "is_repurchased": false,
            "lease_price_list": [
                {
                    "lease": "15",
                    "price": 79000
                },
                {
                    "lease": "20",
                    "price": 92500
                },
                {
                    "lease": "25",
                    "price": 103600
                },
                {
                    "lease": "30",
                    "price": 112700
                },
                {
                    "lease": "35",
                    "price": 120500
                },
                {
                    "lease": "40",
                    "price": 127000
                },
                {
                    "lease": "45",
                    "price": 132600
                }
            ],
            "unit": 318
        },
        {
            "area": 37.0,
            "floor": 28,
            "is_repurchased": false,
            "lease_price_list": [
                {
                    "lease": "15",
                    "price": 79300
                },
                {
                    "lease": "20",
                    "price": 92800
                },
                {
                    "lease": "25",
                    "price": 104000
                },
                {
                    "lease": "30",
                    "price": 113100
                },
                {
                    "lease": "35",
                    "price": 120900
                },
                {
                    "lease": "40",
                    "price": 127500
                },
                {
                    "lease": "45",
                    "price": 133100
                }
            ],
            "unit": 318
        },
        {
            "area": 37.0,
            "floor": 29,
            "is_repurchased": false,
            "lease_price_list": [
                {
                    "lease": "15",
                    "price": 79500
                },
                {
                    "lease": "20",
                    "price": 93100
                },
                {
                    "lease": "25",
                    "price": 104300
                },
                {
                    "lease": "30",
                    "price": 113500
                },
                {
                    "lease": "35",
                    "price": 121300
                },
                {
                    "lease": "40",
                    "price": 127900
                },
                {
                    "lease": "45",
                    "price": 133500
                }
            ],
            "unit": 318
        },
        {
            "area": 37.0,
            "floor": 30,
            "is_repurchased": false,
            "lease_price_list": [
                {
                    "lease": "15",
                    "price": 79800
                },
                {
                    "lease": "20",
                    "price": 93400
                },
                {
                    "lease": "25",
                    "price": 104700
                },
                {
                    "lease": "30",
                    "price": 113900
                },
                {
                    "lease": "35",
                    "price": 121700
                },
                {
                    "lease": "40",
                    "price": 128400
                },
                {
                    "lease": "45",
                    "price": 134000
                }
            ],
            "unit": 318
        },
        {
            "area": 37.0,
            "floor": 31,
            "is_repurchased": false,
            "lease_price_list": [
                {
                    "lease": "15",
                    "price": 80100
                },
                {
                    "lease": "20",
                    "price": 93800
                },
                {
                    "lease": "25",
                    "price": 105100
                },
                {
                    "lease": "30",
                    "price": 114300
                },
                {
                    "lease": "35",
                    "price": 122200
                },
                {
                    "lease": "40",
                    "price": 128800
                },
                {
                    "lease": "45",
                    "price": 134500
                }
            ],
            "unit": 318
        },
        {
            "area": 37.0,
            "floor": 34,
            "is_repurchased": false,
            "lease_price_list": [
                {
                    "lease": "15",
                    "price": 80900
                },
                {
                    "lease": "20",
                    "price": 94700
                },
                {
                    "lease": "25",
                    "price": 106100
                },
                {
                    "lease": "30",
                    "price": 115500
                },
                {
                    "lease": "35",
                    "price": 123500
                },
                {
                    "lease": "40",
                    "price": 130200
                },
                {
                    "lease": "45",
                    "price": 135900
                }
            ],
            "unit": 318
        },
        {
            "area": 37.0,
            "floor": 35,
            "is_repurchased": false,
            "lease_price_list": [
                {
                    "lease": "15",
                    "price": 81100
                },
                {
                    "lease": "20",
                    "price": 95000
                },
                {
                    "lease": "25",
                    "price": 106500
                },
                {
                    "lease": "30",
                    "price": 115900
                },
                {
                    "lease": "35",
                    "price": 123900
                },
                {
                    "lease": "40",
                    "price": 130700
                },
                {
                    "lease": "45",
                    "price": 136400
                }
            ],
            "unit": 318
        },
        {
            "area": 37.0,
            "floor": 36,
            "is_repurchased": false,
            "lease_price_list": [
                {
                    "lease": "15",
                    "price": 81400
                },
                {
                    "lease": "20",
                    "price": 95400
                },
                {
                    "lease": "25",
                    "price": 106900
                },
                {
                    "lease": "30",
                    "price": 116300
                },
                {
                    "lease": "35",
                    "price": 124300
                },
                {
                    "lease": "40",
                    "price": 131100
                },
                {
                    "lease": "45",
                    "price": 136900
                }
            ],
            "unit": 318
        },
        {
            "area": 37.0,
            "floor": 37,
            "is_repurchased": false,
            "lease_price_list": [
                {
                    "lease": "15",
                    "price": 81700
                },
                {
                    "lease": "20",
                    "price": 95700
                },
                {
                    "lease": "25",
                    "price": 107200
                },
                {
                    "lease": "30",
                    "price": 116700
                },
                {
                    "lease": "35",
                    "price": 124800
                },
                {
                    "lease": "40",
                    "price": 131600
                },
                {
                    "lease": "45",
                    "price": 137400
                }
            ],
            "unit": 318
        }
    ],
    "block_code": {
        "block_num": "29",
        "contract": "R25A",
        "neighbourhood": "N6"
    },
    "dpd_date": "31 May 2018",
    "flat_type": "2-Room Flexi (Short Lease)",
    "lcd_date": "-",
    "pcd_date": "06/2017",
    "quota_chinese": 31,
    "quota_malay": 9,
    "quota_other": 37,
    "street": "GHIM MOH LINK",
    "town": "Queenstown"
},
{
    "apartments": [
        {
            "area": 47.0,
            "floor": 3,
            "is_repurchased": false,
            "lease_price_list": [
                {
                    "lease": "15",
                    "price": 84500
                },
                {
                    "lease": "20",
                    "price": 98900
                },
                {
                    "lease": "25",
                    "price": 110800
                },
                {
                    "lease": "30",
                    "price": 120500
                },
                {
                    "lease": "35",
                    "price": 128800
                },
                {
                    "lease": "40",
                    "price": 135800
                },
                {
                    "lease": "45",
                    "price": 141700
                }
            ],
            "unit": 336
        },
        {
            "area": 47.0,
            "floor": 4,
            "is_repurchased": false,
            "lease_price_list": [
                {
                    "lease": "15",
                    "price": 85400
                },
                {
                    "lease": "20",
                    "price": 99900
                },
                {
                    "lease": "25",
                    "price": 111900
                },
                {
                    "lease": "30",
                    "price": 121800
                },
                {
                    "lease": "35",
                    "price": 130100
                },
                {
                    "lease": "40",
                    "price": 137200
                },
                {
                    "lease": "45",
                    "price": 143200
                }
            ],
            "unit": 336
        },
        {
            "area": 47.0,
            "floor": 28,
            "is_repurchased": false,
            "lease_price_list": [
                {
                    "lease": "15",
                    "price": 98500
                },
                {
                    "lease": "20",
                    "price": 115600
                },
                {
                    "lease": "25",
                    "price": 129800
                },
                {
                    "lease": "30",
                    "price": 141400
                },
                {
                    "lease": "35",
                    "price": 151300
                },
                {
                    "lease": "40",
                    "price": 159600
                },
                {
                    "lease": "45",
                    "price": 166700
                }
            ],
            "unit": 336
        },
        {
            "area": 47.0,
            "floor": 10,
            "is_repurchased": false,
            "lease_price_list": [
                {
                    "lease": "15",
                    "price": 92700
                },
                {
                    "lease": "20",
                    "price": 108700
                },
                {
                    "lease": "25",
                    "price": 121900
                },
                {
                    "lease": "30",
                    "price": 132700
                },
                {
                    "lease": "35",
                    "price": 141900
                },
                {
                    "lease": "40",
                    "price": 149700
                },
                {
                    "lease": "45",
                    "price": 156300
                }
            ],
            "unit": 338
        },
        {
            "area": 47.0,
            "floor": 19,
            "is_repurchased": false,
            "lease_price_list": [
                {
                    "lease": "15",
                    "price": 96100
                },
                {
                    "lease": "20",
                    "price": 112800
                },
                {
                    "lease": "25",
                    "price": 126500
                },
                {
                    "lease": "30",
                    "price": 137800
                },
                {
                    "lease": "35",
                    "price": 147400
                },
                {
                    "lease": "40",
                    "price": 155500
                },
                {
                    "lease": "45",
                    "price": 162400
                }
            ],
            "unit": 338
        },
        {
            "area": 37.0,
            "floor": 3,
            "is_repurchased": false,
            "lease_price_list": [
                {
                    "lease": "15",
                    "price": 67200
                },
                {
                    "lease": "20",
                    "price": 78300
                },
                {
                    "lease": "25",
                    "price": 87500
                },
                {
                    "lease": "30",
                    "price": 95000
                },
                {
                    "lease": "35",
                    "price": 101400
                },
                {
                    "lease": "40",
                    "price": 106800
                },
                {
                    "lease": "45",
                    "price": 111400
                }
            ],
            "unit": 342
        },
        {
            "area": 37.0,
            "floor": 5,
            "is_repurchased": false,
            "lease_price_list": [
                {
                    "lease": "15",
                    "price": 68900
                },
                {
                    "lease": "20",
                    "price": 80300
                },
                {
                    "lease": "25",
                    "price": 89800
                },
                {
                    "lease": "30",
                    "price": 97500
                },
                {
                    "lease": "35",
                    "price": 104100
                },
                {
                    "lease": "40",
                    "price": 109700
                },
                {
                    "lease": "45",
                    "price": 114400
                }
            ],
            "unit": 342
        },
        {
            "area": 37.0,
            "floor": 9,
            "is_repurchased": false,
            "lease_price_list": [
                {
                    "lease": "15",
                    "price": 71100
                },
                {
                    "lease": "20",
                    "price": 83000
                },
                {
                    "lease": "25",
                    "price": 92900
                },
                {
                    "lease": "30",
                    "price": 100900
                },
                {
                    "lease": "35",
                    "price": 107700
                },
                {
                    "lease": "40",
                    "price": 113600
                },
                {
                    "lease": "45",
                    "price": 118500
                }
            ],
            "unit": 342
        },
        {
            "area": 37.0,
            "floor": 11,
            "is_repurchased": false,
            "lease_price_list": [
                {
                    "lease": "15",
                    "price": 71700
                },
                {
                    "lease": "20",
                    "price": 83700
                },
                {
                    "lease": "25",
                    "price": 93600
                },
                {
                    "lease": "30",
                    "price": 101700
                },
                {
                    "lease": "35",
                    "price": 108600
                },
                {
                    "lease": "40",
                    "price": 114500
                },
                {
                    "lease": "45",
                    "price": 119400
                }
            ],
            "unit": 342
        },
        {
            "area": 37.0,
            "floor": 13,
            "is_repurchased": false,
            "lease_price_list": [
                {
                    "lease": "15",
                    "price": 72200
                },
                {
                    "lease": "20",
                    "price": 84300
                },
                {
                    "lease": "25",
                    "price": 94300
                },
                {
                    "lease": "30",
                    "price": 102500
                },
                {
                    "lease": "35",
                    "price": 109500
                },
                {
                    "lease": "40",
                    "price": 115400
                },
                {
                    "lease": "45",
                    "price": 120400
                }
            ],
            "unit": 342
        },
        {
            "area": 37.0,
            "floor": 14,
            "is_repurchased": false,
            "lease_price_list": [
                {
                    "lease": "15",
                    "price": 72500
                },
                {
                    "lease": "20",
                    "price": 84600
                },
                {
                    "lease": "25",
                    "price": 94700
                },
                {
                    "lease": "30",
                    "price": 102900
                },
                {
                    "lease": "35",
                    "price": 109900
                },
                {
                    "lease": "40",
                    "price": 115800
                },
                {
                    "lease": "45",
                    "price": 120900
                }
            ],
            "unit": 342
        },
        {
            "area": 37.0,
            "floor": 15,
            "is_repurchased": false,
            "lease_price_list": [
                {
                    "lease": "15",
                    "price": 72700
                },
                {
                    "lease": "20",
                    "price": 85000
                },
                {
                    "lease": "25",
                    "price": 95000
                },
                {
                    "lease": "30",
                    "price": 103300
                },
                {
                    "lease": "35",
                    "price": 110300
                },
                {
                    "lease": "40",
                    "price": 116300
                },
                {
                    "lease": "45",
                    "price": 121300
                }
            ],
            "unit": 342
        },
        {
            "area": 37.0,
            "floor": 16,
            "is_repurchased": false,
            "lease_price_list": [
                {
                    "lease": "15",
                    "price": 73000
                },
                {
                    "lease": "20",
                    "price": 85300
                },
                {
                    "lease": "25",
                    "price": 95400
                },
                {
                    "lease": "30",
                    "price": 103700
                },
                {
                    "lease": "35",
                    "price": 110800
                },
                {
                    "lease": "40",
                    "price": 116700
                },
                {
                    "lease": "45",
                    "price": 121800
                }
            ],
            "unit": 342
        },
        {
            "area": 37.0,
            "floor": 17,
            "is_repurchased": false,
            "lease_price_list": [
                {
                    "lease": "15",
                    "price": 73300
                },
                {
                    "lease": "20",
                    "price": 85600
                },
                {
                    "lease": "25",
                    "price": 95800
                },
                {
                    "lease": "30",
                    "price": 104100
                },
                {
                    "lease": "35",
                    "price": 111200
                },
                {
                    "lease": "40",
                    "price": 117200
                },
                {
                    "lease": "45",
                    "price": 122300
                }
            ],
            "unit": 342
        },
        {
            "area": 37.0,
            "floor": 18,
            "is_repurchased": false,
            "lease_price_list": [
                {
                    "lease": "15",
                    "price": 73500
                },
                {
                    "lease": "20",
                    "price": 85900
                },
                {
                    "lease": "25",
                    "price": 96100
                },
                {
                    "lease": "30",
                    "price": 104500
                },
                {
                    "lease": "35",
                    "price": 111600
                },
                {
                    "lease": "40",
                    "price": 117700
                },
                {
                    "lease": "45",
                    "price": 122800
                }
            ],
            "unit": 342
        },
        {
            "area": 37.0,
            "floor": 19,
            "is_repurchased": false,
            "lease_price_list": [
                {
                    "lease": "15",
                    "price": 73800
                },
                {
                    "lease": "20",
                    "price": 86200
                },
                {
                    "lease": "25",
                    "price": 96500
                },
                {
                    "lease": "30",
                    "price": 104900
                },
                {
                    "lease": "35",
                    "price": 112100
                },
                {
                    "lease": "40",
                    "price": 118100
                },
                {
                    "lease": "45",
                    "price": 123200
                }
            ],
            "unit": 342
        },
        {
            "area": 37.0,
            "floor": 20,
            "is_repurchased": false,
            "lease_price_list": [
                {
                    "lease": "15",
                    "price": 74100
                },
                {
                    "lease": "20",
                    "price": 86600
                },
                {
                    "lease": "25",
                    "price": 96900
                },
                {
                    "lease": "30",
                    "price": 105300
                },
                {
                    "lease": "35",
                    "price": 112500
                },
                {
                    "lease": "40",
                    "price": 118600
                },
                {
                    "lease": "45",
                    "price": 123700
                }
            ],
            "unit": 342
        },
        {
            "area": 37.0,
            "floor": 21,
            "is_repurchased": false,
            "lease_price_list": [
                {
                    "lease": "15",
                    "price": 74300
                },
                {
                    "lease": "20",
                    "price": 86900
                },
                {
                    "lease": "25",
                    "price": 97200
                },
                {
                    "lease": "30",
                    "price": 105700
                },
                {
                    "lease": "35",
                    "price": 112900
                },
                {
                    "lease": "40",
                    "price": 119000
                },
                {
                    "lease": "45",
                    "price": 124200
                }
            ],
            "unit": 342
        },
        {
            "area": 37.0,
            "floor": 23,
            "is_repurchased": false,
            "lease_price_list": [
                {
                    "lease": "15",
                    "price": 74900
                },
                {
                    "lease": "20",
                    "price": 87500
                },
                {
                    "lease": "25",
                    "price": 98000
                },
                {
                    "lease": "30",
                    "price": 106500
                },
                {
                    "lease": "35",
                    "price": 113800
                },
                {
                    "lease": "40",
                    "price": 119900
                },
                {
                    "lease": "45",
                    "price": 125200
                }
            ],
            "unit": 342
        },
        {
            "area": 37.0,
            "floor": 24,
            "is_repurchased": false,
            "lease_price_list": [
                {
                    "lease": "15",
                    "price": 75100
                },
                {
                    "lease": "20",
                    "price": 87800
                },
                {
                    "lease": "25",
                    "price": 98300
                },
                {
                    "lease": "30",
                    "price": 106900
                },
                {
                    "lease": "35",
                    "price": 114200
                },
                {
                    "lease": "40",
                    "price": 120400
                },
                {
                    "lease": "45",
                    "price": 125600
                }
            ],
            "unit": 342
        },
        {
            "area": 37.0,
            "floor": 25,
            "is_repurchased": false,
            "lease_price_list": [
                {
                    "lease": "15",
                    "price": 75400
                },
                {
                    "lease": "20",
                    "price": 88200
                },
                {
                    "lease": "25",
                    "price": 98700
                },
                {
                    "lease": "30",
                    "price": 107300
                },
                {
                    "lease": "35",
                    "price": 114600
                },
                {
                    "lease": "40",
                    "price": 120900
                },
                {
                    "lease": "45",
                    "price": 126100
                }
            ],
            "unit": 342
        },
        {
            "area": 37.0,
            "floor": 26,
            "is_repurchased": false,
            "lease_price_list": [
                {
                    "lease": "15",
                    "price": 75700
                },
                {
                    "lease": "20",
                    "price": 88500
                },
                {
                    "lease": "25",
                    "price": 99100
                },
                {
                    "lease": "30",
                    "price": 107700
                },
                {
                    "lease": "35",
                    "price": 115100
                },
                {
                    "lease": "40",
                    "price": 121300
                },
                {
                    "lease": "45",
                    "price": 126600
                }
            ],
            "unit": 342
        },
        {
            "area": 37.0,
            "floor": 27,
            "is_repurchased": false,
            "lease_price_list": [
                {
                    "lease": "15",
                    "price": 75900
                },
                {
                    "lease": "20",
                    "price": 88800
                },
                {
                    "lease": "25",
                    "price": 99400
                },
                {
                    "lease": "30",
                    "price": 108100
                },
                {
                    "lease": "35",
                    "price": 115500
                },
                {
                    "lease": "40",
                    "price": 121800
                },
                {
                    "lease": "45",
                    "price": 127100
                }
            ],
            "unit": 342
        },
        {
            "area": 37.0,
            "floor": 29,
            "is_repurchased": false,
            "lease_price_list": [
                {
                    "lease": "15",
                    "price": 76500
                },
                {
                    "lease": "20",
                    "price": 89400
                },
                {
                    "lease": "25",
                    "price": 100100
                },
                {
                    "lease": "30",
                    "price": 108900
                },
                {
                    "lease": "35",
                    "price": 116400
                },
                {
                    "lease": "40",
                    "price": 122700
                },
                {
                    "lease": "45",
                    "price": 128000
                }
            ],
            "unit": 342
        },
        {
            "area": 37.0,
            "floor": 31,
            "is_repurchased": false,
            "lease_price_list": [
                {
                    "lease": "15",
                    "price": 77000
                },
                {
                    "lease": "20",
                    "price": 90100
                },
                {
                    "lease": "25",
                    "price": 100900
                },
                {
                    "lease": "30",
                    "price": 109700
                },
                {
                    "lease": "35",
                    "price": 117200
                },
                {
                    "lease": "40",
                    "price": 123600
                },
                {
                    "lease": "45",
                    "price": 129000
                }
            ],
            "unit": 342
        },
        {
            "area": 37.0,
            "floor": 32,
            "is_repurchased": false,
            "lease_price_list": [
                {
                    "lease": "15",
                    "price": 77300
                },
                {
                    "lease": "20",
                    "price": 90400
                },
                {
                    "lease": "25",
                    "price": 101200
                },
                {
                    "lease": "30",
                    "price": 110100
                },
                {
                    "lease": "35",
                    "price": 117700
                },
                {
                    "lease": "40",
                    "price": 124100
                },
                {
                    "lease": "45",
                    "price": 129500
                }
            ],
            "unit": 342
        },
        {
            "area": 37.0,
            "floor": 33,
            "is_repurchased": false,
            "lease_price_list": [
                {
                    "lease": "15",
                    "price": 78300
                },
                {
                    "lease": "20",
                    "price": 91600
                },
                {
                    "lease": "25",
                    "price": 102600
                },
                {
                    "lease": "30",
                    "price": 111600
                },
                {
                    "lease": "35",
                    "price": 119300
                },
                {
                    "lease": "40",
                    "price": 125800
                },
                {
                    "lease": "45",
                    "price": 131300
                }
            ],
            "unit": 342
        },
        {
            "area": 37.0,
            "floor": 34,
            "is_repurchased": false,
            "lease_price_list": [
                {
                    "lease": "15",
                    "price": 79300
                },
                {
                    "lease": "20",
                    "price": 92900
                },
                {
                    "lease": "25",
                    "price": 104100
                },
                {
                    "lease": "30",
                    "price": 113200
                },
                {
                    "lease": "35",
                    "price": 121000
                },
                {
                    "lease": "40",
                    "price": 127600
                },
                {
                    "lease": "45",
                    "price": 133200
                }
            ],
            "unit": 342
        },
        {
            "area": 37.0,
            "floor": 35,
            "is_repurchased": false,
            "lease_price_list": [
                {
                    "lease": "15",
                    "price": 79600
                },
                {
                    "lease": "20",
                    "price": 93200
                },
                {
                    "lease": "25",
                    "price": 104400
                },
                {
                    "lease": "30",
                    "price": 113600
                },
                {
                    "lease": "35",
                    "price": 121400
                },
                {
                    "lease": "40",
                    "price": 128100
                },
                {
                    "lease": "45",
                    "price": 133700
                }
            ],
            "unit": 342
        },
        {
            "area": 37.0,
            "floor": 36,
            "is_repurchased": false,
            "lease_price_list": [
                {
                    "lease": "15",
                    "price": 79900
                },
                {
                    "lease": "20",
                    "price": 93500
                },
                {
                    "lease": "25",
                    "price": 104800
                },
                {
                    "lease": "30",
                    "price": 114000
                },
                {
                    "lease": "35",
                    "price": 121900
                },
                {
                    "lease": "40",
                    "price": 128500
                },
                {
                    "lease": "45",
                    "price": 134100
                }
            ],
            "unit": 342
        }
    ],
    "block_code": {
        "block_num": "30",
        "contract": "R25A",
        "neighbourhood": "N6"
    },
    "dpd_date": "31 May 2018",
    "flat_type": "2-Room Flexi (Short Lease)",
    "lcd_date": "-",
    "pcd_date": "06/2017",
    "quota_chinese": 21,
    "quota_malay": 21,
    "quota_other": 30,
    "street": "GHIM MOH LINK",
    "town": "Queenstown"
},
{
    "apartments": [
        {
            "area": 40.0,
            "floor": 12,
            "is_repurchased": true,
            "lease_price_list": [
                {
                    "lease": "15",
                    "price": 76300
                },
                {
                    "lease": "20",
                    "price": 89400
                },
                {
                    "lease": "25",
                    "price": 100200
                },
                {
                    "lease": "30",
                    "price": 109100
                },
                {
                    "lease": "35",
                    "price": 116700
                },
                {
                    "lease": "40",
                    "price": 123100
                },
                {
                    "lease": "45",
                    "price": 128500
                }
            ],
            "unit": 16
        },
        {
            "area": 40.0,
            "floor": 18,
            "is_repurchased": true,
            "lease_price_list": [
                {
                    "lease": "15",
                    "price": 77900
                },
                {
                    "lease": "20",
                    "price": 91300
                },
                {
                    "lease": "25",
                    "price": 102400
                },
                {
                    "lease": "30",
                    "price": 111500
                },
                {
                    "lease": "35",
                    "price": 119200
                },
                {
                    "lease": "40",
                    "price": 125800
                },
                {
                    "lease": "45",
                    "price": 131300
                }
            ],
            "unit": 16
        }
    ],
    "block_code": {
        "block_num": "61A",
        "contract": "RC17",
        "neighbourhood": "N1"
    },
    "dpd_date": "NA (Keys Available)",
    "flat_type": "2-Room Flexi (Short Lease)",
    "lcd_date": "From keys collection date",
    "pcd_date": "-",
    "quota_chinese": 2,
    "quota_malay": 2,
    "quota_other": 2,
    "street": "STRATHMORE AVE",
    "town": "Queenstown"
},
{
    "apartments": [
        {
            "area": 49.0,
            "floor": 6,
            "is_repurchased": true,
            "lease_price_list": [
                {
                    "lease": "15",
                    "price": 94900
                },
                {
                    "lease": "20",
                    "price": 111500
                },
                {
                    "lease": "25",
                    "price": 125300
                },
                {
                    "lease": "30",
                    "price": 136500
                },
                {
                    "lease": "35",
                    "price": 146100
                },
                {
                    "lease": "40",
                    "price": 154200
                },
                {
                    "lease": "45",
                    "price": 161100
                }
            ],
            "unit": 52
        }
    ],
    "block_code": {
        "block_num": "62B",
        "contract": "RC17",
        "neighbourhood": "N1"
    },
    "dpd_date": "NA (Keys Available)",
    "flat_type": "2-Room Flexi (Short Lease)",
    "lcd_date": "From keys collection date",
    "pcd_date": "-",
    "quota_chinese": 1,
    "quota_malay": 1,
    "quota_other": 1,
    "street": "STRATHMORE AVE",
    "town": "Queenstown"
},
{
    "apartments": [
        {
            "area": 45.0,
            "floor": 10,
            "is_repurchased": true,
            "lease_price_list": [
                {
                    "lease": "15",
                    "price": 99100
                },
                {
                    "lease": "20",
                    "price": 117300
                },
                {
                    "lease": "25",
                    "price": 132300
                },
                {
                    "lease": "30",
                    "price": 144600
                },
                {
                    "lease": "35",
                    "price": 155100
                },
                {
                    "lease": "40",
                    "price": 164000
                },
                {
                    "lease": "45",
                    "price": 171500
                }
            ],
            "unit": 334
        }
    ],
    "block_code": {
        "block_num": "90",
        "contract": "RC26",
        "neighbourhood": "N4"
    },
    "dpd_date": "NA (Keys Available)",
    "flat_type": "2-Room Flexi (Short Lease)",
    "lcd_date": "From keys collection date",
    "pcd_date": "-",
    "quota_chinese": 0,
    "quota_malay": 1,
    "quota_other": 1,
    "street": "TANGLIN HALT RD",
    "town": "Queenstown"
}]
