[{
    "apartments": [
        {
            "area": 65.0,
            "floor": 15,
            "is_repurchased": false,
            "lease_price_list": [
                {
                    "lease": null,
                    "price": 332500
                }
            ],
            "unit": 100
        }
    ],
    "block_code": {
        "block_num": "2",
        "contract": "C1",
        "neighbourhood": "N5"
    },
    "dpd_date": "NA (Keys Available)",
    "flat_type": "3-Room",
    "lcd_date": "01 May 1974",
    "pcd_date": "-",
    "quota_chinese": 0,
    "quota_malay": 1,
    "quota_other": 1,
    "street": "HOLLAND AVE",
    "town": "Queenstown"
},
{
    "apartments": [
        {
            "area": 65.0,
            "floor": 18,
            "is_repurchased": false,
            "lease_price_list": [
                {
                    "lease": null,
                    "price": 337200
                }
            ],
            "unit": 5
        }
    ],
    "block_code": {
        "block_num": "4",
        "contract": "C1",
        "neighbourhood": "N5"
    },
    "dpd_date": "NA (Keys Available)",
    "flat_type": "3-Room",
    "lcd_date": "01 May 1974",
    "pcd_date": "-",
    "quota_chinese": 0,
    "quota_malay": 1,
    "quota_other": 1,
    "street": "HOLLAND CL",
    "town": "Queenstown"
},
{
    "apartments": [
        {
            "area": 65.0,
            "floor": 20,
            "is_repurchased": false,
            "lease_price_list": [
                {
                    "lease": null,
                    "price": 342000
                }
            ],
            "unit": 30
        },
        {
            "area": 65.0,
            "floor": 13,
            "is_repurchased": true,
            "lease_price_list": [
                {
                    "lease": null,
                    "price": 327700
                }
            ],
            "unit": 34
        }
    ],
    "block_code": {
        "block_num": "6",
        "contract": "C1",
        "neighbourhood": "N5"
    },
    "dpd_date": "NA (Keys Available)",
    "flat_type": "3-Room",
    "lcd_date": "01 May 1974",
    "pcd_date": "-",
    "quota_chinese": 0,
    "quota_malay": 2,
    "quota_other": 2,
    "street": "HOLLAND CL",
    "town": "Queenstown"
},
{
    "apartments": [
        {
            "area": 67.0,
            "floor": 21,
            "is_repurchased": true,
            "lease_price_list": [
                {
                    "lease": null,
                    "price": 342000
                }
            ],
            "unit": 36
        }
    ],
    "block_code": {
        "block_num": "8",
        "contract": "C1",
        "neighbourhood": "N5"
    },
    "dpd_date": "NA (Keys Available)",
    "flat_type": "3-Room",
    "lcd_date": "01 May 1974",
    "pcd_date": "-",
    "quota_chinese": 0,
    "quota_malay": 1,
    "quota_other": 1,
    "street": "HOLLAND AVE",
    "town": "Queenstown"
},
{
    "apartments": [
        {
            "area": 73.0,
            "floor": 13,
            "is_repurchased": true,
            "lease_price_list": [
                {
                    "lease": null,
                    "price": 354000
                }
            ],
            "unit": 324
        }
    ],
    "block_code": {
        "block_num": "20",
        "contract": "C2",
        "neighbourhood": "N7"
    },
    "dpd_date": "NA (Keys Available)",
    "flat_type": "3-Room",
    "lcd_date": "01 Jan 1978",
    "pcd_date": "-",
    "quota_chinese": 1,
    "quota_malay": 1,
    "quota_other": 1,
    "street": "DOVER CRES",
    "town": "Queenstown"
},
{
    "apartments": [
        {
            "area": 65.0,
            "floor": 3,
            "is_repurchased": true,
            "lease_price_list": [
                {
                    "lease": null,
                    "price": 274500
                }
            ],
            "unit": 223
        }
    ],
    "block_code": {
        "block_num": "21",
        "contract": "C4",
        "neighbourhood": "N6"
    },
    "dpd_date": "NA (Keys Available)",
    "flat_type": "3-Room",
    "lcd_date": "01 May 1977",
    "pcd_date": "-",
    "quota_chinese": 0,
    "quota_malay": 1,
    "quota_other": 1,
    "street": "GHIM MOH RD",
    "town": "Queenstown"
},
{
    "apartments": [
        {
            "area": 76.0,
            "floor": 19,
            "is_repurchased": true,
            "lease_price_list": [
                {
                    "lease": null,
                    "price": 319000
                }
            ],
            "unit": 193
        }
    ],
    "block_code": {
        "block_num": "23A",
        "contract": "C0",
        "neighbourhood": "N2"
    },
    "dpd_date": "NA (Keys Available)",
    "flat_type": "3-Room",
    "lcd_date": "01 May 1973",
    "pcd_date": "-",
    "quota_chinese": 1,
    "quota_malay": 1,
    "quota_other": 1,
    "street": "QUEEN'S CL",
    "town": "Queenstown"
},
{
    "apartments": [
        {
            "area": 69.0,
            "floor": 21,
            "is_repurchased": false,
            "lease_price_list": [
                {
                    "lease": null,
                    "price": 377700
                }
            ],
            "unit": 51
        }
    ],
    "block_code": {
        "block_num": "28C",
        "contract": "RC21",
        "neighbourhood": "N7"
    },
    "dpd_date": "NA (Keys Available)",
    "flat_type": "3-Room",
    "lcd_date": "01 Mar 2012",
    "pcd_date": "-",
    "quota_chinese": 0,
    "quota_malay": 1,
    "quota_other": 1,
    "street": "DOVER CRES",
    "town": "Queenstown"
},
{
    "apartments": [
        {
            "area": 68.0,
            "floor": 3,
            "is_repurchased": false,
            "lease_price_list": [
                {
                    "lease": null,
                    "price": 335500
                }
            ],
            "unit": 314
        },
        {
            "area": 68.0,
            "floor": 7,
            "is_repurchased": false,
            "lease_price_list": [
                {
                    "lease": null,
                    "price": 349800
                }
            ],
            "unit": 314
        }
    ],
    "block_code": {
        "block_num": "29",
        "contract": "R25A",
        "neighbourhood": "N6"
    },
    "dpd_date": "31 May 2018",
    "flat_type": "3-Room",
    "lcd_date": "-",
    "pcd_date": "06/2017",
    "quota_chinese": 2,
    "quota_malay": 2,
    "quota_other": 2,
    "street": "GHIM MOH LINK",
    "town": "Queenstown"
},
{
    "apartments": [
        {
            "area": 68.0,
            "floor": 17,
            "is_repurchased": false,
            "lease_price_list": [
                {
                    "lease": null,
                    "price": 370200
                }
            ],
            "unit": 292
        },
        {
            "area": 68.0,
            "floor": 23,
            "is_repurchased": false,
            "lease_price_list": [
                {
                    "lease": null,
                    "price": 376200
                }
            ],
            "unit": 292
        },
        {
            "area": 68.0,
            "floor": 9,
            "is_repurchased": false,
            "lease_price_list": [
                {
                    "lease": null,
                    "price": 362200
                }
            ],
            "unit": 298
        }
    ],
    "block_code": {
        "block_num": "32",
        "contract": "R25A",
        "neighbourhood": "N6"
    },
    "dpd_date": "NA (Keys Available)",
    "flat_type": "3-Room",
    "lcd_date": "01 Jun 2018",
    "pcd_date": "-",
    "quota_chinese": 3,
    "quota_malay": 3,
    "quota_other": 3,
    "street": "GHIM MOH LINK",
    "town": "Queenstown"
},
{
    "apartments": [
        {
            "area": 68.0,
            "floor": 17,
            "is_repurchased": false,
            "lease_price_list": [
                {
                    "lease": null,
                    "price": 370200
                }
            ],
            "unit": 304
        }
    ],
    "block_code": {
        "block_num": "33",
        "contract": "R25A",
        "neighbourhood": "N6"
    },
    "dpd_date": "NA (Keys Available)",
    "flat_type": "3-Room",
    "lcd_date": "01 Jun 2018",
    "pcd_date": "-",
    "quota_chinese": 1,
    "quota_malay": 1,
    "quota_other": 1,
    "street": "GHIM MOH LINK",
    "town": "Queenstown"
},
{
    "apartments": [
        {
            "area": 63.0,
            "floor": 7,
            "is_repurchased": false,
            "lease_price_list": [
                {
                    "lease": null,
                    "price": 372600
                }
            ],
            "unit": 524
        }
    ],
    "block_code": {
        "block_num": "51",
        "contract": "RC30",
        "neighbourhood": "N4"
    },
    "dpd_date": "NA (Keys Available)",
    "flat_type": "3-Room",
    "lcd_date": "01 Feb 2015",
    "pcd_date": "-",
    "quota_chinese": 1,
    "quota_malay": 1,
    "quota_other": 1,
    "street": "C'WEALTH DR",
    "town": "Queenstown"
},
{
    "apartments": [
        {
            "area": 68.0,
            "floor": 6,
            "is_repurchased": false,
            "lease_price_list": [
                {
                    "lease": null,
                    "price": 391200
                }
            ],
            "unit": 550
        },
        {
            "area": 63.0,
            "floor": 30,
            "is_repurchased": false,
            "lease_price_list": [
                {
                    "lease": null,
                    "price": 401300
                }
            ],
            "unit": 556
        }
    ],
    "block_code": {
        "block_num": "53",
        "contract": "RC30",
        "neighbourhood": "N4"
    },
    "dpd_date": "NA (Keys Available)",
    "flat_type": "3-Room",
    "lcd_date": "01 Feb 2015",
    "pcd_date": "-",
    "quota_chinese": 2,
    "quota_malay": 2,
    "quota_other": 2,
    "street": "C'WEALTH DR",
    "town": "Queenstown"
},
{
    "apartments": [
        {
            "area": 60.0,
            "floor": 2,
            "is_repurchased": true,
            "lease_price_list": [
                {
                    "lease": null,
                    "price": 227000
                }
            ],
            "unit": 165
        }
    ],
    "block_code": {
        "block_num": "83",
        "contract": "C1",
        "neighbourhood": "N3"
    },
    "dpd_date": "NA (Keys Available)",
    "flat_type": "3-Room",
    "lcd_date": "01 Jan 1967",
    "pcd_date": "-",
    "quota_chinese": 0,
    "quota_malay": 1,
    "quota_other": 1,
    "street": "C'WEALTH CL",
    "town": "Queenstown"
},
{
    "apartments": [
        {
            "area": 65.0,
            "floor": 7,
            "is_repurchased": false,
            "lease_price_list": [
                {
                    "lease": null,
                    "price": 371600
                }
            ],
            "unit": 17
        },
        {
            "area": 65.0,
            "floor": 9,
            "is_repurchased": false,
            "lease_price_list": [
                {
                    "lease": null,
                    "price": 386000
                }
            ],
            "unit": 17
        },
        {
            "area": 65.0,
            "floor": 21,
            "is_repurchased": false,
            "lease_price_list": [
                {
                    "lease": null,
                    "price": 398100
                }
            ],
            "unit": 17
        }
    ],
    "block_code": {
        "block_num": "87",
        "contract": "C1",
        "neighbourhood": "N1"
    },
    "dpd_date": "NA (Keys Available)",
    "flat_type": "3-Room",
    "lcd_date": "01 Aug 2016",
    "pcd_date": "-",
    "quota_chinese": 3,
    "quota_malay": 3,
    "quota_other": 3,
    "street": "DAWSON RD",
    "town": "Queenstown"
},
{
    "apartments": [
        {
            "area": 65.0,
            "floor": 14,
            "is_repurchased": false,
            "lease_price_list": [
                {
                    "lease": null,
                    "price": 402600
                }
            ],
            "unit": 32
        }
    ],
    "block_code": {
        "block_num": "92",
        "contract": "C2",
        "neighbourhood": "N1"
    },
    "dpd_date": "NA (Keys Available)",
    "flat_type": "3-Room",
    "lcd_date": "01 Apr 2016",
    "pcd_date": "-",
    "quota_chinese": 1,
    "quota_malay": 1,
    "quota_other": 1,
    "street": "DAWSON RD",
    "town": "Queenstown"
},
{
    "apartments": [
        {
            "area": 63.0,
            "floor": 13,
            "is_repurchased": false,
            "lease_price_list": [
                {
                    "lease": null,
                    "price": 338400
                }
            ],
            "unit": 50
        },
        {
            "area": 63.0,
            "floor": 14,
            "is_repurchased": false,
            "lease_price_list": [
                {
                    "lease": null,
                    "price": 339400
                }
            ],
            "unit": 50
        },
        {
            "area": 63.0,
            "floor": 17,
            "is_repurchased": false,
            "lease_price_list": [
                {
                    "lease": null,
                    "price": 342400
                }
            ],
            "unit": 50
        },
        {
            "area": 63.0,
            "floor": 18,
            "is_repurchased": false,
            "lease_price_list": [
                {
                    "lease": null,
                    "price": 343400
                }
            ],
            "unit": 50
        },
        {
            "area": 63.0,
            "floor": 19,
            "is_repurchased": false,
            "lease_price_list": [
                {
                    "lease": null,
                    "price": 344400
                }
            ],
            "unit": 50
        },
        {
            "area": 63.0,
            "floor": 20,
            "is_repurchased": false,
            "lease_price_list": [
                {
                    "lease": null,
                    "price": 345400
                }
            ],
            "unit": 50
        },
        {
            "area": 63.0,
            "floor": 22,
            "is_repurchased": false,
            "lease_price_list": [
                {
                    "lease": null,
                    "price": 347400
                }
            ],
            "unit": 50
        },
        {
            "area": 63.0,
            "floor": 23,
            "is_repurchased": false,
            "lease_price_list": [
                {
                    "lease": null,
                    "price": 348400
                }
            ],
            "unit": 50
        },
        {
            "area": 63.0,
            "floor": 24,
            "is_repurchased": false,
            "lease_price_list": [
                {
                    "lease": null,
                    "price": 349400
                }
            ],
            "unit": 50
        },
        {
            "area": 63.0,
            "floor": 25,
            "is_repurchased": false,
            "lease_price_list": [
                {
                    "lease": null,
                    "price": 350400
                }
            ],
            "unit": 50
        },
        {
            "area": 63.0,
            "floor": 26,
            "is_repurchased": false,
            "lease_price_list": [
                {
                    "lease": null,
                    "price": 351400
                }
            ],
            "unit": 50
        },
        {
            "area": 63.0,
            "floor": 27,
            "is_repurchased": false,
            "lease_price_list": [
                {
                    "lease": null,
                    "price": 352400
                }
            ],
            "unit": 50
        },
        {
            "area": 63.0,
            "floor": 28,
            "is_repurchased": false,
            "lease_price_list": [
                {
                    "lease": null,
                    "price": 353400
                }
            ],
            "unit": 50
        },
        {
            "area": 63.0,
            "floor": 29,
            "is_repurchased": false,
            "lease_price_list": [
                {
                    "lease": null,
                    "price": 354400
                }
            ],
            "unit": 50
        },
        {
            "area": 63.0,
            "floor": 30,
            "is_repurchased": false,
            "lease_price_list": [
                {
                    "lease": null,
                    "price": 355400
                }
            ],
            "unit": 50
        },
        {
            "area": 63.0,
            "floor": 31,
            "is_repurchased": false,
            "lease_price_list": [
                {
                    "lease": null,
                    "price": 356400
                }
            ],
            "unit": 50
        },
        {
            "area": 63.0,
            "floor": 32,
            "is_repurchased": false,
            "lease_price_list": [
                {
                    "lease": null,
                    "price": 360300
                }
            ],
            "unit": 50
        },
        {
            "area": 63.0,
            "floor": 34,
            "is_repurchased": false,
            "lease_price_list": [
                {
                    "lease": null,
                    "price": 365100
                }
            ],
            "unit": 50
        },
        {
            "area": 63.0,
            "floor": 35,
            "is_repurchased": false,
            "lease_price_list": [
                {
                    "lease": null,
                    "price": 366100
                }
            ],
            "unit": 50
        },
        {
            "area": 63.0,
            "floor": 37,
            "is_repurchased": false,
            "lease_price_list": [
                {
                    "lease": null,
                    "price": 371000
                }
            ],
            "unit": 50
        },
        {
            "area": 63.0,
            "floor": 38,
            "is_repurchased": false,
            "lease_price_list": [
                {
                    "lease": null,
                    "price": 374900
                }
            ],
            "unit": 50
        },
        {
            "area": 63.0,
            "floor": 39,
            "is_repurchased": false,
            "lease_price_list": [
                {
                    "lease": null,
                    "price": 381600
                }
            ],
            "unit": 50
        },
        {
            "area": 63.0,
            "floor": 40,
            "is_repurchased": false,
            "lease_price_list": [
                {
                    "lease": null,
                    "price": 382600
                }
            ],
            "unit": 50
        },
        {
            "area": 63.0,
            "floor": 41,
            "is_repurchased": false,
            "lease_price_list": [
                {
                    "lease": null,
                    "price": 383600
                }
            ],
            "unit": 50
        },
        {
            "area": 63.0,
            "floor": 42,
            "is_repurchased": false,
            "lease_price_list": [
                {
                    "lease": null,
                    "price": 387400
                }
            ],
            "unit": 50
        },
        {
            "area": 63.0,
            "floor": 14,
            "is_repurchased": false,
            "lease_price_list": [
                {
                    "lease": null,
                    "price": 339400
                }
            ],
            "unit": 52
        },
        {
            "area": 63.0,
            "floor": 18,
            "is_repurchased": false,
            "lease_price_list": [
                {
                    "lease": null,
                    "price": 343400
                }
            ],
            "unit": 52
        },
        {
            "area": 63.0,
            "floor": 22,
            "is_repurchased": false,
            "lease_price_list": [
                {
                    "lease": null,
                    "price": 347400
                }
            ],
            "unit": 52
        },
        {
            "area": 63.0,
            "floor": 23,
            "is_repurchased": false,
            "lease_price_list": [
                {
                    "lease": null,
                    "price": 348400
                }
            ],
            "unit": 52
        },
        {
            "area": 63.0,
            "floor": 24,
            "is_repurchased": false,
            "lease_price_list": [
                {
                    "lease": null,
                    "price": 349400
                }
            ],
            "unit": 52
        },
        {
            "area": 63.0,
            "floor": 25,
            "is_repurchased": false,
            "lease_price_list": [
                {
                    "lease": null,
                    "price": 350400
                }
            ],
            "unit": 52
        },
        {
            "area": 63.0,
            "floor": 27,
            "is_repurchased": false,
            "lease_price_list": [
                {
                    "lease": null,
                    "price": 352400
                }
            ],
            "unit": 52
        },
        {
            "area": 63.0,
            "floor": 31,
            "is_repurchased": false,
            "lease_price_list": [
                {
                    "lease": null,
                    "price": 356400
                }
            ],
            "unit": 52
        },
        {
            "area": 63.0,
            "floor": 32,
            "is_repurchased": false,
            "lease_price_list": [
                {
                    "lease": null,
                    "price": 360300
                }
            ],
            "unit": 52
        },
        {
            "area": 63.0,
            "floor": 34,
            "is_repurchased": false,
            "lease_price_list": [
                {
                    "lease": null,
                    "price": 365100
                }
            ],
            "unit": 52
        },
        {
            "area": 63.0,
            "floor": 35,
            "is_repurchased": false,
            "lease_price_list": [
                {
                    "lease": null,
                    "price": 366100
                }
            ],
            "unit": 52
        },
        {
            "area": 63.0,
            "floor": 37,
            "is_repurchased": false,
            "lease_price_list": [
                {
                    "lease": null,
                    "price": 371000
                }
            ],
            "unit": 52
        },
        {
            "area": 63.0,
            "floor": 38,
            "is_repurchased": false,
            "lease_price_list": [
                {
                    "lease": null,
                    "price": 374900
                }
            ],
            "unit": 52
        },
        {
            "area": 63.0,
            "floor": 10,
            "is_repurchased": false,
            "lease_price_list": [
                {
                    "lease": null,
                    "price": 341100
                }
            ],
            "unit": 54
        },
        {
            "area": 63.0,
            "floor": 11,
            "is_repurchased": false,
            "lease_price_list": [
                {
                    "lease": null,
                    "price": 342100
                }
            ],
            "unit": 54
        },
        {
            "area": 63.0,
            "floor": 12,
            "is_repurchased": false,
            "lease_price_list": [
                {
                    "lease": null,
                    "price": 343100
                }
            ],
            "unit": 54
        },
        {
            "area": 63.0,
            "floor": 13,
            "is_repurchased": false,
            "lease_price_list": [
                {
                    "lease": null,
                    "price": 344100
                }
            ],
            "unit": 54
        },
        {
            "area": 63.0,
            "floor": 14,
            "is_repurchased": false,
            "lease_price_list": [
                {
                    "lease": null,
                    "price": 345100
                }
            ],
            "unit": 54
        },
        {
            "area": 63.0,
            "floor": 17,
            "is_repurchased": false,
            "lease_price_list": [
                {
                    "lease": null,
                    "price": 348100
                }
            ],
            "unit": 54
        },
        {
            "area": 63.0,
            "floor": 19,
            "is_repurchased": false,
            "lease_price_list": [
                {
                    "lease": null,
                    "price": 350100
                }
            ],
            "unit": 54
        },
        {
            "area": 63.0,
            "floor": 21,
            "is_repurchased": false,
            "lease_price_list": [
                {
                    "lease": null,
                    "price": 352100
                }
            ],
            "unit": 54
        },
        {
            "area": 63.0,
            "floor": 22,
            "is_repurchased": false,
            "lease_price_list": [
                {
                    "lease": null,
                    "price": 353100
                }
            ],
            "unit": 54
        },
        {
            "area": 63.0,
            "floor": 23,
            "is_repurchased": false,
            "lease_price_list": [
                {
                    "lease": null,
                    "price": 354100
                }
            ],
            "unit": 54
        },
        {
            "area": 63.0,
            "floor": 24,
            "is_repurchased": false,
            "lease_price_list": [
                {
                    "lease": null,
                    "price": 355100
                }
            ],
            "unit": 54
        },
        {
            "area": 63.0,
            "floor": 25,
            "is_repurchased": false,
            "lease_price_list": [
                {
                    "lease": null,
                    "price": 356100
                }
            ],
            "unit": 54
        },
        {
            "area": 63.0,
            "floor": 26,
            "is_repurchased": false,
            "lease_price_list": [
                {
                    "lease": null,
                    "price": 357100
                }
            ],
            "unit": 54
        },
        {
            "area": 63.0,
            "floor": 27,
            "is_repurchased": false,
            "lease_price_list": [
                {
                    "lease": null,
                    "price": 358100
                }
            ],
            "unit": 54
        },
        {
            "area": 63.0,
            "floor": 29,
            "is_repurchased": false,
            "lease_price_list": [
                {
                    "lease": null,
                    "price": 360100
                }
            ],
            "unit": 54
        },
        {
            "area": 63.0,
            "floor": 30,
            "is_repurchased": false,
            "lease_price_list": [
                {
                    "lease": null,
                    "price": 361100
                }
            ],
            "unit": 54
        },
        {
            "area": 63.0,
            "floor": 31,
            "is_repurchased": false,
            "lease_price_list": [
                {
                    "lease": null,
                    "price": 362100
                }
            ],
            "unit": 54
        },
        {
            "area": 63.0,
            "floor": 32,
            "is_repurchased": false,
            "lease_price_list": [
                {
                    "lease": null,
                    "price": 363100
                }
            ],
            "unit": 54
        },
        {
            "area": 63.0,
            "floor": 34,
            "is_repurchased": false,
            "lease_price_list": [
                {
                    "lease": null,
                    "price": 365100
                }
            ],
            "unit": 54
        },
        {
            "area": 63.0,
            "floor": 35,
            "is_repurchased": false,
            "lease_price_list": [
                {
                    "lease": null,
                    "price": 366100
                }
            ],
            "unit": 54
        },
        {
            "area": 63.0,
            "floor": 36,
            "is_repurchased": false,
            "lease_price_list": [
                {
                    "lease": null,
                    "price": 367100
                }
            ],
            "unit": 54
        },
        {
            "area": 63.0,
            "floor": 37,
            "is_repurchased": false,
            "lease_price_list": [
                {
                    "lease": null,
                    "price": 368100
                }
            ],
            "unit": 54
        },
        {
            "area": 63.0,
            "floor": 38,
            "is_repurchased": false,
            "lease_price_list": [
                {
                    "lease": null,
                    "price": 368100
                }
            ],
            "unit": 54
        },
        {
            "area": 63.0,
            "floor": 11,
            "is_repurchased": false,
            "lease_price_list": [
                {
                    "lease": null,
                    "price": 342100
                }
            ],
            "unit": 56
        },
        {
            "area": 63.0,
            "floor": 12,
            "is_repurchased": false,
            "lease_price_list": [
                {
                    "lease": null,
                    "price": 343100
                }
            ],
            "unit": 56
        },
        {
            "area": 63.0,
            "floor": 13,
            "is_repurchased": false,
            "lease_price_list": [
                {
                    "lease": null,
                    "price": 344100
                }
            ],
            "unit": 56
        },
        {
            "area": 63.0,
            "floor": 14,
            "is_repurchased": false,
            "lease_price_list": [
                {
                    "lease": null,
                    "price": 345100
                }
            ],
            "unit": 56
        },
        {
            "area": 63.0,
            "floor": 15,
            "is_repurchased": false,
            "lease_price_list": [
                {
                    "lease": null,
                    "price": 346100
                }
            ],
            "unit": 56
        },
        {
            "area": 63.0,
            "floor": 17,
            "is_repurchased": false,
            "lease_price_list": [
                {
                    "lease": null,
                    "price": 348100
                }
            ],
            "unit": 56
        },
        {
            "area": 63.0,
            "floor": 18,
            "is_repurchased": false,
            "lease_price_list": [
                {
                    "lease": null,
                    "price": 349100
                }
            ],
            "unit": 56
        },
        {
            "area": 63.0,
            "floor": 19,
            "is_repurchased": false,
            "lease_price_list": [
                {
                    "lease": null,
                    "price": 350100
                }
            ],
            "unit": 56
        },
        {
            "area": 63.0,
            "floor": 20,
            "is_repurchased": false,
            "lease_price_list": [
                {
                    "lease": null,
                    "price": 351100
                }
            ],
            "unit": 56
        },
        {
            "area": 63.0,
            "floor": 21,
            "is_repurchased": false,
            "lease_price_list": [
                {
                    "lease": null,
                    "price": 352100
                }
            ],
            "unit": 56
        },
        {
            "area": 63.0,
            "floor": 22,
            "is_repurchased": false,
            "lease_price_list": [
                {
                    "lease": null,
                    "price": 353100
                }
            ],
            "unit": 56
        },
        {
            "area": 63.0,
            "floor": 23,
            "is_repurchased": false,
            "lease_price_list": [
                {
                    "lease": null,
                    "price": 354100
                }
            ],
            "unit": 56
        },
        {
            "area": 63.0,
            "floor": 24,
            "is_repurchased": false,
            "lease_price_list": [
                {
                    "lease": null,
                    "price": 355100
                }
            ],
            "unit": 56
        },
        {
            "area": 63.0,
            "floor": 25,
            "is_repurchased": false,
            "lease_price_list": [
                {
                    "lease": null,
                    "price": 356100
                }
            ],
            "unit": 56
        },
        {
            "area": 63.0,
            "floor": 26,
            "is_repurchased": false,
            "lease_price_list": [
                {
                    "lease": null,
                    "price": 357100
                }
            ],
            "unit": 56
        },
        {
            "area": 63.0,
            "floor": 27,
            "is_repurchased": false,
            "lease_price_list": [
                {
                    "lease": null,
                    "price": 358100
                }
            ],
            "unit": 56
        },
        {
            "area": 63.0,
            "floor": 29,
            "is_repurchased": false,
            "lease_price_list": [
                {
                    "lease": null,
                    "price": 360100
                }
            ],
            "unit": 56
        },
        {
            "area": 63.0,
            "floor": 30,
            "is_repurchased": false,
            "lease_price_list": [
                {
                    "lease": null,
                    "price": 361100
                }
            ],
            "unit": 56
        },
        {
            "area": 63.0,
            "floor": 31,
            "is_repurchased": false,
            "lease_price_list": [
                {
                    "lease": null,
                    "price": 362100
                }
            ],
            "unit": 56
        },
        {
            "area": 63.0,
            "floor": 32,
            "is_repurchased": false,
            "lease_price_list": [
                {
                    "lease": null,
                    "price": 363100
                }
            ],
            "unit": 56
        },
        {
            "area": 63.0,
            "floor": 34,
            "is_repurchased": false,
            "lease_price_list": [
                {
                    "lease": null,
                    "price": 365100
                }
            ],
            "unit": 56
        },
        {
            "area": 63.0,
            "floor": 35,
            "is_repurchased": false,
            "lease_price_list": [
                {
                    "lease": null,
                    "price": 366100
                }
            ],
            "unit": 56
        },
        {
            "area": 63.0,
            "floor": 36,
            "is_repurchased": false,
            "lease_price_list": [
                {
                    "lease": null,
                    "price": 367100
                }
            ],
            "unit": 56
        },
        {
            "area": 63.0,
            "floor": 37,
            "is_repurchased": false,
            "lease_price_list": [
                {
                    "lease": null,
                    "price": 368100
                }
            ],
            "unit": 56
        },
        {
            "area": 63.0,
            "floor": 38,
            "is_repurchased": false,
            "lease_price_list": [
                {
                    "lease": null,
                    "price": 368100
                }
            ],
            "unit": 56
        }
    ],
    "block_code": {
        "block_num": "94",
        "contract": "C5",
        "neighbourhood": "N1"
    },
    "dpd_date": "30 Sep 2021",
    "flat_type": "3-Room",
    "lcd_date": "-",
    "pcd_date": "3Q/2020",
    "quota_chinese": 75,
    "quota_malay": 14,
    "quota_other": 29,
    "street": "DAWSON RD",
    "town": "Queenstown"
},
{
    "apartments": [
        {
            "area": 63.0,
            "floor": 11,
            "is_repurchased": false,
            "lease_price_list": [
                {
                    "lease": null,
                    "price": 336400
                }
            ],
            "unit": 58
        },
        {
            "area": 63.0,
            "floor": 13,
            "is_repurchased": false,
            "lease_price_list": [
                {
                    "lease": null,
                    "price": 338400
                }
            ],
            "unit": 58
        },
        {
            "area": 63.0,
            "floor": 14,
            "is_repurchased": false,
            "lease_price_list": [
                {
                    "lease": null,
                    "price": 339400
                }
            ],
            "unit": 58
        },
        {
            "area": 63.0,
            "floor": 15,
            "is_repurchased": false,
            "lease_price_list": [
                {
                    "lease": null,
                    "price": 340400
                }
            ],
            "unit": 58
        },
        {
            "area": 63.0,
            "floor": 16,
            "is_repurchased": false,
            "lease_price_list": [
                {
                    "lease": null,
                    "price": 341400
                }
            ],
            "unit": 58
        },
        {
            "area": 63.0,
            "floor": 17,
            "is_repurchased": false,
            "lease_price_list": [
                {
                    "lease": null,
                    "price": 342400
                }
            ],
            "unit": 58
        },
        {
            "area": 63.0,
            "floor": 18,
            "is_repurchased": false,
            "lease_price_list": [
                {
                    "lease": null,
                    "price": 343400
                }
            ],
            "unit": 58
        },
        {
            "area": 63.0,
            "floor": 19,
            "is_repurchased": false,
            "lease_price_list": [
                {
                    "lease": null,
                    "price": 344400
                }
            ],
            "unit": 58
        },
        {
            "area": 63.0,
            "floor": 20,
            "is_repurchased": false,
            "lease_price_list": [
                {
                    "lease": null,
                    "price": 345400
                }
            ],
            "unit": 58
        },
        {
            "area": 63.0,
            "floor": 21,
            "is_repurchased": false,
            "lease_price_list": [
                {
                    "lease": null,
                    "price": 346400
                }
            ],
            "unit": 58
        },
        {
            "area": 63.0,
            "floor": 22,
            "is_repurchased": false,
            "lease_price_list": [
                {
                    "lease": null,
                    "price": 347400
                }
            ],
            "unit": 58
        },
        {
            "area": 63.0,
            "floor": 24,
            "is_repurchased": false,
            "lease_price_list": [
                {
                    "lease": null,
                    "price": 349400
                }
            ],
            "unit": 58
        },
        {
            "area": 63.0,
            "floor": 25,
            "is_repurchased": false,
            "lease_price_list": [
                {
                    "lease": null,
                    "price": 350400
                }
            ],
            "unit": 58
        },
        {
            "area": 63.0,
            "floor": 26,
            "is_repurchased": false,
            "lease_price_list": [
                {
                    "lease": null,
                    "price": 351400
                }
            ],
            "unit": 58
        },
        {
            "area": 63.0,
            "floor": 27,
            "is_repurchased": false,
            "lease_price_list": [
                {
                    "lease": null,
                    "price": 352400
                }
            ],
            "unit": 58
        },
        {
            "area": 63.0,
            "floor": 28,
            "is_repurchased": false,
            "lease_price_list": [
                {
                    "lease": null,
                    "price": 353400
                }
            ],
            "unit": 58
        },
        {
            "area": 63.0,
            "floor": 29,
            "is_repurchased": false,
            "lease_price_list": [
                {
                    "lease": null,
                    "price": 354400
                }
            ],
            "unit": 58
        },
        {
            "area": 63.0,
            "floor": 30,
            "is_repurchased": false,
            "lease_price_list": [
                {
                    "lease": null,
                    "price": 355400
                }
            ],
            "unit": 58
        },
        {
            "area": 63.0,
            "floor": 31,
            "is_repurchased": false,
            "lease_price_list": [
                {
                    "lease": null,
                    "price": 356400
                }
            ],
            "unit": 58
        },
        {
            "area": 63.0,
            "floor": 32,
            "is_repurchased": false,
            "lease_price_list": [
                {
                    "lease": null,
                    "price": 360300
                }
            ],
            "unit": 58
        },
        {
            "area": 63.0,
            "floor": 33,
            "is_repurchased": false,
            "lease_price_list": [
                {
                    "lease": null,
                    "price": 364100
                }
            ],
            "unit": 58
        },
        {
            "area": 63.0,
            "floor": 34,
            "is_repurchased": false,
            "lease_price_list": [
                {
                    "lease": null,
                    "price": 365100
                }
            ],
            "unit": 58
        },
        {
            "area": 63.0,
            "floor": 4,
            "is_repurchased": false,
            "lease_price_list": [
                {
                    "lease": null,
                    "price": 322900
                }
            ],
            "unit": 60
        },
        {
            "area": 63.0,
            "floor": 9,
            "is_repurchased": false,
            "lease_price_list": [
                {
                    "lease": null,
                    "price": 334400
                }
            ],
            "unit": 60
        },
        {
            "area": 63.0,
            "floor": 13,
            "is_repurchased": false,
            "lease_price_list": [
                {
                    "lease": null,
                    "price": 338400
                }
            ],
            "unit": 60
        },
        {
            "area": 63.0,
            "floor": 14,
            "is_repurchased": false,
            "lease_price_list": [
                {
                    "lease": null,
                    "price": 339400
                }
            ],
            "unit": 60
        },
        {
            "area": 63.0,
            "floor": 17,
            "is_repurchased": false,
            "lease_price_list": [
                {
                    "lease": null,
                    "price": 342400
                }
            ],
            "unit": 60
        },
        {
            "area": 63.0,
            "floor": 19,
            "is_repurchased": false,
            "lease_price_list": [
                {
                    "lease": null,
                    "price": 344400
                }
            ],
            "unit": 60
        },
        {
            "area": 63.0,
            "floor": 20,
            "is_repurchased": false,
            "lease_price_list": [
                {
                    "lease": null,
                    "price": 345400
                }
            ],
            "unit": 60
        },
        {
            "area": 63.0,
            "floor": 21,
            "is_repurchased": false,
            "lease_price_list": [
                {
                    "lease": null,
                    "price": 346400
                }
            ],
            "unit": 60
        },
        {
            "area": 63.0,
            "floor": 22,
            "is_repurchased": false,
            "lease_price_list": [
                {
                    "lease": null,
                    "price": 347400
                }
            ],
            "unit": 60
        },
        {
            "area": 63.0,
            "floor": 23,
            "is_repurchased": false,
            "lease_price_list": [
                {
                    "lease": null,
                    "price": 348400
                }
            ],
            "unit": 60
        },
        {
            "area": 63.0,
            "floor": 24,
            "is_repurchased": false,
            "lease_price_list": [
                {
                    "lease": null,
                    "price": 349400
                }
            ],
            "unit": 60
        },
        {
            "area": 63.0,
            "floor": 25,
            "is_repurchased": false,
            "lease_price_list": [
                {
                    "lease": null,
                    "price": 350400
                }
            ],
            "unit": 60
        },
        {
            "area": 63.0,
            "floor": 26,
            "is_repurchased": false,
            "lease_price_list": [
                {
                    "lease": null,
                    "price": 351400
                }
            ],
            "unit": 60
        },
        {
            "area": 63.0,
            "floor": 27,
            "is_repurchased": false,
            "lease_price_list": [
                {
                    "lease": null,
                    "price": 352400
                }
            ],
            "unit": 60
        },
        {
            "area": 63.0,
            "floor": 28,
            "is_repurchased": false,
            "lease_price_list": [
                {
                    "lease": null,
                    "price": 353400
                }
            ],
            "unit": 60
        },
        {
            "area": 63.0,
            "floor": 29,
            "is_repurchased": false,
            "lease_price_list": [
                {
                    "lease": null,
                    "price": 354400
                }
            ],
            "unit": 60
        },
        {
            "area": 63.0,
            "floor": 31,
            "is_repurchased": false,
            "lease_price_list": [
                {
                    "lease": null,
                    "price": 356400
                }
            ],
            "unit": 60
        },
        {
            "area": 63.0,
            "floor": 32,
            "is_repurchased": false,
            "lease_price_list": [
                {
                    "lease": null,
                    "price": 360300
                }
            ],
            "unit": 60
        },
        {
            "area": 63.0,
            "floor": 33,
            "is_repurchased": false,
            "lease_price_list": [
                {
                    "lease": null,
                    "price": 364100
                }
            ],
            "unit": 60
        },
        {
            "area": 63.0,
            "floor": 34,
            "is_repurchased": false,
            "lease_price_list": [
                {
                    "lease": null,
                    "price": 365100
                }
            ],
            "unit": 60
        },
        {
            "area": 63.0,
            "floor": 9,
            "is_repurchased": false,
            "lease_price_list": [
                {
                    "lease": null,
                    "price": 334400
                }
            ],
            "unit": 70
        },
        {
            "area": 63.0,
            "floor": 11,
            "is_repurchased": false,
            "lease_price_list": [
                {
                    "lease": null,
                    "price": 336400
                }
            ],
            "unit": 70
        },
        {
            "area": 63.0,
            "floor": 12,
            "is_repurchased": false,
            "lease_price_list": [
                {
                    "lease": null,
                    "price": 337400
                }
            ],
            "unit": 70
        },
        {
            "area": 63.0,
            "floor": 13,
            "is_repurchased": false,
            "lease_price_list": [
                {
                    "lease": null,
                    "price": 338400
                }
            ],
            "unit": 70
        },
        {
            "area": 63.0,
            "floor": 14,
            "is_repurchased": false,
            "lease_price_list": [
                {
                    "lease": null,
                    "price": 339400
                }
            ],
            "unit": 70
        },
        {
            "area": 63.0,
            "floor": 16,
            "is_repurchased": false,
            "lease_price_list": [
                {
                    "lease": null,
                    "price": 341400
                }
            ],
            "unit": 70
        },
        {
            "area": 63.0,
            "floor": 18,
            "is_repurchased": false,
            "lease_price_list": [
                {
                    "lease": null,
                    "price": 343400
                }
            ],
            "unit": 70
        },
        {
            "area": 63.0,
            "floor": 19,
            "is_repurchased": false,
            "lease_price_list": [
                {
                    "lease": null,
                    "price": 344400
                }
            ],
            "unit": 70
        },
        {
            "area": 63.0,
            "floor": 20,
            "is_repurchased": false,
            "lease_price_list": [
                {
                    "lease": null,
                    "price": 345400
                }
            ],
            "unit": 70
        },
        {
            "area": 63.0,
            "floor": 21,
            "is_repurchased": false,
            "lease_price_list": [
                {
                    "lease": null,
                    "price": 346400
                }
            ],
            "unit": 70
        },
        {
            "area": 63.0,
            "floor": 22,
            "is_repurchased": false,
            "lease_price_list": [
                {
                    "lease": null,
                    "price": 347400
                }
            ],
            "unit": 70
        },
        {
            "area": 63.0,
            "floor": 23,
            "is_repurchased": false,
            "lease_price_list": [
                {
                    "lease": null,
                    "price": 348400
                }
            ],
            "unit": 70
        },
        {
            "area": 63.0,
            "floor": 24,
            "is_repurchased": false,
            "lease_price_list": [
                {
                    "lease": null,
                    "price": 349400
                }
            ],
            "unit": 70
        },
        {
            "area": 63.0,
            "floor": 25,
            "is_repurchased": false,
            "lease_price_list": [
                {
                    "lease": null,
                    "price": 350400
                }
            ],
            "unit": 70
        },
        {
            "area": 63.0,
            "floor": 26,
            "is_repurchased": false,
            "lease_price_list": [
                {
                    "lease": null,
                    "price": 351400
                }
            ],
            "unit": 70
        },
        {
            "area": 63.0,
            "floor": 27,
            "is_repurchased": false,
            "lease_price_list": [
                {
                    "lease": null,
                    "price": 352400
                }
            ],
            "unit": 70
        },
        {
            "area": 63.0,
            "floor": 28,
            "is_repurchased": false,
            "lease_price_list": [
                {
                    "lease": null,
                    "price": 353400
                }
            ],
            "unit": 70
        },
        {
            "area": 63.0,
            "floor": 29,
            "is_repurchased": false,
            "lease_price_list": [
                {
                    "lease": null,
                    "price": 354400
                }
            ],
            "unit": 70
        },
        {
            "area": 63.0,
            "floor": 30,
            "is_repurchased": false,
            "lease_price_list": [
                {
                    "lease": null,
                    "price": 355400
                }
            ],
            "unit": 70
        },
        {
            "area": 63.0,
            "floor": 31,
            "is_repurchased": false,
            "lease_price_list": [
                {
                    "lease": null,
                    "price": 356400
                }
            ],
            "unit": 70
        },
        {
            "area": 63.0,
            "floor": 32,
            "is_repurchased": false,
            "lease_price_list": [
                {
                    "lease": null,
                    "price": 360300
                }
            ],
            "unit": 70
        },
        {
            "area": 63.0,
            "floor": 33,
            "is_repurchased": false,
            "lease_price_list": [
                {
                    "lease": null,
                    "price": 364100
                }
            ],
            "unit": 70
        },
        {
            "area": 63.0,
            "floor": 4,
            "is_repurchased": false,
            "lease_price_list": [
                {
                    "lease": null,
                    "price": 317200
                }
            ],
            "unit": 72
        },
        {
            "area": 63.0,
            "floor": 9,
            "is_repurchased": false,
            "lease_price_list": [
                {
                    "lease": null,
                    "price": 334400
                }
            ],
            "unit": 72
        },
        {
            "area": 63.0,
            "floor": 10,
            "is_repurchased": false,
            "lease_price_list": [
                {
                    "lease": null,
                    "price": 335400
                }
            ],
            "unit": 72
        },
        {
            "area": 63.0,
            "floor": 11,
            "is_repurchased": false,
            "lease_price_list": [
                {
                    "lease": null,
                    "price": 336400
                }
            ],
            "unit": 72
        },
        {
            "area": 63.0,
            "floor": 12,
            "is_repurchased": false,
            "lease_price_list": [
                {
                    "lease": null,
                    "price": 337400
                }
            ],
            "unit": 72
        },
        {
            "area": 63.0,
            "floor": 13,
            "is_repurchased": false,
            "lease_price_list": [
                {
                    "lease": null,
                    "price": 338400
                }
            ],
            "unit": 72
        },
        {
            "area": 63.0,
            "floor": 14,
            "is_repurchased": false,
            "lease_price_list": [
                {
                    "lease": null,
                    "price": 339400
                }
            ],
            "unit": 72
        },
        {
            "area": 63.0,
            "floor": 15,
            "is_repurchased": false,
            "lease_price_list": [
                {
                    "lease": null,
                    "price": 340400
                }
            ],
            "unit": 72
        },
        {
            "area": 63.0,
            "floor": 16,
            "is_repurchased": false,
            "lease_price_list": [
                {
                    "lease": null,
                    "price": 341400
                }
            ],
            "unit": 72
        },
        {
            "area": 63.0,
            "floor": 17,
            "is_repurchased": false,
            "lease_price_list": [
                {
                    "lease": null,
                    "price": 342400
                }
            ],
            "unit": 72
        },
        {
            "area": 63.0,
            "floor": 18,
            "is_repurchased": false,
            "lease_price_list": [
                {
                    "lease": null,
                    "price": 343400
                }
            ],
            "unit": 72
        },
        {
            "area": 63.0,
            "floor": 19,
            "is_repurchased": false,
            "lease_price_list": [
                {
                    "lease": null,
                    "price": 344400
                }
            ],
            "unit": 72
        },
        {
            "area": 63.0,
            "floor": 20,
            "is_repurchased": false,
            "lease_price_list": [
                {
                    "lease": null,
                    "price": 345400
                }
            ],
            "unit": 72
        },
        {
            "area": 63.0,
            "floor": 21,
            "is_repurchased": false,
            "lease_price_list": [
                {
                    "lease": null,
                    "price": 346400
                }
            ],
            "unit": 72
        },
        {
            "area": 63.0,
            "floor": 22,
            "is_repurchased": false,
            "lease_price_list": [
                {
                    "lease": null,
                    "price": 347400
                }
            ],
            "unit": 72
        },
        {
            "area": 63.0,
            "floor": 23,
            "is_repurchased": false,
            "lease_price_list": [
                {
                    "lease": null,
                    "price": 348400
                }
            ],
            "unit": 72
        },
        {
            "area": 63.0,
            "floor": 24,
            "is_repurchased": false,
            "lease_price_list": [
                {
                    "lease": null,
                    "price": 349400
                }
            ],
            "unit": 72
        },
        {
            "area": 63.0,
            "floor": 25,
            "is_repurchased": false,
            "lease_price_list": [
                {
                    "lease": null,
                    "price": 350400
                }
            ],
            "unit": 72
        },
        {
            "area": 63.0,
            "floor": 26,
            "is_repurchased": false,
            "lease_price_list": [
                {
                    "lease": null,
                    "price": 351400
                }
            ],
            "unit": 72
        },
        {
            "area": 63.0,
            "floor": 27,
            "is_repurchased": false,
            "lease_price_list": [
                {
                    "lease": null,
                    "price": 352400
                }
            ],
            "unit": 72
        },
        {
            "area": 63.0,
            "floor": 28,
            "is_repurchased": false,
            "lease_price_list": [
                {
                    "lease": null,
                    "price": 353400
                }
            ],
            "unit": 72
        },
        {
            "area": 63.0,
            "floor": 29,
            "is_repurchased": false,
            "lease_price_list": [
                {
                    "lease": null,
                    "price": 354400
                }
            ],
            "unit": 72
        },
        {
            "area": 63.0,
            "floor": 30,
            "is_repurchased": false,
            "lease_price_list": [
                {
                    "lease": null,
                    "price": 355400
                }
            ],
            "unit": 72
        },
        {
            "area": 63.0,
            "floor": 31,
            "is_repurchased": false,
            "lease_price_list": [
                {
                    "lease": null,
                    "price": 356400
                }
            ],
            "unit": 72
        },
        {
            "area": 63.0,
            "floor": 32,
            "is_repurchased": false,
            "lease_price_list": [
                {
                    "lease": null,
                    "price": 360300
                }
            ],
            "unit": 72
        },
        {
            "area": 63.0,
            "floor": 33,
            "is_repurchased": false,
            "lease_price_list": [
                {
                    "lease": null,
                    "price": 364100
                }
            ],
            "unit": 72
        },
        {
            "area": 63.0,
            "floor": 34,
            "is_repurchased": false,
            "lease_price_list": [
                {
                    "lease": null,
                    "price": 365100
                }
            ],
            "unit": 72
        }
    ],
    "block_code": {
        "block_num": "95",
        "contract": "C5",
        "neighbourhood": "N1"
    },
    "dpd_date": "30 Sep 2021",
    "flat_type": "3-Room",
    "lcd_date": "-",
    "pcd_date": "3Q/2020",
    "quota_chinese": 84,
    "quota_malay": 15,
    "quota_other": 31,
    "street": "DAWSON RD",
    "town": "Queenstown"
},
{
    "apartments": [
        {
            "area": 63.0,
            "floor": 10,
            "is_repurchased": false,
            "lease_price_list": [
                {
                    "lease": null,
                    "price": 341100
                }
            ],
            "unit": 74
        },
        {
            "area": 63.0,
            "floor": 11,
            "is_repurchased": false,
            "lease_price_list": [
                {
                    "lease": null,
                    "price": 342100
                }
            ],
            "unit": 74
        },
        {
            "area": 63.0,
            "floor": 12,
            "is_repurchased": false,
            "lease_price_list": [
                {
                    "lease": null,
                    "price": 343100
                }
            ],
            "unit": 74
        },
        {
            "area": 63.0,
            "floor": 13,
            "is_repurchased": false,
            "lease_price_list": [
                {
                    "lease": null,
                    "price": 344100
                }
            ],
            "unit": 74
        },
        {
            "area": 63.0,
            "floor": 14,
            "is_repurchased": false,
            "lease_price_list": [
                {
                    "lease": null,
                    "price": 345100
                }
            ],
            "unit": 74
        },
        {
            "area": 63.0,
            "floor": 15,
            "is_repurchased": false,
            "lease_price_list": [
                {
                    "lease": null,
                    "price": 346100
                }
            ],
            "unit": 74
        },
        {
            "area": 63.0,
            "floor": 17,
            "is_repurchased": false,
            "lease_price_list": [
                {
                    "lease": null,
                    "price": 348100
                }
            ],
            "unit": 74
        },
        {
            "area": 63.0,
            "floor": 18,
            "is_repurchased": false,
            "lease_price_list": [
                {
                    "lease": null,
                    "price": 349100
                }
            ],
            "unit": 74
        },
        {
            "area": 63.0,
            "floor": 19,
            "is_repurchased": false,
            "lease_price_list": [
                {
                    "lease": null,
                    "price": 350100
                }
            ],
            "unit": 74
        },
        {
            "area": 63.0,
            "floor": 21,
            "is_repurchased": false,
            "lease_price_list": [
                {
                    "lease": null,
                    "price": 352100
                }
            ],
            "unit": 74
        },
        {
            "area": 63.0,
            "floor": 22,
            "is_repurchased": false,
            "lease_price_list": [
                {
                    "lease": null,
                    "price": 353100
                }
            ],
            "unit": 74
        },
        {
            "area": 63.0,
            "floor": 23,
            "is_repurchased": false,
            "lease_price_list": [
                {
                    "lease": null,
                    "price": 354100
                }
            ],
            "unit": 74
        },
        {
            "area": 63.0,
            "floor": 24,
            "is_repurchased": false,
            "lease_price_list": [
                {
                    "lease": null,
                    "price": 355100
                }
            ],
            "unit": 74
        },
        {
            "area": 63.0,
            "floor": 25,
            "is_repurchased": false,
            "lease_price_list": [
                {
                    "lease": null,
                    "price": 356100
                }
            ],
            "unit": 74
        },
        {
            "area": 63.0,
            "floor": 26,
            "is_repurchased": false,
            "lease_price_list": [
                {
                    "lease": null,
                    "price": 357100
                }
            ],
            "unit": 74
        },
        {
            "area": 63.0,
            "floor": 27,
            "is_repurchased": false,
            "lease_price_list": [
                {
                    "lease": null,
                    "price": 358100
                }
            ],
            "unit": 74
        },
        {
            "area": 63.0,
            "floor": 29,
            "is_repurchased": false,
            "lease_price_list": [
                {
                    "lease": null,
                    "price": 360100
                }
            ],
            "unit": 74
        },
        {
            "area": 63.0,
            "floor": 30,
            "is_repurchased": false,
            "lease_price_list": [
                {
                    "lease": null,
                    "price": 361100
                }
            ],
            "unit": 74
        },
        {
            "area": 63.0,
            "floor": 31,
            "is_repurchased": false,
            "lease_price_list": [
                {
                    "lease": null,
                    "price": 362100
                }
            ],
            "unit": 74
        },
        {
            "area": 63.0,
            "floor": 32,
            "is_repurchased": false,
            "lease_price_list": [
                {
                    "lease": null,
                    "price": 363100
                }
            ],
            "unit": 74
        },
        {
            "area": 63.0,
            "floor": 34,
            "is_repurchased": false,
            "lease_price_list": [
                {
                    "lease": null,
                    "price": 365100
                }
            ],
            "unit": 74
        },
        {
            "area": 63.0,
            "floor": 35,
            "is_repurchased": false,
            "lease_price_list": [
                {
                    "lease": null,
                    "price": 366100
                }
            ],
            "unit": 74
        },
        {
            "area": 63.0,
            "floor": 37,
            "is_repurchased": false,
            "lease_price_list": [
                {
                    "lease": null,
                    "price": 368100
                }
            ],
            "unit": 74
        },
        {
            "area": 63.0,
            "floor": 38,
            "is_repurchased": false,
            "lease_price_list": [
                {
                    "lease": null,
                    "price": 368100
                }
            ],
            "unit": 74
        },
        {
            "area": 63.0,
            "floor": 11,
            "is_repurchased": false,
            "lease_price_list": [
                {
                    "lease": null,
                    "price": 342100
                }
            ],
            "unit": 76
        },
        {
            "area": 63.0,
            "floor": 12,
            "is_repurchased": false,
            "lease_price_list": [
                {
                    "lease": null,
                    "price": 343100
                }
            ],
            "unit": 76
        },
        {
            "area": 63.0,
            "floor": 14,
            "is_repurchased": false,
            "lease_price_list": [
                {
                    "lease": null,
                    "price": 345100
                }
            ],
            "unit": 76
        },
        {
            "area": 63.0,
            "floor": 15,
            "is_repurchased": false,
            "lease_price_list": [
                {
                    "lease": null,
                    "price": 346100
                }
            ],
            "unit": 76
        },
        {
            "area": 63.0,
            "floor": 17,
            "is_repurchased": false,
            "lease_price_list": [
                {
                    "lease": null,
                    "price": 348100
                }
            ],
            "unit": 76
        },
        {
            "area": 63.0,
            "floor": 18,
            "is_repurchased": false,
            "lease_price_list": [
                {
                    "lease": null,
                    "price": 349100
                }
            ],
            "unit": 76
        },
        {
            "area": 63.0,
            "floor": 19,
            "is_repurchased": false,
            "lease_price_list": [
                {
                    "lease": null,
                    "price": 350100
                }
            ],
            "unit": 76
        },
        {
            "area": 63.0,
            "floor": 20,
            "is_repurchased": false,
            "lease_price_list": [
                {
                    "lease": null,
                    "price": 351100
                }
            ],
            "unit": 76
        },
        {
            "area": 63.0,
            "floor": 21,
            "is_repurchased": false,
            "lease_price_list": [
                {
                    "lease": null,
                    "price": 352100
                }
            ],
            "unit": 76
        },
        {
            "area": 63.0,
            "floor": 22,
            "is_repurchased": false,
            "lease_price_list": [
                {
                    "lease": null,
                    "price": 353100
                }
            ],
            "unit": 76
        },
        {
            "area": 63.0,
            "floor": 23,
            "is_repurchased": false,
            "lease_price_list": [
                {
                    "lease": null,
                    "price": 354100
                }
            ],
            "unit": 76
        },
        {
            "area": 63.0,
            "floor": 24,
            "is_repurchased": false,
            "lease_price_list": [
                {
                    "lease": null,
                    "price": 355100
                }
            ],
            "unit": 76
        },
        {
            "area": 63.0,
            "floor": 25,
            "is_repurchased": false,
            "lease_price_list": [
                {
                    "lease": null,
                    "price": 356100
                }
            ],
            "unit": 76
        },
        {
            "area": 63.0,
            "floor": 26,
            "is_repurchased": false,
            "lease_price_list": [
                {
                    "lease": null,
                    "price": 357100
                }
            ],
            "unit": 76
        },
        {
            "area": 63.0,
            "floor": 27,
            "is_repurchased": false,
            "lease_price_list": [
                {
                    "lease": null,
                    "price": 358100
                }
            ],
            "unit": 76
        },
        {
            "area": 63.0,
            "floor": 28,
            "is_repurchased": false,
            "lease_price_list": [
                {
                    "lease": null,
                    "price": 359100
                }
            ],
            "unit": 76
        },
        {
            "area": 63.0,
            "floor": 29,
            "is_repurchased": false,
            "lease_price_list": [
                {
                    "lease": null,
                    "price": 360100
                }
            ],
            "unit": 76
        },
        {
            "area": 63.0,
            "floor": 30,
            "is_repurchased": false,
            "lease_price_list": [
                {
                    "lease": null,
                    "price": 361100
                }
            ],
            "unit": 76
        },
        {
            "area": 63.0,
            "floor": 31,
            "is_repurchased": false,
            "lease_price_list": [
                {
                    "lease": null,
                    "price": 362100
                }
            ],
            "unit": 76
        },
        {
            "area": 63.0,
            "floor": 32,
            "is_repurchased": false,
            "lease_price_list": [
                {
                    "lease": null,
                    "price": 363100
                }
            ],
            "unit": 76
        },
        {
            "area": 63.0,
            "floor": 34,
            "is_repurchased": false,
            "lease_price_list": [
                {
                    "lease": null,
                    "price": 365100
                }
            ],
            "unit": 76
        },
        {
            "area": 63.0,
            "floor": 35,
            "is_repurchased": false,
            "lease_price_list": [
                {
                    "lease": null,
                    "price": 366100
                }
            ],
            "unit": 76
        },
        {
            "area": 63.0,
            "floor": 36,
            "is_repurchased": false,
            "lease_price_list": [
                {
                    "lease": null,
                    "price": 367100
                }
            ],
            "unit": 76
        },
        {
            "area": 63.0,
            "floor": 37,
            "is_repurchased": false,
            "lease_price_list": [
                {
                    "lease": null,
                    "price": 368100
                }
            ],
            "unit": 76
        },
        {
            "area": 63.0,
            "floor": 38,
            "is_repurchased": false,
            "lease_price_list": [
                {
                    "lease": null,
                    "price": 368100
                }
            ],
            "unit": 76
        },
        {
            "area": 63.0,
            "floor": 4,
            "is_repurchased": false,
            "lease_price_list": [
                {
                    "lease": null,
                    "price": 322900
                }
            ],
            "unit": 78
        },
        {
            "area": 63.0,
            "floor": 14,
            "is_repurchased": false,
            "lease_price_list": [
                {
                    "lease": null,
                    "price": 339400
                }
            ],
            "unit": 78
        },
        {
            "area": 63.0,
            "floor": 24,
            "is_repurchased": false,
            "lease_price_list": [
                {
                    "lease": null,
                    "price": 349400
                }
            ],
            "unit": 78
        },
        {
            "area": 63.0,
            "floor": 25,
            "is_repurchased": false,
            "lease_price_list": [
                {
                    "lease": null,
                    "price": 350400
                }
            ],
            "unit": 78
        },
        {
            "area": 63.0,
            "floor": 31,
            "is_repurchased": false,
            "lease_price_list": [
                {
                    "lease": null,
                    "price": 356400
                }
            ],
            "unit": 78
        },
        {
            "area": 63.0,
            "floor": 34,
            "is_repurchased": false,
            "lease_price_list": [
                {
                    "lease": null,
                    "price": 365100
                }
            ],
            "unit": 78
        },
        {
            "area": 63.0,
            "floor": 35,
            "is_repurchased": false,
            "lease_price_list": [
                {
                    "lease": null,
                    "price": 366100
                }
            ],
            "unit": 78
        },
        {
            "area": 63.0,
            "floor": 41,
            "is_repurchased": false,
            "lease_price_list": [
                {
                    "lease": null,
                    "price": 383600
                }
            ],
            "unit": 78
        },
        {
            "area": 63.0,
            "floor": 4,
            "is_repurchased": false,
            "lease_price_list": [
                {
                    "lease": null,
                    "price": 322900
                }
            ],
            "unit": 80
        },
        {
            "area": 63.0,
            "floor": 9,
            "is_repurchased": false,
            "lease_price_list": [
                {
                    "lease": null,
                    "price": 334400
                }
            ],
            "unit": 80
        },
        {
            "area": 63.0,
            "floor": 11,
            "is_repurchased": false,
            "lease_price_list": [
                {
                    "lease": null,
                    "price": 336400
                }
            ],
            "unit": 80
        },
        {
            "area": 63.0,
            "floor": 13,
            "is_repurchased": false,
            "lease_price_list": [
                {
                    "lease": null,
                    "price": 338400
                }
            ],
            "unit": 80
        },
        {
            "area": 63.0,
            "floor": 14,
            "is_repurchased": false,
            "lease_price_list": [
                {
                    "lease": null,
                    "price": 339400
                }
            ],
            "unit": 80
        },
        {
            "area": 63.0,
            "floor": 15,
            "is_repurchased": false,
            "lease_price_list": [
                {
                    "lease": null,
                    "price": 340400
                }
            ],
            "unit": 80
        },
        {
            "area": 63.0,
            "floor": 22,
            "is_repurchased": false,
            "lease_price_list": [
                {
                    "lease": null,
                    "price": 347400
                }
            ],
            "unit": 80
        },
        {
            "area": 63.0,
            "floor": 23,
            "is_repurchased": false,
            "lease_price_list": [
                {
                    "lease": null,
                    "price": 348400
                }
            ],
            "unit": 80
        },
        {
            "area": 63.0,
            "floor": 24,
            "is_repurchased": false,
            "lease_price_list": [
                {
                    "lease": null,
                    "price": 349400
                }
            ],
            "unit": 80
        },
        {
            "area": 63.0,
            "floor": 25,
            "is_repurchased": false,
            "lease_price_list": [
                {
                    "lease": null,
                    "price": 350400
                }
            ],
            "unit": 80
        },
        {
            "area": 63.0,
            "floor": 26,
            "is_repurchased": false,
            "lease_price_list": [
                {
                    "lease": null,
                    "price": 351400
                }
            ],
            "unit": 80
        },
        {
            "area": 63.0,
            "floor": 27,
            "is_repurchased": false,
            "lease_price_list": [
                {
                    "lease": null,
                    "price": 352400
                }
            ],
            "unit": 80
        },
        {
            "area": 63.0,
            "floor": 29,
            "is_repurchased": false,
            "lease_price_list": [
                {
                    "lease": null,
                    "price": 354400
                }
            ],
            "unit": 80
        },
        {
            "area": 63.0,
            "floor": 31,
            "is_repurchased": false,
            "lease_price_list": [
                {
                    "lease": null,
                    "price": 356400
                }
            ],
            "unit": 80
        },
        {
            "area": 63.0,
            "floor": 34,
            "is_repurchased": false,
            "lease_price_list": [
                {
                    "lease": null,
                    "price": 365100
                }
            ],
            "unit": 80
        },
        {
            "area": 63.0,
            "floor": 35,
            "is_repurchased": false,
            "lease_price_list": [
                {
                    "lease": null,
                    "price": 366100
                }
            ],
            "unit": 80
        },
        {
            "area": 63.0,
            "floor": 36,
            "is_repurchased": false,
            "lease_price_list": [
                {
                    "lease": null,
                    "price": 367100
                }
            ],
            "unit": 80
        },
        {
            "area": 63.0,
            "floor": 37,
            "is_repurchased": false,
            "lease_price_list": [
                {
                    "lease": null,
                    "price": 371000
                }
            ],
            "unit": 80
        },
        {
            "area": 63.0,
            "floor": 38,
            "is_repurchased": false,
            "lease_price_list": [
                {
                    "lease": null,
                    "price": 374900
                }
            ],
            "unit": 80
        }
    ],
    "block_code": {
        "block_num": "96",
        "contract": "C5",
        "neighbourhood": "N1"
    },
    "dpd_date": "30 Sep 2021",
    "flat_type": "3-Room",
    "lcd_date": "-",
    "pcd_date": "3Q/2020",
    "quota_chinese": 76,
    "quota_malay": 12,
    "quota_other": 25,
    "street": "DAWSON RD",
    "town": "Queenstown"
},
{
    "apartments": [
        {
            "area": 53.0,
            "floor": 1,
            "is_repurchased": true,
            "lease_price_list": [
                {
                    "lease": null,
                    "price": 204000
                }
            ],
            "unit": 58
        }
    ],
    "block_code": {
        "block_num": "99",
        "contract": "C2",
        "neighbourhood": "N3"
    },
    "dpd_date": "NA (Keys Available)",
    "flat_type": "3-Room",
    "lcd_date": "01 Jun 1970",
    "pcd_date": "-",
    "quota_chinese": 1,
    "quota_malay": 1,
    "quota_other": 1,
    "street": "C'WEALTH CRES",
    "town": "Queenstown"
},
{
    "apartments": [
        {
            "area": 60.0,
            "floor": 2,
            "is_repurchased": true,
            "lease_price_list": [
                {
                    "lease": null,
                    "price": 234000
                }
            ],
            "unit": 1257
        }
    ],
    "block_code": {
        "block_num": "165",
        "contract": "C6",
        "neighbourhood": "N2"
    },
    "dpd_date": "NA (Keys Available)",
    "flat_type": "3-Room",
    "lcd_date": "01 Jul 1970",
    "pcd_date": "-",
    "quota_chinese": 1,
    "quota_malay": 1,
    "quota_other": 1,
    "street": "STIRLING RD",
    "town": "Queenstown"
}]
