[{
    "apartments": [
        {
            "area": 93.0,
            "floor": 9,
            "is_repurchased": false,
            "lease_price_list": [
                {
                    "lease": null,
                    "price": 544100
                }
            ],
            "unit": 320
        }
    ],
    "block_code": {
        "block_num": "29",
        "contract": "R25A",
        "neighbourhood": "N6"
    },
    "dpd_date": "31 May 2018",
    "flat_type": "4-Room",
    "lcd_date": "-",
    "pcd_date": "06/2017",
    "quota_chinese": 1,
    "quota_malay": 1,
    "quota_other": 1,
    "street": "GHIM MOH LINK",
    "town": "Queenstown"
},
{
    "apartments": [
        {
            "area": 93.0,
            "floor": 26,
            "is_repurchased": false,
            "lease_price_list": [
                {
                    "lease": null,
                    "price": 562900
                }
            ],
            "unit": 332
        },
        {
            "area": 93.0,
            "floor": 4,
            "is_repurchased": false,
            "lease_price_list": [
                {
                    "lease": null,
                    "price": 513400
                }
            ],
            "unit": 334
        }
    ],
    "block_code": {
        "block_num": "30",
        "contract": "R25A",
        "neighbourhood": "N6"
    },
    "dpd_date": "31 May 2018",
    "flat_type": "4-Room",
    "lcd_date": "-",
    "pcd_date": "06/2017",
    "quota_chinese": 2,
    "quota_malay": 2,
    "quota_other": 2,
    "street": "GHIM MOH LINK",
    "town": "Queenstown"
},
{
    "apartments": [
        {
            "area": 93.0,
            "floor": 29,
            "is_repurchased": false,
            "lease_price_list": [
                {
                    "lease": null,
                    "price": 576400
                }
            ],
            "unit": 282
        }
    ],
    "block_code": {
        "block_num": "31",
        "contract": "R25A",
        "neighbourhood": "N6"
    },
    "dpd_date": "31 May 2018",
    "flat_type": "4-Room",
    "lcd_date": "-",
    "pcd_date": "06/2017",
    "quota_chinese": 1,
    "quota_malay": 1,
    "quota_other": 1,
    "street": "GHIM MOH LINK",
    "town": "Queenstown"
},
{
    "apartments": [
        {
            "area": 93.0,
            "floor": 12,
            "is_repurchased": false,
            "lease_price_list": [
                {
                    "lease": null,
                    "price": 561900
                }
            ],
            "unit": 308
        }
    ],
    "block_code": {
        "block_num": "33",
        "contract": "R25A",
        "neighbourhood": "N6"
    },
    "dpd_date": "NA (Keys Available)",
    "flat_type": "4-Room",
    "lcd_date": "01 Jun 2018",
    "pcd_date": "-",
    "quota_chinese": 1,
    "quota_malay": 1,
    "quota_other": 1,
    "street": "GHIM MOH LINK",
    "town": "Queenstown"
},
{
    "apartments": [
        {
            "area": 88.0,
            "floor": 4,
            "is_repurchased": false,
            "lease_price_list": [
                {
                    "lease": null,
                    "price": 560800
                }
            ],
            "unit": 502
        }
    ],
    "block_code": {
        "block_num": "50",
        "contract": "RC30",
        "neighbourhood": "N4"
    },
    "dpd_date": "NA (Keys Available)",
    "flat_type": "4-Room",
    "lcd_date": "01 Feb 2015",
    "pcd_date": "-",
    "quota_chinese": 1,
    "quota_malay": 1,
    "quota_other": 1,
    "street": "C'WEALTH DR",
    "town": "Queenstown"
},
{
    "apartments": [
        {
            "area": 88.0,
            "floor": 2,
            "is_repurchased": false,
            "lease_price_list": [
                {
                    "lease": null,
                    "price": 551800
                }
            ],
            "unit": 538
        },
        {
            "area": 88.0,
            "floor": 3,
            "is_repurchased": false,
            "lease_price_list": [
                {
                    "lease": null,
                    "price": 556300
                }
            ],
            "unit": 538
        },
        {
            "area": 88.0,
            "floor": 3,
            "is_repurchased": false,
            "lease_price_list": [
                {
                    "lease": null,
                    "price": 556300
                }
            ],
            "unit": 542
        }
    ],
    "block_code": {
        "block_num": "52",
        "contract": "RC30",
        "neighbourhood": "N4"
    },
    "dpd_date": "NA (Keys Available)",
    "flat_type": "4-Room",
    "lcd_date": "01 Feb 2015",
    "pcd_date": "-",
    "quota_chinese": 3,
    "quota_malay": 2,
    "quota_other": 3,
    "street": "C'WEALTH DR",
    "town": "Queenstown"
},
{
    "apartments": [
        {
            "area": 88.0,
            "floor": 2,
            "is_repurchased": false,
            "lease_price_list": [
                {
                    "lease": null,
                    "price": 551800
                }
            ],
            "unit": 554
        },
        {
            "area": 88.0,
            "floor": 4,
            "is_repurchased": false,
            "lease_price_list": [
                {
                    "lease": null,
                    "price": 560800
                }
            ],
            "unit": 554
        },
        {
            "area": 93.0,
            "floor": 8,
            "is_repurchased": false,
            "lease_price_list": [
                {
                    "lease": null,
                    "price": 615800
                }
            ],
            "unit": 554
        },
        {
            "area": 88.0,
            "floor": 3,
            "is_repurchased": false,
            "lease_price_list": [
                {
                    "lease": null,
                    "price": 556300
                }
            ],
            "unit": 558
        },
        {
            "area": 88.0,
            "floor": 2,
            "is_repurchased": false,
            "lease_price_list": [
                {
                    "lease": null,
                    "price": 545800
                }
            ],
            "unit": 560
        },
        {
            "area": 88.0,
            "floor": 3,
            "is_repurchased": false,
            "lease_price_list": [
                {
                    "lease": null,
                    "price": 556300
                }
            ],
            "unit": 560
        }
    ],
    "block_code": {
        "block_num": "53",
        "contract": "RC30",
        "neighbourhood": "N4"
    },
    "dpd_date": "NA (Keys Available)",
    "flat_type": "4-Room",
    "lcd_date": "01 Feb 2015",
    "pcd_date": "-",
    "quota_chinese": 6,
    "quota_malay": 6,
    "quota_other": 6,
    "street": "C'WEALTH DR",
    "town": "Queenstown"
},
{
    "apartments": [
        {
            "area": 87.0,
            "floor": 9,
            "is_repurchased": true,
            "lease_price_list": [
                {
                    "lease": null,
                    "price": 558800
                }
            ],
            "unit": 9
        }
    ],
    "block_code": {
        "block_num": "86",
        "contract": "C1",
        "neighbourhood": "N1"
    },
    "dpd_date": "NA (Keys Available)",
    "flat_type": "4-Room",
    "lcd_date": "01 Aug 2016",
    "pcd_date": "-",
    "quota_chinese": 1,
    "quota_malay": 1,
    "quota_other": 1,
    "street": "DAWSON RD",
    "town": "Queenstown"
},
{
    "apartments": [
        {
            "area": 83.0,
            "floor": 4,
            "is_repurchased": false,
            "lease_price_list": [
                {
                    "lease": null,
                    "price": 454600
                }
            ],
            "unit": 42
        },
        {
            "area": 83.0,
            "floor": 5,
            "is_repurchased": false,
            "lease_price_list": [
                {
                    "lease": null,
                    "price": 467300
                }
            ],
            "unit": 42
        },
        {
            "area": 83.0,
            "floor": 8,
            "is_repurchased": false,
            "lease_price_list": [
                {
                    "lease": null,
                    "price": 481900
                }
            ],
            "unit": 42
        },
        {
            "area": 83.0,
            "floor": 9,
            "is_repurchased": false,
            "lease_price_list": [
                {
                    "lease": null,
                    "price": 487400
                }
            ],
            "unit": 42
        },
        {
            "area": 83.0,
            "floor": 10,
            "is_repurchased": false,
            "lease_price_list": [
                {
                    "lease": null,
                    "price": 488800
                }
            ],
            "unit": 42
        },
        {
            "area": 83.0,
            "floor": 11,
            "is_repurchased": false,
            "lease_price_list": [
                {
                    "lease": null,
                    "price": 490200
                }
            ],
            "unit": 42
        },
        {
            "area": 83.0,
            "floor": 12,
            "is_repurchased": false,
            "lease_price_list": [
                {
                    "lease": null,
                    "price": 491600
                }
            ],
            "unit": 42
        },
        {
            "area": 83.0,
            "floor": 14,
            "is_repurchased": false,
            "lease_price_list": [
                {
                    "lease": null,
                    "price": 494400
                }
            ],
            "unit": 42
        },
        {
            "area": 83.0,
            "floor": 15,
            "is_repurchased": false,
            "lease_price_list": [
                {
                    "lease": null,
                    "price": 495800
                }
            ],
            "unit": 42
        },
        {
            "area": 83.0,
            "floor": 17,
            "is_repurchased": false,
            "lease_price_list": [
                {
                    "lease": null,
                    "price": 498600
                }
            ],
            "unit": 42
        },
        {
            "area": 83.0,
            "floor": 18,
            "is_repurchased": false,
            "lease_price_list": [
                {
                    "lease": null,
                    "price": 500000
                }
            ],
            "unit": 42
        },
        {
            "area": 83.0,
            "floor": 19,
            "is_repurchased": false,
            "lease_price_list": [
                {
                    "lease": null,
                    "price": 501400
                }
            ],
            "unit": 42
        },
        {
            "area": 83.0,
            "floor": 20,
            "is_repurchased": false,
            "lease_price_list": [
                {
                    "lease": null,
                    "price": 502800
                }
            ],
            "unit": 42
        },
        {
            "area": 83.0,
            "floor": 21,
            "is_repurchased": false,
            "lease_price_list": [
                {
                    "lease": null,
                    "price": 504200
                }
            ],
            "unit": 42
        },
        {
            "area": 83.0,
            "floor": 22,
            "is_repurchased": false,
            "lease_price_list": [
                {
                    "lease": null,
                    "price": 505600
                }
            ],
            "unit": 42
        },
        {
            "area": 83.0,
            "floor": 23,
            "is_repurchased": false,
            "lease_price_list": [
                {
                    "lease": null,
                    "price": 507000
                }
            ],
            "unit": 42
        },
        {
            "area": 83.0,
            "floor": 24,
            "is_repurchased": false,
            "lease_price_list": [
                {
                    "lease": null,
                    "price": 508400
                }
            ],
            "unit": 42
        },
        {
            "area": 83.0,
            "floor": 26,
            "is_repurchased": false,
            "lease_price_list": [
                {
                    "lease": null,
                    "price": 511200
                }
            ],
            "unit": 42
        },
        {
            "area": 83.0,
            "floor": 27,
            "is_repurchased": false,
            "lease_price_list": [
                {
                    "lease": null,
                    "price": 512600
                }
            ],
            "unit": 42
        },
        {
            "area": 83.0,
            "floor": 28,
            "is_repurchased": false,
            "lease_price_list": [
                {
                    "lease": null,
                    "price": 514000
                }
            ],
            "unit": 42
        },
        {
            "area": 83.0,
            "floor": 29,
            "is_repurchased": false,
            "lease_price_list": [
                {
                    "lease": null,
                    "price": 515400
                }
            ],
            "unit": 42
        },
        {
            "area": 83.0,
            "floor": 30,
            "is_repurchased": false,
            "lease_price_list": [
                {
                    "lease": null,
                    "price": 516800
                }
            ],
            "unit": 42
        },
        {
            "area": 83.0,
            "floor": 31,
            "is_repurchased": false,
            "lease_price_list": [
                {
                    "lease": null,
                    "price": 518200
                }
            ],
            "unit": 42
        },
        {
            "area": 83.0,
            "floor": 32,
            "is_repurchased": false,
            "lease_price_list": [
                {
                    "lease": null,
                    "price": 519600
                }
            ],
            "unit": 42
        },
        {
            "area": 83.0,
            "floor": 34,
            "is_repurchased": false,
            "lease_price_list": [
                {
                    "lease": null,
                    "price": 522400
                }
            ],
            "unit": 42
        },
        {
            "area": 83.0,
            "floor": 35,
            "is_repurchased": false,
            "lease_price_list": [
                {
                    "lease": null,
                    "price": 523800
                }
            ],
            "unit": 42
        },
        {
            "area": 83.0,
            "floor": 36,
            "is_repurchased": false,
            "lease_price_list": [
                {
                    "lease": null,
                    "price": 525200
                }
            ],
            "unit": 42
        },
        {
            "area": 83.0,
            "floor": 37,
            "is_repurchased": false,
            "lease_price_list": [
                {
                    "lease": null,
                    "price": 526600
                }
            ],
            "unit": 42
        },
        {
            "area": 83.0,
            "floor": 38,
            "is_repurchased": false,
            "lease_price_list": [
                {
                    "lease": null,
                    "price": 526600
                }
            ],
            "unit": 42
        },
        {
            "area": 83.0,
            "floor": 5,
            "is_repurchased": false,
            "lease_price_list": [
                {
                    "lease": null,
                    "price": 467300
                }
            ],
            "unit": 44
        },
        {
            "area": 83.0,
            "floor": 6,
            "is_repurchased": false,
            "lease_price_list": [
                {
                    "lease": null,
                    "price": 470800
                }
            ],
            "unit": 44
        },
        {
            "area": 83.0,
            "floor": 7,
            "is_repurchased": false,
            "lease_price_list": [
                {
                    "lease": null,
                    "price": 474300
                }
            ],
            "unit": 44
        },
        {
            "area": 83.0,
            "floor": 8,
            "is_repurchased": false,
            "lease_price_list": [
                {
                    "lease": null,
                    "price": 481900
                }
            ],
            "unit": 44
        },
        {
            "area": 83.0,
            "floor": 9,
            "is_repurchased": false,
            "lease_price_list": [
                {
                    "lease": null,
                    "price": 487400
                }
            ],
            "unit": 44
        },
        {
            "area": 83.0,
            "floor": 10,
            "is_repurchased": false,
            "lease_price_list": [
                {
                    "lease": null,
                    "price": 488800
                }
            ],
            "unit": 44
        },
        {
            "area": 83.0,
            "floor": 11,
            "is_repurchased": false,
            "lease_price_list": [
                {
                    "lease": null,
                    "price": 490200
                }
            ],
            "unit": 44
        },
        {
            "area": 83.0,
            "floor": 12,
            "is_repurchased": false,
            "lease_price_list": [
                {
                    "lease": null,
                    "price": 491600
                }
            ],
            "unit": 44
        },
        {
            "area": 83.0,
            "floor": 13,
            "is_repurchased": false,
            "lease_price_list": [
                {
                    "lease": null,
                    "price": 493000
                }
            ],
            "unit": 44
        },
        {
            "area": 83.0,
            "floor": 15,
            "is_repurchased": false,
            "lease_price_list": [
                {
                    "lease": null,
                    "price": 495800
                }
            ],
            "unit": 44
        },
        {
            "area": 83.0,
            "floor": 17,
            "is_repurchased": false,
            "lease_price_list": [
                {
                    "lease": null,
                    "price": 498600
                }
            ],
            "unit": 44
        },
        {
            "area": 83.0,
            "floor": 18,
            "is_repurchased": false,
            "lease_price_list": [
                {
                    "lease": null,
                    "price": 500000
                }
            ],
            "unit": 44
        },
        {
            "area": 83.0,
            "floor": 19,
            "is_repurchased": false,
            "lease_price_list": [
                {
                    "lease": null,
                    "price": 501400
                }
            ],
            "unit": 44
        },
        {
            "area": 83.0,
            "floor": 21,
            "is_repurchased": false,
            "lease_price_list": [
                {
                    "lease": null,
                    "price": 504200
                }
            ],
            "unit": 44
        },
        {
            "area": 83.0,
            "floor": 22,
            "is_repurchased": false,
            "lease_price_list": [
                {
                    "lease": null,
                    "price": 505600
                }
            ],
            "unit": 44
        },
        {
            "area": 83.0,
            "floor": 23,
            "is_repurchased": false,
            "lease_price_list": [
                {
                    "lease": null,
                    "price": 507000
                }
            ],
            "unit": 44
        },
        {
            "area": 83.0,
            "floor": 24,
            "is_repurchased": false,
            "lease_price_list": [
                {
                    "lease": null,
                    "price": 508400
                }
            ],
            "unit": 44
        },
        {
            "area": 83.0,
            "floor": 25,
            "is_repurchased": false,
            "lease_price_list": [
                {
                    "lease": null,
                    "price": 509800
                }
            ],
            "unit": 44
        },
        {
            "area": 83.0,
            "floor": 26,
            "is_repurchased": false,
            "lease_price_list": [
                {
                    "lease": null,
                    "price": 511200
                }
            ],
            "unit": 44
        },
        {
            "area": 83.0,
            "floor": 27,
            "is_repurchased": false,
            "lease_price_list": [
                {
                    "lease": null,
                    "price": 512600
                }
            ],
            "unit": 44
        },
        {
            "area": 83.0,
            "floor": 28,
            "is_repurchased": false,
            "lease_price_list": [
                {
                    "lease": null,
                    "price": 514000
                }
            ],
            "unit": 44
        },
        {
            "area": 83.0,
            "floor": 29,
            "is_repurchased": false,
            "lease_price_list": [
                {
                    "lease": null,
                    "price": 515400
                }
            ],
            "unit": 44
        },
        {
            "area": 83.0,
            "floor": 30,
            "is_repurchased": false,
            "lease_price_list": [
                {
                    "lease": null,
                    "price": 516800
                }
            ],
            "unit": 44
        },
        {
            "area": 83.0,
            "floor": 31,
            "is_repurchased": false,
            "lease_price_list": [
                {
                    "lease": null,
                    "price": 518200
                }
            ],
            "unit": 44
        },
        {
            "area": 83.0,
            "floor": 32,
            "is_repurchased": false,
            "lease_price_list": [
                {
                    "lease": null,
                    "price": 519600
                }
            ],
            "unit": 44
        },
        {
            "area": 83.0,
            "floor": 34,
            "is_repurchased": false,
            "lease_price_list": [
                {
                    "lease": null,
                    "price": 522400
                }
            ],
            "unit": 44
        },
        {
            "area": 83.0,
            "floor": 35,
            "is_repurchased": false,
            "lease_price_list": [
                {
                    "lease": null,
                    "price": 523800
                }
            ],
            "unit": 44
        },
        {
            "area": 83.0,
            "floor": 36,
            "is_repurchased": false,
            "lease_price_list": [
                {
                    "lease": null,
                    "price": 525200
                }
            ],
            "unit": 44
        },
        {
            "area": 83.0,
            "floor": 38,
            "is_repurchased": false,
            "lease_price_list": [
                {
                    "lease": null,
                    "price": 526600
                }
            ],
            "unit": 44
        },
        {
            "area": 88.0,
            "floor": 2,
            "is_repurchased": false,
            "lease_price_list": [
                {
                    "lease": null,
                    "price": 489900
                }
            ],
            "unit": 46
        },
        {
            "area": 88.0,
            "floor": 3,
            "is_repurchased": false,
            "lease_price_list": [
                {
                    "lease": null,
                    "price": 494400
                }
            ],
            "unit": 46
        },
        {
            "area": 88.0,
            "floor": 4,
            "is_repurchased": false,
            "lease_price_list": [
                {
                    "lease": null,
                    "price": 498900
                }
            ],
            "unit": 46
        },
        {
            "area": 88.0,
            "floor": 6,
            "is_repurchased": false,
            "lease_price_list": [
                {
                    "lease": null,
                    "price": 516000
                }
            ],
            "unit": 46
        },
        {
            "area": 88.0,
            "floor": 7,
            "is_repurchased": false,
            "lease_price_list": [
                {
                    "lease": null,
                    "price": 519500
                }
            ],
            "unit": 46
        },
        {
            "area": 88.0,
            "floor": 9,
            "is_repurchased": false,
            "lease_price_list": [
                {
                    "lease": null,
                    "price": 524400
                }
            ],
            "unit": 46
        },
        {
            "area": 88.0,
            "floor": 10,
            "is_repurchased": false,
            "lease_price_list": [
                {
                    "lease": null,
                    "price": 525800
                }
            ],
            "unit": 46
        },
        {
            "area": 88.0,
            "floor": 11,
            "is_repurchased": false,
            "lease_price_list": [
                {
                    "lease": null,
                    "price": 527200
                }
            ],
            "unit": 46
        },
        {
            "area": 88.0,
            "floor": 2,
            "is_repurchased": false,
            "lease_price_list": [
                {
                    "lease": null,
                    "price": 499000
                }
            ],
            "unit": 48
        },
        {
            "area": 88.0,
            "floor": 3,
            "is_repurchased": false,
            "lease_price_list": [
                {
                    "lease": null,
                    "price": 503500
                }
            ],
            "unit": 48
        },
        {
            "area": 88.0,
            "floor": 4,
            "is_repurchased": false,
            "lease_price_list": [
                {
                    "lease": null,
                    "price": 508000
                }
            ],
            "unit": 48
        },
        {
            "area": 88.0,
            "floor": 5,
            "is_repurchased": false,
            "lease_price_list": [
                {
                    "lease": null,
                    "price": 512500
                }
            ],
            "unit": 48
        },
        {
            "area": 88.0,
            "floor": 6,
            "is_repurchased": false,
            "lease_price_list": [
                {
                    "lease": null,
                    "price": 516000
                }
            ],
            "unit": 48
        },
        {
            "area": 88.0,
            "floor": 7,
            "is_repurchased": false,
            "lease_price_list": [
                {
                    "lease": null,
                    "price": 519500
                }
            ],
            "unit": 48
        },
        {
            "area": 88.0,
            "floor": 8,
            "is_repurchased": false,
            "lease_price_list": [
                {
                    "lease": null,
                    "price": 523000
                }
            ],
            "unit": 48
        },
        {
            "area": 88.0,
            "floor": 9,
            "is_repurchased": false,
            "lease_price_list": [
                {
                    "lease": null,
                    "price": 524400
                }
            ],
            "unit": 48
        },
        {
            "area": 88.0,
            "floor": 10,
            "is_repurchased": false,
            "lease_price_list": [
                {
                    "lease": null,
                    "price": 525800
                }
            ],
            "unit": 48
        },
        {
            "area": 88.0,
            "floor": 11,
            "is_repurchased": false,
            "lease_price_list": [
                {
                    "lease": null,
                    "price": 527200
                }
            ],
            "unit": 48
        }
    ],
    "block_code": {
        "block_num": "94",
        "contract": "C5",
        "neighbourhood": "N1"
    },
    "dpd_date": "30 Sep 2021",
    "flat_type": "4-Room",
    "lcd_date": "-",
    "pcd_date": "3Q/2020",
    "quota_chinese": 69,
    "quota_malay": 13,
    "quota_other": 32,
    "street": "DAWSON RD",
    "town": "Queenstown"
},
{
    "apartments": [
        {
            "area": 83.0,
            "floor": 3,
            "is_repurchased": false,
            "lease_price_list": [
                {
                    "lease": null,
                    "price": 458300
                }
            ],
            "unit": 82
        },
        {
            "area": 83.0,
            "floor": 4,
            "is_repurchased": false,
            "lease_price_list": [
                {
                    "lease": null,
                    "price": 462800
                }
            ],
            "unit": 82
        },
        {
            "area": 83.0,
            "floor": 6,
            "is_repurchased": false,
            "lease_price_list": [
                {
                    "lease": null,
                    "price": 470800
                }
            ],
            "unit": 82
        },
        {
            "area": 83.0,
            "floor": 8,
            "is_repurchased": false,
            "lease_price_list": [
                {
                    "lease": null,
                    "price": 477800
                }
            ],
            "unit": 82
        },
        {
            "area": 83.0,
            "floor": 9,
            "is_repurchased": false,
            "lease_price_list": [
                {
                    "lease": null,
                    "price": 479200
                }
            ],
            "unit": 82
        },
        {
            "area": 83.0,
            "floor": 10,
            "is_repurchased": false,
            "lease_price_list": [
                {
                    "lease": null,
                    "price": 480600
                }
            ],
            "unit": 82
        },
        {
            "area": 83.0,
            "floor": 13,
            "is_repurchased": false,
            "lease_price_list": [
                {
                    "lease": null,
                    "price": 484800
                }
            ],
            "unit": 82
        },
        {
            "area": 83.0,
            "floor": 14,
            "is_repurchased": false,
            "lease_price_list": [
                {
                    "lease": null,
                    "price": 486200
                }
            ],
            "unit": 82
        },
        {
            "area": 86.0,
            "floor": 31,
            "is_repurchased": false,
            "lease_price_list": [
                {
                    "lease": null,
                    "price": 526300
                }
            ],
            "unit": 82
        },
        {
            "area": 83.0,
            "floor": 3,
            "is_repurchased": false,
            "lease_price_list": [
                {
                    "lease": null,
                    "price": 466500
                }
            ],
            "unit": 88
        },
        {
            "area": 83.0,
            "floor": 4,
            "is_repurchased": false,
            "lease_price_list": [
                {
                    "lease": null,
                    "price": 471000
                }
            ],
            "unit": 88
        },
        {
            "area": 83.0,
            "floor": 5,
            "is_repurchased": false,
            "lease_price_list": [
                {
                    "lease": null,
                    "price": 475500
                }
            ],
            "unit": 88
        },
        {
            "area": 83.0,
            "floor": 6,
            "is_repurchased": false,
            "lease_price_list": [
                {
                    "lease": null,
                    "price": 479000
                }
            ],
            "unit": 88
        },
        {
            "area": 83.0,
            "floor": 7,
            "is_repurchased": false,
            "lease_price_list": [
                {
                    "lease": null,
                    "price": 482500
                }
            ],
            "unit": 88
        },
        {
            "area": 83.0,
            "floor": 8,
            "is_repurchased": false,
            "lease_price_list": [
                {
                    "lease": null,
                    "price": 486000
                }
            ],
            "unit": 88
        },
        {
            "area": 83.0,
            "floor": 10,
            "is_repurchased": false,
            "lease_price_list": [
                {
                    "lease": null,
                    "price": 488800
                }
            ],
            "unit": 88
        },
        {
            "area": 83.0,
            "floor": 12,
            "is_repurchased": false,
            "lease_price_list": [
                {
                    "lease": null,
                    "price": 491600
                }
            ],
            "unit": 88
        },
        {
            "area": 83.0,
            "floor": 13,
            "is_repurchased": false,
            "lease_price_list": [
                {
                    "lease": null,
                    "price": 493000
                }
            ],
            "unit": 88
        },
        {
            "area": 83.0,
            "floor": 14,
            "is_repurchased": false,
            "lease_price_list": [
                {
                    "lease": null,
                    "price": 494400
                }
            ],
            "unit": 88
        },
        {
            "area": 83.0,
            "floor": 15,
            "is_repurchased": false,
            "lease_price_list": [
                {
                    "lease": null,
                    "price": 495800
                }
            ],
            "unit": 88
        },
        {
            "area": 83.0,
            "floor": 17,
            "is_repurchased": false,
            "lease_price_list": [
                {
                    "lease": null,
                    "price": 498600
                }
            ],
            "unit": 88
        },
        {
            "area": 83.0,
            "floor": 19,
            "is_repurchased": false,
            "lease_price_list": [
                {
                    "lease": null,
                    "price": 501400
                }
            ],
            "unit": 88
        },
        {
            "area": 83.0,
            "floor": 20,
            "is_repurchased": false,
            "lease_price_list": [
                {
                    "lease": null,
                    "price": 502800
                }
            ],
            "unit": 88
        },
        {
            "area": 83.0,
            "floor": 21,
            "is_repurchased": false,
            "lease_price_list": [
                {
                    "lease": null,
                    "price": 504200
                }
            ],
            "unit": 88
        },
        {
            "area": 83.0,
            "floor": 22,
            "is_repurchased": false,
            "lease_price_list": [
                {
                    "lease": null,
                    "price": 505600
                }
            ],
            "unit": 88
        },
        {
            "area": 83.0,
            "floor": 23,
            "is_repurchased": false,
            "lease_price_list": [
                {
                    "lease": null,
                    "price": 507000
                }
            ],
            "unit": 88
        },
        {
            "area": 83.0,
            "floor": 24,
            "is_repurchased": false,
            "lease_price_list": [
                {
                    "lease": null,
                    "price": 508400
                }
            ],
            "unit": 88
        },
        {
            "area": 83.0,
            "floor": 25,
            "is_repurchased": false,
            "lease_price_list": [
                {
                    "lease": null,
                    "price": 509800
                }
            ],
            "unit": 88
        },
        {
            "area": 83.0,
            "floor": 26,
            "is_repurchased": false,
            "lease_price_list": [
                {
                    "lease": null,
                    "price": 511200
                }
            ],
            "unit": 88
        },
        {
            "area": 83.0,
            "floor": 27,
            "is_repurchased": false,
            "lease_price_list": [
                {
                    "lease": null,
                    "price": 512600
                }
            ],
            "unit": 88
        },
        {
            "area": 83.0,
            "floor": 28,
            "is_repurchased": false,
            "lease_price_list": [
                {
                    "lease": null,
                    "price": 514000
                }
            ],
            "unit": 88
        },
        {
            "area": 83.0,
            "floor": 29,
            "is_repurchased": false,
            "lease_price_list": [
                {
                    "lease": null,
                    "price": 515400
                }
            ],
            "unit": 88
        },
        {
            "area": 83.0,
            "floor": 30,
            "is_repurchased": false,
            "lease_price_list": [
                {
                    "lease": null,
                    "price": 516800
                }
            ],
            "unit": 88
        },
        {
            "area": 83.0,
            "floor": 31,
            "is_repurchased": false,
            "lease_price_list": [
                {
                    "lease": null,
                    "price": 518200
                }
            ],
            "unit": 88
        },
        {
            "area": 83.0,
            "floor": 32,
            "is_repurchased": false,
            "lease_price_list": [
                {
                    "lease": null,
                    "price": 519600
                }
            ],
            "unit": 88
        },
        {
            "area": 83.0,
            "floor": 34,
            "is_repurchased": false,
            "lease_price_list": [
                {
                    "lease": null,
                    "price": 522400
                }
            ],
            "unit": 88
        },
        {
            "area": 83.0,
            "floor": 35,
            "is_repurchased": false,
            "lease_price_list": [
                {
                    "lease": null,
                    "price": 523800
                }
            ],
            "unit": 88
        },
        {
            "area": 83.0,
            "floor": 36,
            "is_repurchased": false,
            "lease_price_list": [
                {
                    "lease": null,
                    "price": 525200
                }
            ],
            "unit": 88
        },
        {
            "area": 83.0,
            "floor": 37,
            "is_repurchased": false,
            "lease_price_list": [
                {
                    "lease": null,
                    "price": 526600
                }
            ],
            "unit": 88
        }
    ],
    "block_code": {
        "block_num": "96",
        "contract": "C5",
        "neighbourhood": "N1"
    },
    "dpd_date": "30 Sep 2021",
    "flat_type": "4-Room",
    "lcd_date": "-",
    "pcd_date": "3Q/2020",
    "quota_chinese": 39,
    "quota_malay": 6,
    "quota_other": 14,
    "street": "DAWSON RD",
    "town": "Queenstown"
}]
