[{
    "apartments": [
        {
            "area": 131.0,
            "floor": 2,
            "is_repurchased": true,
            "lease_price_list": [
                {
                    "lease": null,
                    "price": 673000
                }
            ],
            "unit": 117
        }
    ],
    "block_code": {
        "block_num": "20",
        "contract": "RC4",
        "neighbourhood": "N2"
    },
    "dpd_date": "NA (Keys Available)",
    "flat_type": "5-Room",
    "lcd_date": "01 Oct 1996",
    "pcd_date": "-",
    "quota_chinese": 1,
    "quota_malay": 1,
    "quota_other": 1,
    "street": "QUEEN'S CL",
    "town": "Queenstown"
},
{
    "apartments": [
        {
            "area": 113.0,
            "floor": 10,
            "is_repurchased": true,
            "lease_price_list": [
                {
                    "lease": null,
                    "price": 748300
                }
            ],
            "unit": 202
        }
    ],
    "block_code": {
        "block_num": "22",
        "contract": "RC25",
        "neighbourhood": "N6"
    },
    "dpd_date": "NA (Keys Available)",
    "flat_type": "5-Room",
    "lcd_date": "01 Apr 2013",
    "pcd_date": "-",
    "quota_chinese": 0,
    "quota_malay": 1,
    "quota_other": 1,
    "street": "GHIM MOH LINK",
    "town": "Queenstown"
},
{
    "apartments": [
        {
            "area": 114.0,
            "floor": 2,
            "is_repurchased": false,
            "lease_price_list": [
                {
                    "lease": null,
                    "price": 727800
                }
            ],
            "unit": 504
        },
        {
            "area": 114.0,
            "floor": 5,
            "is_repurchased": false,
            "lease_price_list": [
                {
                    "lease": null,
                    "price": 754800
                }
            ],
            "unit": 504
        }
    ],
    "block_code": {
        "block_num": "50",
        "contract": "RC30",
        "neighbourhood": "N4"
    },
    "dpd_date": "NA (Keys Available)",
    "flat_type": "5-Room",
    "lcd_date": "01 Feb 2015",
    "pcd_date": "-",
    "quota_chinese": 2,
    "quota_malay": 2,
    "quota_other": 2,
    "street": "C'WEALTH DR",
    "town": "Queenstown"
},
{
    "apartments": [
        {
            "area": 114.0,
            "floor": 2,
            "is_repurchased": false,
            "lease_price_list": [
                {
                    "lease": null,
                    "price": 736800
                }
            ],
            "unit": 552
        },
        {
            "area": 114.0,
            "floor": 3,
            "is_repurchased": false,
            "lease_price_list": [
                {
                    "lease": null,
                    "price": 742800
                }
            ],
            "unit": 552
        },
        {
            "area": 114.0,
            "floor": 5,
            "is_repurchased": false,
            "lease_price_list": [
                {
                    "lease": null,
                    "price": 754800
                }
            ],
            "unit": 552
        },
        {
            "area": 117.0,
            "floor": 6,
            "is_repurchased": false,
            "lease_price_list": [
                {
                    "lease": null,
                    "price": 784300
                }
            ],
            "unit": 552
        },
        {
            "area": 117.0,
            "floor": 7,
            "is_repurchased": false,
            "lease_price_list": [
                {
                    "lease": null,
                    "price": 788800
                }
            ],
            "unit": 552
        },
        {
            "area": 117.0,
            "floor": 8,
            "is_repurchased": false,
            "lease_price_list": [
                {
                    "lease": null,
                    "price": 793300
                }
            ],
            "unit": 552
        },
        {
            "area": 117.0,
            "floor": 9,
            "is_repurchased": false,
            "lease_price_list": [
                {
                    "lease": null,
                    "price": 794900
                }
            ],
            "unit": 552
        },
        {
            "area": 117.0,
            "floor": 10,
            "is_repurchased": false,
            "lease_price_list": [
                {
                    "lease": null,
                    "price": 796500
                }
            ],
            "unit": 552
        }
    ],
    "block_code": {
        "block_num": "53",
        "contract": "RC30",
        "neighbourhood": "N4"
    },
    "dpd_date": "NA (Keys Available)",
    "flat_type": "5-Room",
    "lcd_date": "01 Feb 2015",
    "pcd_date": "-",
    "quota_chinese": 8,
    "quota_malay": 8,
    "quota_other": 8,
    "street": "C'WEALTH DR",
    "town": "Queenstown"
},
{
    "apartments": [
        {
            "area": 108.0,
            "floor": 2,
            "is_repurchased": false,
            "lease_price_list": [
                {
                    "lease": null,
                    "price": 635900
                }
            ],
            "unit": 84
        },
        {
            "area": 108.0,
            "floor": 3,
            "is_repurchased": false,
            "lease_price_list": [
                {
                    "lease": null,
                    "price": 641900
                }
            ],
            "unit": 84
        },
        {
            "area": 108.0,
            "floor": 4,
            "is_repurchased": false,
            "lease_price_list": [
                {
                    "lease": null,
                    "price": 647900
                }
            ],
            "unit": 84
        },
        {
            "area": 108.0,
            "floor": 5,
            "is_repurchased": false,
            "lease_price_list": [
                {
                    "lease": null,
                    "price": 665800
                }
            ],
            "unit": 84
        },
        {
            "area": 108.0,
            "floor": 6,
            "is_repurchased": false,
            "lease_price_list": [
                {
                    "lease": null,
                    "price": 670300
                }
            ],
            "unit": 84
        },
        {
            "area": 108.0,
            "floor": 7,
            "is_repurchased": false,
            "lease_price_list": [
                {
                    "lease": null,
                    "price": 674800
                }
            ],
            "unit": 84
        },
        {
            "area": 108.0,
            "floor": 8,
            "is_repurchased": false,
            "lease_price_list": [
                {
                    "lease": null,
                    "price": 679300
                }
            ],
            "unit": 84
        },
        {
            "area": 108.0,
            "floor": 3,
            "is_repurchased": false,
            "lease_price_list": [
                {
                    "lease": null,
                    "price": 653800
                }
            ],
            "unit": 86
        },
        {
            "area": 108.0,
            "floor": 4,
            "is_repurchased": false,
            "lease_price_list": [
                {
                    "lease": null,
                    "price": 659800
                }
            ],
            "unit": 86
        },
        {
            "area": 108.0,
            "floor": 5,
            "is_repurchased": false,
            "lease_price_list": [
                {
                    "lease": null,
                    "price": 677700
                }
            ],
            "unit": 86
        },
        {
            "area": 108.0,
            "floor": 6,
            "is_repurchased": false,
            "lease_price_list": [
                {
                    "lease": null,
                    "price": 682200
                }
            ],
            "unit": 86
        },
        {
            "area": 108.0,
            "floor": 7,
            "is_repurchased": false,
            "lease_price_list": [
                {
                    "lease": null,
                    "price": 686700
                }
            ],
            "unit": 86
        },
        {
            "area": 108.0,
            "floor": 8,
            "is_repurchased": false,
            "lease_price_list": [
                {
                    "lease": null,
                    "price": 691200
                }
            ],
            "unit": 86
        },
        {
            "area": 108.0,
            "floor": 9,
            "is_repurchased": false,
            "lease_price_list": [
                {
                    "lease": null,
                    "price": 692800
                }
            ],
            "unit": 86
        },
        {
            "area": 108.0,
            "floor": 10,
            "is_repurchased": false,
            "lease_price_list": [
                {
                    "lease": null,
                    "price": 694400
                }
            ],
            "unit": 86
        },
        {
            "area": 108.0,
            "floor": 11,
            "is_repurchased": false,
            "lease_price_list": [
                {
                    "lease": null,
                    "price": 696000
                }
            ],
            "unit": 86
        },
        {
            "area": 108.0,
            "floor": 12,
            "is_repurchased": false,
            "lease_price_list": [
                {
                    "lease": null,
                    "price": 697600
                }
            ],
            "unit": 86
        },
        {
            "area": 108.0,
            "floor": 13,
            "is_repurchased": false,
            "lease_price_list": [
                {
                    "lease": null,
                    "price": 699200
                }
            ],
            "unit": 86
        },
        {
            "area": 108.0,
            "floor": 14,
            "is_repurchased": false,
            "lease_price_list": [
                {
                    "lease": null,
                    "price": 700800
                }
            ],
            "unit": 86
        },
        {
            "area": 108.0,
            "floor": 15,
            "is_repurchased": false,
            "lease_price_list": [
                {
                    "lease": null,
                    "price": 702400
                }
            ],
            "unit": 86
        },
        {
            "area": 108.0,
            "floor": 17,
            "is_repurchased": false,
            "lease_price_list": [
                {
                    "lease": null,
                    "price": 705600
                }
            ],
            "unit": 86
        },
        {
            "area": 108.0,
            "floor": 18,
            "is_repurchased": false,
            "lease_price_list": [
                {
                    "lease": null,
                    "price": 707200
                }
            ],
            "unit": 86
        },
        {
            "area": 108.0,
            "floor": 19,
            "is_repurchased": false,
            "lease_price_list": [
                {
                    "lease": null,
                    "price": 708800
                }
            ],
            "unit": 86
        },
        {
            "area": 108.0,
            "floor": 20,
            "is_repurchased": false,
            "lease_price_list": [
                {
                    "lease": null,
                    "price": 710400
                }
            ],
            "unit": 86
        },
        {
            "area": 108.0,
            "floor": 22,
            "is_repurchased": false,
            "lease_price_list": [
                {
                    "lease": null,
                    "price": 713600
                }
            ],
            "unit": 86
        },
        {
            "area": 108.0,
            "floor": 23,
            "is_repurchased": false,
            "lease_price_list": [
                {
                    "lease": null,
                    "price": 715200
                }
            ],
            "unit": 86
        },
        {
            "area": 108.0,
            "floor": 24,
            "is_repurchased": false,
            "lease_price_list": [
                {
                    "lease": null,
                    "price": 716800
                }
            ],
            "unit": 86
        }
    ],
    "block_code": {
        "block_num": "96",
        "contract": "C5",
        "neighbourhood": "N1"
    },
    "dpd_date": "30 Sep 2021",
    "flat_type": "5-Room",
    "lcd_date": "-",
    "pcd_date": "3Q/2020",
    "quota_chinese": 23,
    "quota_malay": 5,
    "quota_other": 17,
    "street": "DAWSON RD",
    "town": "Queenstown"
}]
