[{
    "apartments": [
        {
            "area": 60.0,
            "floor": 4,
            "is_repurchased": false,
            "lease_price_list": [
                {
                    "lease": null,
                    "price": 186000
                }
            ],
            "unit": 283
        },
        {
            "area": 60.0,
            "floor": 2,
            "is_repurchased": false,
            "lease_price_list": [
                {
                    "lease": null,
                    "price": 184000
                }
            ],
            "unit": 285
        },
        {
            "area": 67.0,
            "floor": 2,
            "is_repurchased": false,
            "lease_price_list": [
                {
                    "lease": null,
                    "price": 197000
                }
            ],
            "unit": 329
        }
    ],
    "block_code": {
        "block_num": "108",
        "contract": "C2",
        "neighbourhood": "N1"
    },
    "dpd_date": "NA (Keys Available)",
    "flat_type": "3-Room (income ceiling $6,000)",
    "lcd_date": "01 Jan 1985",
    "pcd_date": "-",
    "quota_chinese": 3,
    "quota_malay": 3,
    "quota_other": 3,
    "street": "YISHUN RING RD",
    "town": "Yishun"
},
{
    "apartments": [
        {
            "area": 68.0,
            "floor": 2,
            "is_repurchased": true,
            "lease_price_list": [
                {
                    "lease": null,
                    "price": 221000
                }
            ],
            "unit": 44
        }
    ],
    "block_code": {
        "block_num": "152",
        "contract": "C13",
        "neighbourhood": "N1"
    },
    "dpd_date": "NA (Keys Available)",
    "flat_type": "3-Room (income ceiling $6,000)",
    "lcd_date": "01 Mar 1985",
    "pcd_date": "-",
    "quota_chinese": 1,
    "quota_malay": 1,
    "quota_other": 1,
    "street": "YISHUN ST 11",
    "town": "Yishun"
},
{
    "apartments": [
        {
            "area": 74.0,
            "floor": 9,
            "is_repurchased": true,
            "lease_price_list": [
                {
                    "lease": null,
                    "price": 198000
                }
            ],
            "unit": 120
        }
    ],
    "block_code": {
        "block_num": "284",
        "contract": "C11",
        "neighbourhood": "N2"
    },
    "dpd_date": "NA (Keys Available)",
    "flat_type": "3-Room (income ceiling $6,000)",
    "lcd_date": "01 Aug 1987",
    "pcd_date": "-",
    "quota_chinese": 1,
    "quota_malay": 1,
    "quota_other": 1,
    "street": "YISHUN AVE 6",
    "town": "Yishun"
},
{
    "apartments": [
        {
            "area": 67.0,
            "floor": 8,
            "is_repurchased": false,
            "lease_price_list": [
                {
                    "lease": null,
                    "price": 209900
                }
            ],
            "unit": 77
        },
        {
            "area": 67.0,
            "floor": 7,
            "is_repurchased": false,
            "lease_price_list": [
                {
                    "lease": null,
                    "price": 210300
                }
            ],
            "unit": 79
        }
    ],
    "block_code": {
        "block_num": "335A",
        "contract": "C21",
        "neighbourhood": "N3"
    },
    "dpd_date": "NA (Keys Available)",
    "flat_type": "3-Room (income ceiling $6,000)",
    "lcd_date": "01 Nov 2015",
    "pcd_date": "-",
    "quota_chinese": 2,
    "quota_malay": 2,
    "quota_other": 0,
    "street": "YISHUN ST 31",
    "town": "Yishun"
},
{
    "apartments": [
        {
            "area": 67.0,
            "floor": 10,
            "is_repurchased": false,
            "lease_price_list": [
                {
                    "lease": null,
                    "price": 203700
                }
            ],
            "unit": 601
        }
    ],
    "block_code": {
        "block_num": "431B",
        "contract": "C7",
        "neighbourhood": "N4"
    },
    "dpd_date": "NA (Keys Available)",
    "flat_type": "3-Room (income ceiling $6,000)",
    "lcd_date": "01 Sep 2015",
    "pcd_date": "-",
    "quota_chinese": 1,
    "quota_malay": 1,
    "quota_other": 0,
    "street": "YISHUN AVE 1",
    "town": "Yishun"
},
{
    "apartments": [
        {
            "area": 67.0,
            "floor": 9,
            "is_repurchased": false,
            "lease_price_list": [
                {
                    "lease": null,
                    "price": 202700
                }
            ],
            "unit": 579
        }
    ],
    "block_code": {
        "block_num": "431C",
        "contract": "C7",
        "neighbourhood": "N4"
    },
    "dpd_date": "NA (Keys Available)",
    "flat_type": "3-Room (income ceiling $6,000)",
    "lcd_date": "01 Sep 2015",
    "pcd_date": "-",
    "quota_chinese": 1,
    "quota_malay": 0,
    "quota_other": 0,
    "street": "YISHUN AVE 1",
    "town": "Yishun"
},
{
    "apartments": [
        {
            "area": 67.0,
            "floor": 9,
            "is_repurchased": false,
            "lease_price_list": [
                {
                    "lease": null,
                    "price": 207900
                }
            ],
            "unit": 484
        }
    ],
    "block_code": {
        "block_num": "501A",
        "contract": "C1",
        "neighbourhood": "N5"
    },
    "dpd_date": "NA (Keys Available)",
    "flat_type": "3-Room (income ceiling $6,000)",
    "lcd_date": "01 Jan 2018",
    "pcd_date": "-",
    "quota_chinese": 1,
    "quota_malay": 1,
    "quota_other": 0,
    "street": "YISHUN ST 51",
    "town": "Yishun"
},
{
    "apartments": [
        {
            "area": 68.0,
            "floor": 11,
            "is_repurchased": false,
            "lease_price_list": [
                {
                    "lease": null,
                    "price": 202800
                }
            ],
            "unit": 138
        },
        {
            "area": 68.0,
            "floor": 12,
            "is_repurchased": false,
            "lease_price_list": [
                {
                    "lease": null,
                    "price": 203800
                }
            ],
            "unit": 138
        },
        {
            "area": 68.0,
            "floor": 8,
            "is_repurchased": false,
            "lease_price_list": [
                {
                    "lease": null,
                    "price": 199800
                }
            ],
            "unit": 140
        },
        {
            "area": 68.0,
            "floor": 3,
            "is_repurchased": false,
            "lease_price_list": [
                {
                    "lease": null,
                    "price": 186300
                }
            ],
            "unit": 142
        },
        {
            "area": 68.0,
            "floor": 10,
            "is_repurchased": false,
            "lease_price_list": [
                {
                    "lease": null,
                    "price": 201800
                }
            ],
            "unit": 146
        }
    ],
    "block_code": {
        "block_num": "506B",
        "contract": "C4",
        "neighbourhood": "N5"
    },
    "dpd_date": "NA (Keys Available)",
    "flat_type": "3-Room (income ceiling $6,000)",
    "lcd_date": "01 Apr 2018",
    "pcd_date": "-",
    "quota_chinese": 5,
    "quota_malay": 1,
    "quota_other": 0,
    "street": "YISHUN AVE 4",
    "town": "Yishun"
},
{
    "apartments": [
        {
            "area": 68.0,
            "floor": 10,
            "is_repurchased": false,
            "lease_price_list": [
                {
                    "lease": null,
                    "price": 201800
                }
            ],
            "unit": 114
        },
        {
            "area": 68.0,
            "floor": 11,
            "is_repurchased": false,
            "lease_price_list": [
                {
                    "lease": null,
                    "price": 202800
                }
            ],
            "unit": 116
        },
        {
            "area": 68.0,
            "floor": 13,
            "is_repurchased": false,
            "lease_price_list": [
                {
                    "lease": null,
                    "price": 207100
                }
            ],
            "unit": 118
        }
    ],
    "block_code": {
        "block_num": "506C",
        "contract": "C4",
        "neighbourhood": "N5"
    },
    "dpd_date": "NA (Keys Available)",
    "flat_type": "3-Room (income ceiling $6,000)",
    "lcd_date": "01 Apr 2018",
    "pcd_date": "-",
    "quota_chinese": 3,
    "quota_malay": 3,
    "quota_other": 1,
    "street": "YISHUN AVE 4",
    "town": "Yishun"
},
{
    "apartments": [
        {
            "area": 68.0,
            "floor": 8,
            "is_repurchased": false,
            "lease_price_list": [
                {
                    "lease": null,
                    "price": 199800
                }
            ],
            "unit": 104
        }
    ],
    "block_code": {
        "block_num": "507A",
        "contract": "C4",
        "neighbourhood": "N5"
    },
    "dpd_date": "NA (Keys Available)",
    "flat_type": "3-Room (income ceiling $6,000)",
    "lcd_date": "01 Apr 2018",
    "pcd_date": "-",
    "quota_chinese": 1,
    "quota_malay": 1,
    "quota_other": 0,
    "street": "YISHUN AVE 4",
    "town": "Yishun"
},
{
    "apartments": [
        {
            "area": 68.0,
            "floor": 10,
            "is_repurchased": false,
            "lease_price_list": [
                {
                    "lease": null,
                    "price": 201800
                }
            ],
            "unit": 82
        },
        {
            "area": 68.0,
            "floor": 13,
            "is_repurchased": false,
            "lease_price_list": [
                {
                    "lease": null,
                    "price": 203800
                }
            ],
            "unit": 82
        }
    ],
    "block_code": {
        "block_num": "508A",
        "contract": "C4",
        "neighbourhood": "N5"
    },
    "dpd_date": "NA (Keys Available)",
    "flat_type": "3-Room (income ceiling $6,000)",
    "lcd_date": "01 Apr 2018",
    "pcd_date": "-",
    "quota_chinese": 2,
    "quota_malay": 2,
    "quota_other": 0,
    "street": "YISHUN AVE 4",
    "town": "Yishun"
},
{
    "apartments": [
        {
            "area": 68.0,
            "floor": 13,
            "is_repurchased": false,
            "lease_price_list": [
                {
                    "lease": null,
                    "price": 207900
                }
            ],
            "unit": 413
        }
    ],
    "block_code": {
        "block_num": "511A",
        "contract": "C6",
        "neighbourhood": "N5"
    },
    "dpd_date": "NA (Keys Available)",
    "flat_type": "3-Room (income ceiling $6,000)",
    "lcd_date": "01 Aug 2017",
    "pcd_date": "-",
    "quota_chinese": 1,
    "quota_malay": 1,
    "quota_other": 1,
    "street": "YISHUN ST 51",
    "town": "Yishun"
},
{
    "apartments": [
        {
            "area": 68.0,
            "floor": 5,
            "is_repurchased": false,
            "lease_price_list": [
                {
                    "lease": null,
                    "price": 196400
                }
            ],
            "unit": 451
        },
        {
            "area": 68.0,
            "floor": 11,
            "is_repurchased": false,
            "lease_price_list": [
                {
                    "lease": null,
                    "price": 206900
                }
            ],
            "unit": 453
        }
    ],
    "block_code": {
        "block_num": "511C",
        "contract": "C6",
        "neighbourhood": "N5"
    },
    "dpd_date": "NA (Keys Available)",
    "flat_type": "3-Room (income ceiling $6,000)",
    "lcd_date": "01 Aug 2017",
    "pcd_date": "-",
    "quota_chinese": 2,
    "quota_malay": 2,
    "quota_other": 0,
    "street": "YISHUN ST 51",
    "town": "Yishun"
},
{
    "apartments": [
        {
            "area": 68.0,
            "floor": 12,
            "is_repurchased": false,
            "lease_price_list": [
                {
                    "lease": null,
                    "price": 207900
                }
            ],
            "unit": 507
        }
    ],
    "block_code": {
        "block_num": "512A",
        "contract": "C6",
        "neighbourhood": "N5"
    },
    "dpd_date": "NA (Keys Available)",
    "flat_type": "3-Room (income ceiling $6,000)",
    "lcd_date": "01 Aug 2017",
    "pcd_date": "-",
    "quota_chinese": 1,
    "quota_malay": 1,
    "quota_other": 1,
    "street": "YISHUN ST 51",
    "town": "Yishun"
},
{
    "apartments": [
        {
            "area": 68.0,
            "floor": 13,
            "is_repurchased": false,
            "lease_price_list": [
                {
                    "lease": null,
                    "price": 191600
                }
            ],
            "unit": 600
        },
        {
            "area": 68.0,
            "floor": 8,
            "is_repurchased": false,
            "lease_price_list": [
                {
                    "lease": null,
                    "price": 187800
                }
            ],
            "unit": 610
        }
    ],
    "block_code": {
        "block_num": "671A",
        "contract": "C19",
        "neighbourhood": "N6"
    },
    "dpd_date": "NA (Keys Available)",
    "flat_type": "3-Room (income ceiling $6,000)",
    "lcd_date": "01 Jan 2018",
    "pcd_date": "-",
    "quota_chinese": 2,
    "quota_malay": 1,
    "quota_other": 1,
    "street": "YISHUN AVE 4",
    "town": "Yishun"
},
{
    "apartments": [
        {
            "area": 68.0,
            "floor": 10,
            "is_repurchased": false,
            "lease_price_list": [
                {
                    "lease": null,
                    "price": 186700
                }
            ],
            "unit": 508
        },
        {
            "area": 68.0,
            "floor": 13,
            "is_repurchased": false,
            "lease_price_list": [
                {
                    "lease": null,
                    "price": 185400
                }
            ],
            "unit": 508
        }
    ],
    "block_code": {
        "block_num": "672A",
        "contract": "C19",
        "neighbourhood": "N6"
    },
    "dpd_date": "NA (Keys Available)",
    "flat_type": "3-Room (income ceiling $6,000)",
    "lcd_date": "01 Jan 2018",
    "pcd_date": "-",
    "quota_chinese": 2,
    "quota_malay": 2,
    "quota_other": 2,
    "street": "YISHUN AVE 4",
    "town": "Yishun"
},
{
    "apartments": [
        {
            "area": 68.0,
            "floor": 9,
            "is_repurchased": false,
            "lease_price_list": [
                {
                    "lease": null,
                    "price": 185700
                }
            ],
            "unit": 530
        }
    ],
    "block_code": {
        "block_num": "672B",
        "contract": "C19",
        "neighbourhood": "N6"
    },
    "dpd_date": "NA (Keys Available)",
    "flat_type": "3-Room (income ceiling $6,000)",
    "lcd_date": "01 Jan 2018",
    "pcd_date": "-",
    "quota_chinese": 1,
    "quota_malay": 1,
    "quota_other": 1,
    "street": "YISHUN AVE 4",
    "town": "Yishun"
},
{
    "apartments": [
        {
            "area": 68.0,
            "floor": 13,
            "is_repurchased": false,
            "lease_price_list": [
                {
                    "lease": null,
                    "price": 185600
                }
            ],
            "unit": 566
        }
    ],
    "block_code": {
        "block_num": "672C",
        "contract": "C19",
        "neighbourhood": "N6"
    },
    "dpd_date": "NA (Keys Available)",
    "flat_type": "3-Room (income ceiling $6,000)",
    "lcd_date": "01 Jan 2018",
    "pcd_date": "-",
    "quota_chinese": 1,
    "quota_malay": 1,
    "quota_other": 0,
    "street": "YISHUN AVE 4",
    "town": "Yishun"
},
{
    "apartments": [
        {
            "area": 68.0,
            "floor": 12,
            "is_repurchased": false,
            "lease_price_list": [
                {
                    "lease": null,
                    "price": 188100
                }
            ],
            "unit": 802
        }
    ],
    "block_code": {
        "block_num": "675C",
        "contract": "C17",
        "neighbourhood": "N6"
    },
    "dpd_date": "31 Oct 2018",
    "flat_type": "3-Room (income ceiling $6,000)",
    "lcd_date": "-",
    "pcd_date": "05/2017",
    "quota_chinese": 1,
    "quota_malay": 1,
    "quota_other": 1,
    "street": "YISHUN AVE 4",
    "town": "Yishun"
},
{
    "apartments": [
        {
            "area": 68.0,
            "floor": 5,
            "is_repurchased": false,
            "lease_price_list": [
                {
                    "lease": null,
                    "price": 176600
                }
            ],
            "unit": 814
        },
        {
            "area": 68.0,
            "floor": 13,
            "is_repurchased": false,
            "lease_price_list": [
                {
                    "lease": null,
                    "price": 191500
                }
            ],
            "unit": 822
        },
        {
            "area": 68.0,
            "floor": 2,
            "is_repurchased": false,
            "lease_price_list": [
                {
                    "lease": null,
                    "price": 167600
                }
            ],
            "unit": 834
        }
    ],
    "block_code": {
        "block_num": "675D",
        "contract": "C17",
        "neighbourhood": "N6"
    },
    "dpd_date": "31 Oct 2018",
    "flat_type": "3-Room (income ceiling $6,000)",
    "lcd_date": "-",
    "pcd_date": "09/2017",
    "quota_chinese": 3,
    "quota_malay": 3,
    "quota_other": 1,
    "street": "YISHUN AVE 4",
    "town": "Yishun"
},
{
    "apartments": [
        {
            "area": 72.0,
            "floor": 1,
            "is_repurchased": false,
            "lease_price_list": [
                {
                    "lease": null,
                    "price": 209000
                }
            ],
            "unit": 286
        }
    ],
    "block_code": {
        "block_num": "702",
        "contract": "C1",
        "neighbourhood": "N7"
    },
    "dpd_date": "NA (Keys Available)",
    "flat_type": "3-Room (income ceiling $6,000)",
    "lcd_date": "01 Jun 1984",
    "pcd_date": "-",
    "quota_chinese": 1,
    "quota_malay": 1,
    "quota_other": 1,
    "street": "YISHUN AVE 5",
    "town": "Yishun"
},
{
    "apartments": [
        {
            "area": 67.0,
            "floor": 4,
            "is_repurchased": true,
            "lease_price_list": [
                {
                    "lease": null,
                    "price": 234000
                }
            ],
            "unit": 197
        }
    ],
    "block_code": {
        "block_num": "744",
        "contract": "C7",
        "neighbourhood": "N7"
    },
    "dpd_date": "NA (Keys Available)",
    "flat_type": "3-Room (income ceiling $6,000)",
    "lcd_date": "01 Aug 1984",
    "pcd_date": "-",
    "quota_chinese": 1,
    "quota_malay": 1,
    "quota_other": 1,
    "street": "YISHUN ST 72",
    "town": "Yishun"
},
{
    "apartments": [
        {
            "area": 67.0,
            "floor": 11,
            "is_repurchased": false,
            "lease_price_list": [
                {
                    "lease": null,
                    "price": 235700
                }
            ],
            "unit": 4413
        },
        {
            "area": 67.0,
            "floor": 8,
            "is_repurchased": false,
            "lease_price_list": [
                {
                    "lease": null,
                    "price": 236600
                }
            ],
            "unit": 4415
        }
    ],
    "block_code": {
        "block_num": "813A",
        "contract": "C15",
        "neighbourhood": "N8"
    },
    "dpd_date": "NA (Keys Available)",
    "flat_type": "3-Room (income ceiling $6,000)",
    "lcd_date": "01 May 2018",
    "pcd_date": "-",
    "quota_chinese": 2,
    "quota_malay": 2,
    "quota_other": 2,
    "street": "YISHUN RING RD",
    "town": "Yishun"
},
{
    "apartments": [
        {
            "area": 67.0,
            "floor": 13,
            "is_repurchased": false,
            "lease_price_list": [
                {
                    "lease": null,
                    "price": 241600
                }
            ],
            "unit": 4447
        }
    ],
    "block_code": {
        "block_num": "813B",
        "contract": "C15",
        "neighbourhood": "N8"
    },
    "dpd_date": "NA (Keys Available)",
    "flat_type": "3-Room (income ceiling $6,000)",
    "lcd_date": "01 May 2018",
    "pcd_date": "-",
    "quota_chinese": 1,
    "quota_malay": 1,
    "quota_other": 1,
    "street": "YISHUN RING RD",
    "town": "Yishun"
}]
