[{
    "apartments": [
        {
            "area": 84.0,
            "floor": 8,
            "is_repurchased": true,
            "lease_price_list": [
                {
                    "lease": null,
                    "price": 228000
                }
            ],
            "unit": 409
        }
    ],
    "block_code": {
        "block_num": "112",
        "contract": "C6",
        "neighbourhood": "N1"
    },
    "dpd_date": "NA (Keys Available)",
    "flat_type": "4-Room",
    "lcd_date": "01 Nov 1985",
    "pcd_date": "-",
    "quota_chinese": 1,
    "quota_malay": 1,
    "quota_other": 1,
    "street": "YISHUN RING RD",
    "town": "Yishun"
},
{
    "apartments": [
        {
            "area": 91.0,
            "floor": 3,
            "is_repurchased": true,
            "lease_price_list": [
                {
                    "lease": null,
                    "price": 246000
                }
            ],
            "unit": 479
        }
    ],
    "block_code": {
        "block_num": "122",
        "contract": "C7",
        "neighbourhood": "N1"
    },
    "dpd_date": "NA (Keys Available)",
    "flat_type": "4-Room",
    "lcd_date": "01 Nov 1984",
    "pcd_date": "-",
    "quota_chinese": 1,
    "quota_malay": 1,
    "quota_other": 1,
    "street": "YISHUN ST 11",
    "town": "Yishun"
},
{
    "apartments": [
        {
            "area": 98.0,
            "floor": 6,
            "is_repurchased": true,
            "lease_price_list": [
                {
                    "lease": null,
                    "price": 306000
                }
            ],
            "unit": 153
        }
    ],
    "block_code": {
        "block_num": "212",
        "contract": "C1",
        "neighbourhood": "N2"
    },
    "dpd_date": "NA (Keys Available)",
    "flat_type": "4-Room",
    "lcd_date": "01 Apr 1985",
    "pcd_date": "-",
    "quota_chinese": 1,
    "quota_malay": 1,
    "quota_other": 1,
    "street": "YISHUN ST 21",
    "town": "Yishun"
},
{
    "apartments": [
        {
            "area": 104.0,
            "floor": 2,
            "is_repurchased": true,
            "lease_price_list": [
                {
                    "lease": null,
                    "price": 261000
                }
            ],
            "unit": 215
        }
    ],
    "block_code": {
        "block_num": "250",
        "contract": "C9",
        "neighbourhood": "N2"
    },
    "dpd_date": "NA (Keys Available)",
    "flat_type": "4-Room",
    "lcd_date": "01 May 1985",
    "pcd_date": "-",
    "quota_chinese": 1,
    "quota_malay": 1,
    "quota_other": 1,
    "street": "YISHUN AVE 9",
    "town": "Yishun"
},
{
    "apartments": [
        {
            "area": 92.0,
            "floor": 9,
            "is_repurchased": false,
            "lease_price_list": [
                {
                    "lease": null,
                    "price": 304300
                }
            ],
            "unit": 83
        }
    ],
    "block_code": {
        "block_num": "334A",
        "contract": "C21",
        "neighbourhood": "N3"
    },
    "dpd_date": "NA (Keys Available)",
    "flat_type": "4-Room",
    "lcd_date": "01 Nov 2015",
    "pcd_date": "-",
    "quota_chinese": 1,
    "quota_malay": 1,
    "quota_other": 1,
    "street": "YISHUN ST 31",
    "town": "Yishun"
},
{
    "apartments": [
        {
            "area": 92.0,
            "floor": 9,
            "is_repurchased": false,
            "lease_price_list": [
                {
                    "lease": null,
                    "price": 308600
                }
            ],
            "unit": 71
        }
    ],
    "block_code": {
        "block_num": "335A",
        "contract": "C21",
        "neighbourhood": "N3"
    },
    "dpd_date": "NA (Keys Available)",
    "flat_type": "4-Room",
    "lcd_date": "01 Nov 2015",
    "pcd_date": "-",
    "quota_chinese": 1,
    "quota_malay": 1,
    "quota_other": 1,
    "street": "YISHUN ST 31",
    "town": "Yishun"
},
{
    "apartments": [
        {
            "area": 93.0,
            "floor": 6,
            "is_repurchased": false,
            "lease_price_list": [
                {
                    "lease": null,
                    "price": 298800
                }
            ],
            "unit": 1930
        }
    ],
    "block_code": {
        "block_num": "342B",
        "contract": "C20",
        "neighbourhood": "N3"
    },
    "dpd_date": "NA (Keys Available)",
    "flat_type": "4-Room",
    "lcd_date": "01 Jan 2016",
    "pcd_date": "-",
    "quota_chinese": 1,
    "quota_malay": 1,
    "quota_other": 1,
    "street": "YISHUN RING RD",
    "town": "Yishun"
},
{
    "apartments": [
        {
            "area": 96.0,
            "floor": 11,
            "is_repurchased": false,
            "lease_price_list": [
                {
                    "lease": null,
                    "price": 323300
                }
            ],
            "unit": 1946
        }
    ],
    "block_code": {
        "block_num": "342C",
        "contract": "C20",
        "neighbourhood": "N3"
    },
    "dpd_date": "NA (Keys Available)",
    "flat_type": "4-Room",
    "lcd_date": "01 Jan 2016",
    "pcd_date": "-",
    "quota_chinese": 1,
    "quota_malay": 1,
    "quota_other": 1,
    "street": "YISHUN RING RD",
    "town": "Yishun"
},
{
    "apartments": [
        {
            "area": 92.0,
            "floor": 6,
            "is_repurchased": false,
            "lease_price_list": [
                {
                    "lease": null,
                    "price": 282900
                }
            ],
            "unit": 110
        }
    ],
    "block_code": {
        "block_num": "426B",
        "contract": "C4",
        "neighbourhood": "N4"
    },
    "dpd_date": "NA (Keys Available)",
    "flat_type": "4-Room",
    "lcd_date": "01 Mar 2015",
    "pcd_date": "-",
    "quota_chinese": 1,
    "quota_malay": 1,
    "quota_other": 1,
    "street": "YISHUN AVE 11",
    "town": "Yishun"
},
{
    "apartments": [
        {
            "area": 92.0,
            "floor": 11,
            "is_repurchased": false,
            "lease_price_list": [
                {
                    "lease": null,
                    "price": 291700
                }
            ],
            "unit": 583
        },
        {
            "area": 92.0,
            "floor": 9,
            "is_repurchased": false,
            "lease_price_list": [
                {
                    "lease": null,
                    "price": 288900
                }
            ],
            "unit": 585
        }
    ],
    "block_code": {
        "block_num": "431C",
        "contract": "C7",
        "neighbourhood": "N4"
    },
    "dpd_date": "NA (Keys Available)",
    "flat_type": "4-Room",
    "lcd_date": "01 Sep 2015",
    "pcd_date": "-",
    "quota_chinese": 2,
    "quota_malay": 2,
    "quota_other": 1,
    "street": "YISHUN AVE 1",
    "town": "Yishun"
},
{
    "apartments": [
        {
            "area": 92.0,
            "floor": 9,
            "is_repurchased": false,
            "lease_price_list": [
                {
                    "lease": null,
                    "price": 315300
                }
            ],
            "unit": 482
        }
    ],
    "block_code": {
        "block_num": "501A",
        "contract": "C1",
        "neighbourhood": "N5"
    },
    "dpd_date": "NA (Keys Available)",
    "flat_type": "4-Room",
    "lcd_date": "01 Jan 2018",
    "pcd_date": "-",
    "quota_chinese": 1,
    "quota_malay": 1,
    "quota_other": 1,
    "street": "YISHUN ST 51",
    "town": "Yishun"
},
{
    "apartments": [
        {
            "area": 92.0,
            "floor": 3,
            "is_repurchased": false,
            "lease_price_list": [
                {
                    "lease": null,
                    "price": 299400
                }
            ],
            "unit": 476
        },
        {
            "area": 92.0,
            "floor": 3,
            "is_repurchased": false,
            "lease_price_list": [
                {
                    "lease": null,
                    "price": 294100
                }
            ],
            "unit": 478
        }
    ],
    "block_code": {
        "block_num": "501B",
        "contract": "C1",
        "neighbourhood": "N5"
    },
    "dpd_date": "NA (Keys Available)",
    "flat_type": "4-Room",
    "lcd_date": "01 Jan 2018",
    "pcd_date": "-",
    "quota_chinese": 2,
    "quota_malay": 2,
    "quota_other": 2,
    "street": "YISHUN ST 51",
    "town": "Yishun"
},
{
    "apartments": [
        {
            "area": 92.0,
            "floor": 10,
            "is_repurchased": false,
            "lease_price_list": [
                {
                    "lease": null,
                    "price": 316700
                }
            ],
            "unit": 404
        },
        {
            "area": 92.0,
            "floor": 13,
            "is_repurchased": false,
            "lease_price_list": [
                {
                    "lease": null,
                    "price": 329700
                }
            ],
            "unit": 406
        },
        {
            "area": 92.0,
            "floor": 5,
            "is_repurchased": false,
            "lease_price_list": [
                {
                    "lease": null,
                    "price": 303100
                }
            ],
            "unit": 420
        }
    ],
    "block_code": {
        "block_num": "502A",
        "contract": "C1",
        "neighbourhood": "N5"
    },
    "dpd_date": "NA (Keys Available)",
    "flat_type": "4-Room",
    "lcd_date": "01 Jan 2018",
    "pcd_date": "-",
    "quota_chinese": 3,
    "quota_malay": 2,
    "quota_other": 1,
    "street": "YISHUN ST 51",
    "town": "Yishun"
},
{
    "apartments": [
        {
            "area": 92.0,
            "floor": 5,
            "is_repurchased": false,
            "lease_price_list": [
                {
                    "lease": null,
                    "price": 303100
                }
            ],
            "unit": 428
        }
    ],
    "block_code": {
        "block_num": "502B",
        "contract": "C1",
        "neighbourhood": "N5"
    },
    "dpd_date": "NA (Keys Available)",
    "flat_type": "4-Room",
    "lcd_date": "01 Jan 2018",
    "pcd_date": "-",
    "quota_chinese": 1,
    "quota_malay": 1,
    "quota_other": 1,
    "street": "YISHUN ST 51",
    "town": "Yishun"
},
{
    "apartments": [
        {
            "area": 92.0,
            "floor": 9,
            "is_repurchased": false,
            "lease_price_list": [
                {
                    "lease": null,
                    "price": 315300
                }
            ],
            "unit": 440
        }
    ],
    "block_code": {
        "block_num": "502C",
        "contract": "C1",
        "neighbourhood": "N5"
    },
    "dpd_date": "NA (Keys Available)",
    "flat_type": "4-Room",
    "lcd_date": "01 Jan 2018",
    "pcd_date": "-",
    "quota_chinese": 1,
    "quota_malay": 1,
    "quota_other": 1,
    "street": "YISHUN ST 51",
    "town": "Yishun"
},
{
    "apartments": [
        {
            "area": 92.0,
            "floor": 4,
            "is_repurchased": false,
            "lease_price_list": [
                {
                    "lease": null,
                    "price": 293300
                }
            ],
            "unit": 460
        }
    ],
    "block_code": {
        "block_num": "502D",
        "contract": "C1",
        "neighbourhood": "N5"
    },
    "dpd_date": "NA (Keys Available)",
    "flat_type": "4-Room",
    "lcd_date": "01 Jan 2018",
    "pcd_date": "-",
    "quota_chinese": 1,
    "quota_malay": 1,
    "quota_other": 1,
    "street": "YISHUN ST 51",
    "town": "Yishun"
},
{
    "apartments": [
        {
            "area": 92.0,
            "floor": 3,
            "is_repurchased": false,
            "lease_price_list": [
                {
                    "lease": null,
                    "price": 263500
                }
            ],
            "unit": 120
        }
    ],
    "block_code": {
        "block_num": "504C",
        "contract": "C2",
        "neighbourhood": "N5"
    },
    "dpd_date": "NA (Keys Available)",
    "flat_type": "4-Room",
    "lcd_date": "01 Mar 2016",
    "pcd_date": "-",
    "quota_chinese": 1,
    "quota_malay": 1,
    "quota_other": 1,
    "street": "YISHUN ST 51",
    "town": "Yishun"
},
{
    "apartments": [
        {
            "area": 93.0,
            "floor": 9,
            "is_repurchased": false,
            "lease_price_list": [
                {
                    "lease": null,
                    "price": 312100
                }
            ],
            "unit": 132
        },
        {
            "area": 93.0,
            "floor": 11,
            "is_repurchased": false,
            "lease_price_list": [
                {
                    "lease": null,
                    "price": 309700
                }
            ],
            "unit": 134
        },
        {
            "area": 93.0,
            "floor": 12,
            "is_repurchased": false,
            "lease_price_list": [
                {
                    "lease": null,
                    "price": 311100
                }
            ],
            "unit": 134
        },
        {
            "area": 93.0,
            "floor": 9,
            "is_repurchased": false,
            "lease_price_list": [
                {
                    "lease": null,
                    "price": 312100
                }
            ],
            "unit": 136
        },
        {
            "area": 93.0,
            "floor": 13,
            "is_repurchased": false,
            "lease_price_list": [
                {
                    "lease": null,
                    "price": 316300
                }
            ],
            "unit": 136
        }
    ],
    "block_code": {
        "block_num": "506B",
        "contract": "C4",
        "neighbourhood": "N5"
    },
    "dpd_date": "NA (Keys Available)",
    "flat_type": "4-Room",
    "lcd_date": "01 Apr 2018",
    "pcd_date": "-",
    "quota_chinese": 5,
    "quota_malay": 0,
    "quota_other": 2,
    "street": "YISHUN AVE 4",
    "town": "Yishun"
},
{
    "apartments": [
        {
            "area": 93.0,
            "floor": 2,
            "is_repurchased": false,
            "lease_price_list": [
                {
                    "lease": null,
                    "price": 281500
                }
            ],
            "unit": 98
        },
        {
            "area": 93.0,
            "floor": 12,
            "is_repurchased": false,
            "lease_price_list": [
                {
                    "lease": null,
                    "price": 316300
                }
            ],
            "unit": 98
        },
        {
            "area": 93.0,
            "floor": 11,
            "is_repurchased": false,
            "lease_price_list": [
                {
                    "lease": null,
                    "price": 314900
                }
            ],
            "unit": 106
        },
        {
            "area": 93.0,
            "floor": 4,
            "is_repurchased": false,
            "lease_price_list": [
                {
                    "lease": null,
                    "price": 290500
                }
            ],
            "unit": 108
        },
        {
            "area": 93.0,
            "floor": 5,
            "is_repurchased": false,
            "lease_price_list": [
                {
                    "lease": null,
                    "price": 295200
                }
            ],
            "unit": 112
        }
    ],
    "block_code": {
        "block_num": "507A",
        "contract": "C4",
        "neighbourhood": "N5"
    },
    "dpd_date": "NA (Keys Available)",
    "flat_type": "4-Room",
    "lcd_date": "01 Apr 2018",
    "pcd_date": "-",
    "quota_chinese": 5,
    "quota_malay": 4,
    "quota_other": 4,
    "street": "YISHUN AVE 4",
    "town": "Yishun"
},
{
    "apartments": [
        {
            "area": 93.0,
            "floor": 11,
            "is_repurchased": false,
            "lease_price_list": [
                {
                    "lease": null,
                    "price": 314900
                }
            ],
            "unit": 90
        }
    ],
    "block_code": {
        "block_num": "508A",
        "contract": "C4",
        "neighbourhood": "N5"
    },
    "dpd_date": "NA (Keys Available)",
    "flat_type": "4-Room",
    "lcd_date": "01 Apr 2018",
    "pcd_date": "-",
    "quota_chinese": 1,
    "quota_malay": 1,
    "quota_other": 1,
    "street": "YISHUN AVE 4",
    "town": "Yishun"
},
{
    "apartments": [
        {
            "area": 93.0,
            "floor": 6,
            "is_repurchased": false,
            "lease_price_list": [
                {
                    "lease": null,
                    "price": 293500
                }
            ],
            "unit": 10
        }
    ],
    "block_code": {
        "block_num": "509A",
        "contract": "C4",
        "neighbourhood": "N5"
    },
    "dpd_date": "NA (Keys Available)",
    "flat_type": "4-Room",
    "lcd_date": "01 Apr 2018",
    "pcd_date": "-",
    "quota_chinese": 1,
    "quota_malay": 1,
    "quota_other": 1,
    "street": "YISHUN AVE 4",
    "town": "Yishun"
},
{
    "apartments": [
        {
            "area": 93.0,
            "floor": 8,
            "is_repurchased": false,
            "lease_price_list": [
                {
                    "lease": null,
                    "price": 315900
                }
            ],
            "unit": 20
        },
        {
            "area": 93.0,
            "floor": 9,
            "is_repurchased": false,
            "lease_price_list": [
                {
                    "lease": null,
                    "price": 312300
                }
            ],
            "unit": 20
        },
        {
            "area": 93.0,
            "floor": 10,
            "is_repurchased": false,
            "lease_price_list": [
                {
                    "lease": null,
                    "price": 313700
                }
            ],
            "unit": 20
        }
    ],
    "block_code": {
        "block_num": "509B",
        "contract": "C4",
        "neighbourhood": "N5"
    },
    "dpd_date": "NA (Keys Available)",
    "flat_type": "4-Room",
    "lcd_date": "01 Apr 2018",
    "pcd_date": "-",
    "quota_chinese": 3,
    "quota_malay": 2,
    "quota_other": 3,
    "street": "YISHUN AVE 4",
    "town": "Yishun"
},
{
    "apartments": [
        {
            "area": 93.0,
            "floor": 7,
            "is_repurchased": false,
            "lease_price_list": [
                {
                    "lease": null,
                    "price": 307400
                }
            ],
            "unit": 38
        }
    ],
    "block_code": {
        "block_num": "509C",
        "contract": "C4",
        "neighbourhood": "N5"
    },
    "dpd_date": "NA (Keys Available)",
    "flat_type": "4-Room",
    "lcd_date": "01 Apr 2018",
    "pcd_date": "-",
    "quota_chinese": 1,
    "quota_malay": 1,
    "quota_other": 0,
    "street": "YISHUN AVE 4",
    "town": "Yishun"
},
{
    "apartments": [
        {
            "area": 93.0,
            "floor": 3,
            "is_repurchased": false,
            "lease_price_list": [
                {
                    "lease": null,
                    "price": 288800
                }
            ],
            "unit": 415
        },
        {
            "area": 93.0,
            "floor": 9,
            "is_repurchased": false,
            "lease_price_list": [
                {
                    "lease": null,
                    "price": 315000
                }
            ],
            "unit": 417
        }
    ],
    "block_code": {
        "block_num": "511A",
        "contract": "C6",
        "neighbourhood": "N5"
    },
    "dpd_date": "NA (Keys Available)",
    "flat_type": "4-Room",
    "lcd_date": "01 Aug 2017",
    "pcd_date": "-",
    "quota_chinese": 2,
    "quota_malay": 2,
    "quota_other": 2,
    "street": "YISHUN ST 51",
    "town": "Yishun"
},
{
    "apartments": [
        {
            "area": 93.0,
            "floor": 12,
            "is_repurchased": false,
            "lease_price_list": [
                {
                    "lease": null,
                    "price": 329700
                }
            ],
            "unit": 425
        },
        {
            "area": 93.0,
            "floor": 6,
            "is_repurchased": false,
            "lease_price_list": [
                {
                    "lease": null,
                    "price": 306600
                }
            ],
            "unit": 433
        }
    ],
    "block_code": {
        "block_num": "511B",
        "contract": "C6",
        "neighbourhood": "N5"
    },
    "dpd_date": "NA (Keys Available)",
    "flat_type": "4-Room",
    "lcd_date": "01 Aug 2017",
    "pcd_date": "-",
    "quota_chinese": 2,
    "quota_malay": 2,
    "quota_other": 2,
    "street": "YISHUN ST 51",
    "town": "Yishun"
},
{
    "apartments": [
        {
            "area": 93.0,
            "floor": 2,
            "is_repurchased": false,
            "lease_price_list": [
                {
                    "lease": null,
                    "price": 279300
                }
            ],
            "unit": 509
        },
        {
            "area": 93.0,
            "floor": 4,
            "is_repurchased": false,
            "lease_price_list": [
                {
                    "lease": null,
                    "price": 293300
                }
            ],
            "unit": 509
        },
        {
            "area": 93.0,
            "floor": 11,
            "is_repurchased": false,
            "lease_price_list": [
                {
                    "lease": null,
                    "price": 312800
                }
            ],
            "unit": 513
        }
    ],
    "block_code": {
        "block_num": "512A",
        "contract": "C6",
        "neighbourhood": "N5"
    },
    "dpd_date": "NA (Keys Available)",
    "flat_type": "4-Room",
    "lcd_date": "01 Aug 2017",
    "pcd_date": "-",
    "quota_chinese": 3,
    "quota_malay": 0,
    "quota_other": 3,
    "street": "YISHUN ST 51",
    "town": "Yishun"
},
{
    "apartments": [
        {
            "area": 93.0,
            "floor": 4,
            "is_repurchased": false,
            "lease_price_list": [
                {
                    "lease": null,
                    "price": 298600
                }
            ],
            "unit": 479
        },
        {
            "area": 93.0,
            "floor": 7,
            "is_repurchased": false,
            "lease_price_list": [
                {
                    "lease": null,
                    "price": 305100
                }
            ],
            "unit": 479
        },
        {
            "area": 93.0,
            "floor": 2,
            "is_repurchased": false,
            "lease_price_list": [
                {
                    "lease": null,
                    "price": 294900
                }
            ],
            "unit": 483
        },
        {
            "area": 93.0,
            "floor": 10,
            "is_repurchased": false,
            "lease_price_list": [
                {
                    "lease": null,
                    "price": 311100
                }
            ],
            "unit": 485
        },
        {
            "area": 93.0,
            "floor": 11,
            "is_repurchased": false,
            "lease_price_list": [
                {
                    "lease": null,
                    "price": 312500
                }
            ],
            "unit": 485
        }
    ],
    "block_code": {
        "block_num": "512B",
        "contract": "C6",
        "neighbourhood": "N5"
    },
    "dpd_date": "NA (Keys Available)",
    "flat_type": "4-Room",
    "lcd_date": "01 Aug 2017",
    "pcd_date": "-",
    "quota_chinese": 5,
    "quota_malay": 2,
    "quota_other": 2,
    "street": "YISHUN ST 51",
    "town": "Yishun"
},
{
    "apartments": [
        {
            "area": 93.0,
            "floor": 8,
            "is_repurchased": false,
            "lease_price_list": [
                {
                    "lease": null,
                    "price": 308300
                }
            ],
            "unit": 459
        },
        {
            "area": 93.0,
            "floor": 2,
            "is_repurchased": false,
            "lease_price_list": [
                {
                    "lease": null,
                    "price": 279000
                }
            ],
            "unit": 465
        },
        {
            "area": 93.0,
            "floor": 11,
            "is_repurchased": false,
            "lease_price_list": [
                {
                    "lease": null,
                    "price": 312500
                }
            ],
            "unit": 467
        },
        {
            "area": 93.0,
            "floor": 4,
            "is_repurchased": false,
            "lease_price_list": [
                {
                    "lease": null,
                    "price": 293300
                }
            ],
            "unit": 477
        },
        {
            "area": 93.0,
            "floor": 13,
            "is_repurchased": false,
            "lease_price_list": [
                {
                    "lease": null,
                    "price": 313900
                }
            ],
            "unit": 477
        }
    ],
    "block_code": {
        "block_num": "512C",
        "contract": "C6",
        "neighbourhood": "N5"
    },
    "dpd_date": "NA (Keys Available)",
    "flat_type": "4-Room",
    "lcd_date": "01 Aug 2017",
    "pcd_date": "-",
    "quota_chinese": 5,
    "quota_malay": 2,
    "quota_other": 3,
    "street": "YISHUN ST 51",
    "town": "Yishun"
},
{
    "apartments": [
        {
            "area": 93.0,
            "floor": 3,
            "is_repurchased": false,
            "lease_price_list": [
                {
                    "lease": null,
                    "price": 294500
                }
            ],
            "unit": 385
        }
    ],
    "block_code": {
        "block_num": "513A",
        "contract": "C8",
        "neighbourhood": "N5"
    },
    "dpd_date": "NA (Keys Available)",
    "flat_type": "4-Room",
    "lcd_date": "01 Feb 2018",
    "pcd_date": "-",
    "quota_chinese": 1,
    "quota_malay": 1,
    "quota_other": 1,
    "street": "YISHUN ST 51",
    "town": "Yishun"
},
{
    "apartments": [
        {
            "area": 93.0,
            "floor": 12,
            "is_repurchased": false,
            "lease_price_list": [
                {
                    "lease": null,
                    "price": 314400
                }
            ],
            "unit": 367
        },
        {
            "area": 93.0,
            "floor": 5,
            "is_repurchased": false,
            "lease_price_list": [
                {
                    "lease": null,
                    "price": 297000
                }
            ],
            "unit": 373
        }
    ],
    "block_code": {
        "block_num": "513B",
        "contract": "C8",
        "neighbourhood": "N5"
    },
    "dpd_date": "NA (Keys Available)",
    "flat_type": "4-Room",
    "lcd_date": "01 Feb 2018",
    "pcd_date": "-",
    "quota_chinese": 2,
    "quota_malay": 2,
    "quota_other": 1,
    "street": "YISHUN ST 51",
    "town": "Yishun"
},
{
    "apartments": [
        {
            "area": 93.0,
            "floor": 13,
            "is_repurchased": false,
            "lease_price_list": [
                {
                    "lease": null,
                    "price": 318500
                }
            ],
            "unit": 327
        },
        {
            "area": 93.0,
            "floor": 8,
            "is_repurchased": false,
            "lease_price_list": [
                {
                    "lease": null,
                    "price": 307500
                }
            ],
            "unit": 329
        },
        {
            "area": 93.0,
            "floor": 12,
            "is_repurchased": false,
            "lease_price_list": [
                {
                    "lease": null,
                    "price": 323500
                }
            ],
            "unit": 331
        },
        {
            "area": 93.0,
            "floor": 9,
            "is_repurchased": false,
            "lease_price_list": [
                {
                    "lease": null,
                    "price": 314100
                }
            ],
            "unit": 339
        }
    ],
    "block_code": {
        "block_num": "513D",
        "contract": "C8",
        "neighbourhood": "N5"
    },
    "dpd_date": "NA (Keys Available)",
    "flat_type": "4-Room",
    "lcd_date": "01 Feb 2018",
    "pcd_date": "-",
    "quota_chinese": 4,
    "quota_malay": 4,
    "quota_other": 4,
    "street": "YISHUN ST 51",
    "town": "Yishun"
},
{
    "apartments": [
        {
            "area": 93.0,
            "floor": 3,
            "is_repurchased": false,
            "lease_price_list": [
                {
                    "lease": null,
                    "price": 281000
                }
            ],
            "unit": 592
        }
    ],
    "block_code": {
        "block_num": "671B",
        "contract": "C19",
        "neighbourhood": "N6"
    },
    "dpd_date": "NA (Keys Available)",
    "flat_type": "4-Room",
    "lcd_date": "01 Jan 2018",
    "pcd_date": "-",
    "quota_chinese": 1,
    "quota_malay": 1,
    "quota_other": 1,
    "street": "YISHUN AVE 4",
    "town": "Yishun"
},
{
    "apartments": [
        {
            "area": 93.0,
            "floor": 6,
            "is_repurchased": false,
            "lease_price_list": [
                {
                    "lease": null,
                    "price": 288500
                }
            ],
            "unit": 536
        },
        {
            "area": 93.0,
            "floor": 11,
            "is_repurchased": false,
            "lease_price_list": [
                {
                    "lease": null,
                    "price": 299600
                }
            ],
            "unit": 540
        },
        {
            "area": 93.0,
            "floor": 6,
            "is_repurchased": false,
            "lease_price_list": [
                {
                    "lease": null,
                    "price": 283400
                }
            ],
            "unit": 546
        }
    ],
    "block_code": {
        "block_num": "672B",
        "contract": "C19",
        "neighbourhood": "N6"
    },
    "dpd_date": "NA (Keys Available)",
    "flat_type": "4-Room",
    "lcd_date": "01 Jan 2018",
    "pcd_date": "-",
    "quota_chinese": 3,
    "quota_malay": 3,
    "quota_other": 3,
    "street": "YISHUN AVE 4",
    "town": "Yishun"
},
{
    "apartments": [
        {
            "area": 93.0,
            "floor": 11,
            "is_repurchased": false,
            "lease_price_list": [
                {
                    "lease": null,
                    "price": 289500
                }
            ],
            "unit": 556
        },
        {
            "area": 93.0,
            "floor": 10,
            "is_repurchased": false,
            "lease_price_list": [
                {
                    "lease": null,
                    "price": 303300
                }
            ],
            "unit": 568
        },
        {
            "area": 93.0,
            "floor": 7,
            "is_repurchased": false,
            "lease_price_list": [
                {
                    "lease": null,
                    "price": 294400
                }
            ],
            "unit": 570
        },
        {
            "area": 93.0,
            "floor": 11,
            "is_repurchased": false,
            "lease_price_list": [
                {
                    "lease": null,
                    "price": 299600
                }
            ],
            "unit": 576
        }
    ],
    "block_code": {
        "block_num": "672C",
        "contract": "C19",
        "neighbourhood": "N6"
    },
    "dpd_date": "NA (Keys Available)",
    "flat_type": "4-Room",
    "lcd_date": "01 Jan 2018",
    "pcd_date": "-",
    "quota_chinese": 4,
    "quota_malay": 4,
    "quota_other": 4,
    "street": "YISHUN AVE 4",
    "town": "Yishun"
},
{
    "apartments": [
        {
            "area": 93.0,
            "floor": 2,
            "is_repurchased": false,
            "lease_price_list": [
                {
                    "lease": null,
                    "price": 270300
                }
            ],
            "unit": 642
        }
    ],
    "block_code": {
        "block_num": "673A",
        "contract": "C17",
        "neighbourhood": "N6"
    },
    "dpd_date": "NA (Keys Available)",
    "flat_type": "4-Room",
    "lcd_date": "01 Nov 2018",
    "pcd_date": "-",
    "quota_chinese": 1,
    "quota_malay": 1,
    "quota_other": 1,
    "street": "YISHUN AVE 4",
    "town": "Yishun"
},
{
    "apartments": [
        {
            "area": 93.0,
            "floor": 3,
            "is_repurchased": false,
            "lease_price_list": [
                {
                    "lease": null,
                    "price": 270800
                }
            ],
            "unit": 678
        },
        {
            "area": 93.0,
            "floor": 10,
            "is_repurchased": false,
            "lease_price_list": [
                {
                    "lease": null,
                    "price": 297000
                }
            ],
            "unit": 690
        }
    ],
    "block_code": {
        "block_num": "673C",
        "contract": "C17",
        "neighbourhood": "N6"
    },
    "dpd_date": "31 Oct 2018",
    "flat_type": "4-Room",
    "lcd_date": "-",
    "pcd_date": "4Q/2017",
    "quota_chinese": 2,
    "quota_malay": 2,
    "quota_other": 1,
    "street": "YISHUN AVE 4",
    "town": "Yishun"
},
{
    "apartments": [
        {
            "area": 93.0,
            "floor": 6,
            "is_repurchased": false,
            "lease_price_list": [
                {
                    "lease": null,
                    "price": 288300
                }
            ],
            "unit": 758
        }
    ],
    "block_code": {
        "block_num": "675A",
        "contract": "C17",
        "neighbourhood": "N6"
    },
    "dpd_date": "31 Oct 2018",
    "flat_type": "4-Room",
    "lcd_date": "-",
    "pcd_date": "08/2017",
    "quota_chinese": 1,
    "quota_malay": 1,
    "quota_other": 1,
    "street": "YISHUN AVE 4",
    "town": "Yishun"
},
{
    "apartments": [
        {
            "area": 93.0,
            "floor": 10,
            "is_repurchased": false,
            "lease_price_list": [
                {
                    "lease": null,
                    "price": 298100
                }
            ],
            "unit": 790
        },
        {
            "area": 93.0,
            "floor": 4,
            "is_repurchased": false,
            "lease_price_list": [
                {
                    "lease": null,
                    "price": 279200
                }
            ],
            "unit": 792
        },
        {
            "area": 93.0,
            "floor": 8,
            "is_repurchased": false,
            "lease_price_list": [
                {
                    "lease": null,
                    "price": 294200
                }
            ],
            "unit": 796
        },
        {
            "area": 93.0,
            "floor": 2,
            "is_repurchased": false,
            "lease_price_list": [
                {
                    "lease": null,
                    "price": 271300
                }
            ],
            "unit": 798
        }
    ],
    "block_code": {
        "block_num": "675C",
        "contract": "C17",
        "neighbourhood": "N6"
    },
    "dpd_date": "31 Oct 2018",
    "flat_type": "4-Room",
    "lcd_date": "-",
    "pcd_date": "05/2017",
    "quota_chinese": 4,
    "quota_malay": 4,
    "quota_other": 3,
    "street": "YISHUN AVE 4",
    "town": "Yishun"
},
{
    "apartments": [
        {
            "area": 93.0,
            "floor": 5,
            "is_repurchased": false,
            "lease_price_list": [
                {
                    "lease": null,
                    "price": 294900
                }
            ],
            "unit": 818
        }
    ],
    "block_code": {
        "block_num": "675D",
        "contract": "C17",
        "neighbourhood": "N6"
    },
    "dpd_date": "31 Oct 2018",
    "flat_type": "4-Room",
    "lcd_date": "-",
    "pcd_date": "09/2017",
    "quota_chinese": 1,
    "quota_malay": 1,
    "quota_other": 1,
    "street": "YISHUN AVE 4",
    "town": "Yishun"
},
{
    "apartments": [
        {
            "area": 93.0,
            "floor": 2,
            "is_repurchased": false,
            "lease_price_list": [
                {
                    "lease": null,
                    "price": 281700
                }
            ],
            "unit": 1914
        }
    ],
    "block_code": {
        "block_num": "676A",
        "contract": "C20",
        "neighbourhood": "N6"
    },
    "dpd_date": "30 Sep 2018",
    "flat_type": "4-Room",
    "lcd_date": "-",
    "pcd_date": "3Q/2017",
    "quota_chinese": 1,
    "quota_malay": 1,
    "quota_other": 0,
    "street": "YISHUN RING RD",
    "town": "Yishun"
},
{
    "apartments": [
        {
            "area": 93.0,
            "floor": 4,
            "is_repurchased": false,
            "lease_price_list": [
                {
                    "lease": null,
                    "price": 275200
                }
            ],
            "unit": 1932
        },
        {
            "area": 93.0,
            "floor": 9,
            "is_repurchased": false,
            "lease_price_list": [
                {
                    "lease": null,
                    "price": 302600
                }
            ],
            "unit": 1932
        }
    ],
    "block_code": {
        "block_num": "676C",
        "contract": "C20",
        "neighbourhood": "N6"
    },
    "dpd_date": "30 Sep 2018",
    "flat_type": "4-Room",
    "lcd_date": "-",
    "pcd_date": "07/2017",
    "quota_chinese": 2,
    "quota_malay": 2,
    "quota_other": 2,
    "street": "YISHUN RING RD",
    "town": "Yishun"
},
{
    "apartments": [
        {
            "area": 93.0,
            "floor": 7,
            "is_repurchased": false,
            "lease_price_list": [
                {
                    "lease": null,
                    "price": 292400
                }
            ],
            "unit": 1996
        }
    ],
    "block_code": {
        "block_num": "677A",
        "contract": "C20",
        "neighbourhood": "N6"
    },
    "dpd_date": "30 Sep 2018",
    "flat_type": "4-Room",
    "lcd_date": "-",
    "pcd_date": "07/2017",
    "quota_chinese": 1,
    "quota_malay": 1,
    "quota_other": 1,
    "street": "YISHUN RING RD",
    "town": "Yishun"
},
{
    "apartments": [
        {
            "area": 93.0,
            "floor": 10,
            "is_repurchased": false,
            "lease_price_list": [
                {
                    "lease": null,
                    "price": 303200
                }
            ],
            "unit": 1964
        }
    ],
    "block_code": {
        "block_num": "677C",
        "contract": "C20",
        "neighbourhood": "N6"
    },
    "dpd_date": "30 Sep 2018",
    "flat_type": "4-Room",
    "lcd_date": "-",
    "pcd_date": "06/2017",
    "quota_chinese": 1,
    "quota_malay": 1,
    "quota_other": 0,
    "street": "YISHUN RING RD",
    "town": "Yishun"
},
{
    "apartments": [
        {
            "area": 93.0,
            "floor": 4,
            "is_repurchased": true,
            "lease_price_list": [
                {
                    "lease": null,
                    "price": 268000
                }
            ],
            "unit": 136
        }
    ],
    "block_code": {
        "block_num": "712",
        "contract": "C2",
        "neighbourhood": "N7"
    },
    "dpd_date": "NA (Keys Available)",
    "flat_type": "4-Room",
    "lcd_date": "01 Apr 1984",
    "pcd_date": "-",
    "quota_chinese": 1,
    "quota_malay": 1,
    "quota_other": 1,
    "street": "YISHUN AVE 5",
    "town": "Yishun"
},
{
    "apartments": [
        {
            "area": 104.0,
            "floor": 3,
            "is_repurchased": true,
            "lease_price_list": [
                {
                    "lease": null,
                    "price": 298000
                }
            ],
            "unit": 75
        }
    ],
    "block_code": {
        "block_num": "726",
        "contract": "C5",
        "neighbourhood": "N7"
    },
    "dpd_date": "NA (Keys Available)",
    "flat_type": "4-Room",
    "lcd_date": "01 Oct 1985",
    "pcd_date": "-",
    "quota_chinese": 1,
    "quota_malay": 1,
    "quota_other": 1,
    "street": "YISHUN ST 71",
    "town": "Yishun"
},
{
    "apartments": [
        {
            "area": 93.0,
            "floor": 3,
            "is_repurchased": true,
            "lease_price_list": [
                {
                    "lease": null,
                    "price": 260000
                }
            ],
            "unit": 374
        }
    ],
    "block_code": {
        "block_num": "732",
        "contract": "C6",
        "neighbourhood": "N7"
    },
    "dpd_date": "NA (Keys Available)",
    "flat_type": "4-Room",
    "lcd_date": "01 Jul 1984",
    "pcd_date": "-",
    "quota_chinese": 1,
    "quota_malay": 1,
    "quota_other": 1,
    "street": "YISHUN AVE 5",
    "town": "Yishun"
},
{
    "apartments": [
        {
            "area": 91.0,
            "floor": 9,
            "is_repurchased": true,
            "lease_price_list": [
                {
                    "lease": null,
                    "price": 319000
                }
            ],
            "unit": 196
        }
    ],
    "block_code": {
        "block_num": "752",
        "contract": "C8",
        "neighbourhood": "N7"
    },
    "dpd_date": "NA (Keys Available)",
    "flat_type": "4-Room",
    "lcd_date": "01 Apr 1984",
    "pcd_date": "-",
    "quota_chinese": 1,
    "quota_malay": 1,
    "quota_other": 1,
    "street": "YISHUN ST 72",
    "town": "Yishun"
}]
