[{
    "apartments": [
        {
            "area": 112.0,
            "floor": 2,
            "is_repurchased": true,
            "lease_price_list": [
                {
                    "lease": null,
                    "price": 353000
                }
            ],
            "unit": 180
        }
    ],
    "block_code": {
        "block_num": "315C",
        "contract": "C23",
        "neighbourhood": "N3"
    },
    "dpd_date": "NA (Keys Available)",
    "flat_type": "5-Room/3Gen",
    "lcd_date": "01 Oct 2015",
    "pcd_date": "-",
    "quota_chinese": 1,
    "quota_malay": 1,
    "quota_other": 1,
    "street": "YISHUN AVE 9",
    "town": "Yishun"
},
{
    "apartments": [
        {
            "area": 112.0,
            "floor": 9,
            "is_repurchased": true,
            "lease_price_list": [
                {
                    "lease": null,
                    "price": 380200
                }
            ],
            "unit": 114
        }
    ],
    "block_code": {
        "block_num": "318A",
        "contract": "C23",
        "neighbourhood": "N3"
    },
    "dpd_date": "NA (Keys Available)",
    "flat_type": "5-Room/3Gen",
    "lcd_date": "01 Oct 2015",
    "pcd_date": "-",
    "quota_chinese": 1,
    "quota_malay": 1,
    "quota_other": 1,
    "street": "YISHUN AVE 9",
    "town": "Yishun"
},
{
    "apartments": [
        {
            "area": 117.0,
            "floor": 5,
            "is_repurchased": false,
            "lease_price_list": [
                {
                    "lease": null,
                    "price": 393100
                }
            ],
            "unit": 1912
        }
    ],
    "block_code": {
        "block_num": "342A",
        "contract": "C20",
        "neighbourhood": "N3"
    },
    "dpd_date": "NA (Keys Available)",
    "flat_type": "5-Room/3Gen",
    "lcd_date": "01 Jan 2016",
    "pcd_date": "-",
    "quota_chinese": 1,
    "quota_malay": 1,
    "quota_other": 1,
    "street": "YISHUN RING RD",
    "town": "Yishun"
},
{
    "apartments": [
        {
            "area": 122.0,
            "floor": 2,
            "is_repurchased": true,
            "lease_price_list": [
                {
                    "lease": null,
                    "price": 335000
                }
            ],
            "unit": 265
        }
    ],
    "block_code": {
        "block_num": "349",
        "contract": "C9",
        "neighbourhood": "N3"
    },
    "dpd_date": "NA (Keys Available)",
    "flat_type": "5-Room/3Gen",
    "lcd_date": "01 Aug 1988",
    "pcd_date": "-",
    "quota_chinese": 1,
    "quota_malay": 1,
    "quota_other": 1,
    "street": "YISHUN AVE 11",
    "town": "Yishun"
},
{
    "apartments": [
        {
            "area": 112.0,
            "floor": 6,
            "is_repurchased": false,
            "lease_price_list": [
                {
                    "lease": null,
                    "price": 373000
                }
            ],
            "unit": 422
        },
        {
            "area": 112.0,
            "floor": 4,
            "is_repurchased": false,
            "lease_price_list": [
                {
                    "lease": null,
                    "price": 362200
                }
            ],
            "unit": 424
        },
        {
            "area": 112.0,
            "floor": 10,
            "is_repurchased": false,
            "lease_price_list": [
                {
                    "lease": null,
                    "price": 397700
                }
            ],
            "unit": 432
        },
        {
            "area": 112.0,
            "floor": 8,
            "is_repurchased": false,
            "lease_price_list": [
                {
                    "lease": null,
                    "price": 388100
                }
            ],
            "unit": 436
        }
    ],
    "block_code": {
        "block_num": "502B",
        "contract": "C1",
        "neighbourhood": "N5"
    },
    "dpd_date": "NA (Keys Available)",
    "flat_type": "5-Room/3Gen",
    "lcd_date": "01 Jan 2018",
    "pcd_date": "-",
    "quota_chinese": 4,
    "quota_malay": 4,
    "quota_other": 4,
    "street": "YISHUN ST 51",
    "town": "Yishun"
},
{
    "apartments": [
        {
            "area": 112.0,
            "floor": 12,
            "is_repurchased": false,
            "lease_price_list": [
                {
                    "lease": null,
                    "price": 401300
                }
            ],
            "unit": 450
        },
        {
            "area": 112.0,
            "floor": 10,
            "is_repurchased": false,
            "lease_price_list": [
                {
                    "lease": null,
                    "price": 385200
                }
            ],
            "unit": 452
        }
    ],
    "block_code": {
        "block_num": "502C",
        "contract": "C1",
        "neighbourhood": "N5"
    },
    "dpd_date": "NA (Keys Available)",
    "flat_type": "5-Room/3Gen",
    "lcd_date": "01 Jan 2018",
    "pcd_date": "-",
    "quota_chinese": 2,
    "quota_malay": 2,
    "quota_other": 2,
    "street": "YISHUN ST 51",
    "town": "Yishun"
},
{
    "apartments": [
        {
            "area": 113.0,
            "floor": 8,
            "is_repurchased": false,
            "lease_price_list": [
                {
                    "lease": null,
                    "price": 365600
                }
            ],
            "unit": 28
        }
    ],
    "block_code": {
        "block_num": "505B",
        "contract": "C2",
        "neighbourhood": "N5"
    },
    "dpd_date": "NA (Keys Available)",
    "flat_type": "5-Room/3Gen",
    "lcd_date": "01 Mar 2016",
    "pcd_date": "-",
    "quota_chinese": 1,
    "quota_malay": 1,
    "quota_other": 1,
    "street": "YISHUN ST 51",
    "town": "Yishun"
},
{
    "apartments": [
        {
            "area": 112.0,
            "floor": 6,
            "is_repurchased": false,
            "lease_price_list": [
                {
                    "lease": null,
                    "price": 347900
                }
            ],
            "unit": 56
        }
    ],
    "block_code": {
        "block_num": "505C",
        "contract": "C2",
        "neighbourhood": "N5"
    },
    "dpd_date": "NA (Keys Available)",
    "flat_type": "5-Room/3Gen",
    "lcd_date": "01 Mar 2016",
    "pcd_date": "-",
    "quota_chinese": 1,
    "quota_malay": 1,
    "quota_other": 1,
    "street": "YISHUN ST 51",
    "town": "Yishun"
},
{
    "apartments": [
        {
            "area": 113.0,
            "floor": 8,
            "is_repurchased": false,
            "lease_price_list": [
                {
                    "lease": null,
                    "price": 392100
                }
            ],
            "unit": 58
        },
        {
            "area": 113.0,
            "floor": 13,
            "is_repurchased": false,
            "lease_price_list": [
                {
                    "lease": null,
                    "price": 392000
                }
            ],
            "unit": 66
        }
    ],
    "block_code": {
        "block_num": "508B",
        "contract": "C4",
        "neighbourhood": "N5"
    },
    "dpd_date": "NA (Keys Available)",
    "flat_type": "5-Room/3Gen",
    "lcd_date": "01 Apr 2018",
    "pcd_date": "-",
    "quota_chinese": 2,
    "quota_malay": 2,
    "quota_other": 2,
    "street": "YISHUN AVE 4",
    "town": "Yishun"
},
{
    "apartments": [
        {
            "area": 113.0,
            "floor": 11,
            "is_repurchased": false,
            "lease_price_list": [
                {
                    "lease": null,
                    "price": 403000
                }
            ],
            "unit": 6
        }
    ],
    "block_code": {
        "block_num": "509A",
        "contract": "C4",
        "neighbourhood": "N5"
    },
    "dpd_date": "NA (Keys Available)",
    "flat_type": "5-Room/3Gen",
    "lcd_date": "01 Apr 2018",
    "pcd_date": "-",
    "quota_chinese": 1,
    "quota_malay": 1,
    "quota_other": 1,
    "street": "YISHUN AVE 4",
    "town": "Yishun"
},
{
    "apartments": [
        {
            "area": 113.0,
            "floor": 10,
            "is_repurchased": false,
            "lease_price_list": [
                {
                    "lease": null,
                    "price": 382300
                }
            ],
            "unit": 48
        },
        {
            "area": 113.0,
            "floor": 6,
            "is_repurchased": false,
            "lease_price_list": [
                {
                    "lease": null,
                    "price": 376200
                }
            ],
            "unit": 50
        },
        {
            "area": 113.0,
            "floor": 7,
            "is_repurchased": false,
            "lease_price_list": [
                {
                    "lease": null,
                    "price": 380700
                }
            ],
            "unit": 50
        },
        {
            "area": 113.0,
            "floor": 13,
            "is_repurchased": false,
            "lease_price_list": [
                {
                    "lease": null,
                    "price": 385500
                }
            ],
            "unit": 50
        }
    ],
    "block_code": {
        "block_num": "509C",
        "contract": "C4",
        "neighbourhood": "N5"
    },
    "dpd_date": "NA (Keys Available)",
    "flat_type": "5-Room/3Gen",
    "lcd_date": "01 Apr 2018",
    "pcd_date": "-",
    "quota_chinese": 4,
    "quota_malay": 4,
    "quota_other": 0,
    "street": "YISHUN AVE 4",
    "town": "Yishun"
},
{
    "apartments": [
        {
            "area": 113.0,
            "floor": 7,
            "is_repurchased": false,
            "lease_price_list": [
                {
                    "lease": null,
                    "price": 384100
                }
            ],
            "unit": 437
        }
    ],
    "block_code": {
        "block_num": "511B",
        "contract": "C6",
        "neighbourhood": "N5"
    },
    "dpd_date": "NA (Keys Available)",
    "flat_type": "5-Room/3Gen",
    "lcd_date": "01 Aug 2017",
    "pcd_date": "-",
    "quota_chinese": 1,
    "quota_malay": 1,
    "quota_other": 1,
    "street": "YISHUN ST 51",
    "town": "Yishun"
},
{
    "apartments": [
        {
            "area": 113.0,
            "floor": 7,
            "is_repurchased": false,
            "lease_price_list": [
                {
                    "lease": null,
                    "price": 377700
                }
            ],
            "unit": 461
        },
        {
            "area": 113.0,
            "floor": 8,
            "is_repurchased": false,
            "lease_price_list": [
                {
                    "lease": null,
                    "price": 382200
                }
            ],
            "unit": 461
        },
        {
            "area": 113.0,
            "floor": 13,
            "is_repurchased": false,
            "lease_price_list": [
                {
                    "lease": null,
                    "price": 401100
                }
            ],
            "unit": 475
        }
    ],
    "block_code": {
        "block_num": "512C",
        "contract": "C6",
        "neighbourhood": "N5"
    },
    "dpd_date": "NA (Keys Available)",
    "flat_type": "5-Room/3Gen",
    "lcd_date": "01 Aug 2017",
    "pcd_date": "-",
    "quota_chinese": 3,
    "quota_malay": 1,
    "quota_other": 3,
    "street": "YISHUN ST 51",
    "town": "Yishun"
},
{
    "apartments": [
        {
            "area": 113.0,
            "floor": 2,
            "is_repurchased": false,
            "lease_price_list": [
                {
                    "lease": null,
                    "price": 342400
                }
            ],
            "unit": 355
        }
    ],
    "block_code": {
        "block_num": "513C",
        "contract": "C8",
        "neighbourhood": "N5"
    },
    "dpd_date": "NA (Keys Available)",
    "flat_type": "5-Room/3Gen",
    "lcd_date": "01 Feb 2018",
    "pcd_date": "-",
    "quota_chinese": 1,
    "quota_malay": 1,
    "quota_other": 0,
    "street": "YISHUN ST 51",
    "town": "Yishun"
},
{
    "apartments": [
        {
            "area": 120.0,
            "floor": 4,
            "is_repurchased": false,
            "lease_price_list": [
                {
                    "lease": null,
                    "price": 364900
                }
            ],
            "unit": 1918
        },
        {
            "area": 120.0,
            "floor": 13,
            "is_repurchased": false,
            "lease_price_list": [
                {
                    "lease": null,
                    "price": 396400
                }
            ],
            "unit": 1918
        },
        {
            "area": 113.0,
            "floor": 2,
            "is_repurchased": false,
            "lease_price_list": [
                {
                    "lease": null,
                    "price": 343000
                }
            ],
            "unit": 1924
        },
        {
            "area": 113.0,
            "floor": 7,
            "is_repurchased": false,
            "lease_price_list": [
                {
                    "lease": null,
                    "price": 381800
                }
            ],
            "unit": 1926
        },
        {
            "area": 113.0,
            "floor": 11,
            "is_repurchased": false,
            "lease_price_list": [
                {
                    "lease": null,
                    "price": 384700
                }
            ],
            "unit": 1926
        }
    ],
    "block_code": {
        "block_num": "676B",
        "contract": "C20",
        "neighbourhood": "N6"
    },
    "dpd_date": "30 Sep 2018",
    "flat_type": "5-Room/3Gen",
    "lcd_date": "-",
    "pcd_date": "3Q/2017",
    "quota_chinese": 5,
    "quota_malay": 5,
    "quota_other": 5,
    "street": "YISHUN RING RD",
    "town": "Yishun"
},
{
    "apartments": [
        {
            "area": 122.0,
            "floor": 2,
            "is_repurchased": true,
            "lease_price_list": [
                {
                    "lease": null,
                    "price": 406000
                }
            ],
            "unit": 450
        }
    ],
    "block_code": {
        "block_num": "758",
        "contract": "C10",
        "neighbourhood": "N7"
    },
    "dpd_date": "NA (Keys Available)",
    "flat_type": "5-Room/3Gen",
    "lcd_date": "01 Nov 1986",
    "pcd_date": "-",
    "quota_chinese": 1,
    "quota_malay": 1,
    "quota_other": 1,
    "street": "YISHUN ST 72",
    "town": "Yishun"
}]
