[{
    "apartments": [
        {
            "area": 74.0,
            "floor": 8,
            "is_repurchased": true,
            "lease_price_list": [
                {
                    "lease": null,
                    "price": 209000
                }
            ],
            "unit": 276
        }
    ],
    "block_code": {
        "block_num": "34",
        "contract": "C1C",
        "neighbourhood": "N4"
    },
    "dpd_date": "NA (Keys Available)",
    "flat_type": "3-Room (income ceiling $6,000)",
    "lcd_date": "01 Jun 1977",
    "pcd_date": "-",
    "quota_chinese": 1,
    "quota_malay": 1,
    "quota_other": 1,
    "street": "TEBAN GDNS RD",
    "town": "Jurong East"
},
{
    "apartments": [
        {
            "area": 67.0,
            "floor": 26,
            "is_repurchased": false,
            "lease_price_list": [
                {
                    "lease": null,
                    "price": 222300
                }
            ],
            "unit": 451
        }
    ],
    "block_code": {
        "block_num": "55",
        "contract": "C16",
        "neighbourhood": "N4"
    },
    "dpd_date": "NA (Keys Available)",
    "flat_type": "3-Room (income ceiling $6,000)",
    "lcd_date": "01 Nov 2016",
    "pcd_date": "-",
    "quota_chinese": 1,
    "quota_malay": 1,
    "quota_other": 1,
    "street": "TEBAN GDNS RD",
    "town": "Jurong East"
},
{
    "apartments": [
        {
            "area": 67.0,
            "floor": 27,
            "is_repurchased": false,
            "lease_price_list": [
                {
                    "lease": null,
                    "price": 223300
                }
            ],
            "unit": 477
        }
    ],
    "block_code": {
        "block_num": "57",
        "contract": "C16",
        "neighbourhood": "N4"
    },
    "dpd_date": "NA (Keys Available)",
    "flat_type": "3-Room (income ceiling $6,000)",
    "lcd_date": "01 Nov 2016",
    "pcd_date": "-",
    "quota_chinese": 1,
    "quota_malay": 1,
    "quota_other": 1,
    "street": "TEBAN GDNS RD",
    "town": "Jurong East"
},
{
    "apartments": [
        {
            "area": 67.0,
            "floor": 8,
            "is_repurchased": true,
            "lease_price_list": [
                {
                    "lease": null,
                    "price": 239000
                }
            ],
            "unit": 365
        }
    ],
    "block_code": {
        "block_num": "210",
        "contract": "C7",
        "neighbourhood": "N2"
    },
    "dpd_date": "NA (Keys Available)",
    "flat_type": "3-Room (income ceiling $6,000)",
    "lcd_date": "01 Jun 1983",
    "pcd_date": "-",
    "quota_chinese": 1,
    "quota_malay": 1,
    "quota_other": 1,
    "street": "JURONG EAST ST 21",
    "town": "Jurong East"
},
{
    "apartments": [
        {
            "area": 68.0,
            "floor": 16,
            "is_repurchased": false,
            "lease_price_list": [
                {
                    "lease": null,
                    "price": 242000
                }
            ],
            "unit": 5
        }
    ],
    "block_code": {
        "block_num": "240A",
        "contract": "C25",
        "neighbourhood": "N2"
    },
    "dpd_date": "30 Apr 2020",
    "flat_type": "3-Room (income ceiling $6,000)",
    "lcd_date": "-",
    "pcd_date": "2Q/2019",
    "quota_chinese": 1,
    "quota_malay": 1,
    "quota_other": 1,
    "street": "JURONG EAST AVE 1",
    "town": "Jurong East"
},
{
    "apartments": [
        {
            "area": 70.0,
            "floor": 4,
            "is_repurchased": false,
            "lease_price_list": [
                {
                    "lease": null,
                    "price": 234000
                }
            ],
            "unit": 143
        }
    ],
    "block_code": {
        "block_num": "252",
        "contract": "C14",
        "neighbourhood": "N2"
    },
    "dpd_date": "NA (Keys Available)",
    "flat_type": "3-Room (income ceiling $6,000)",
    "lcd_date": "01 Jun 1985",
    "pcd_date": "-",
    "quota_chinese": 1,
    "quota_malay": 1,
    "quota_other": 1,
    "street": "JURONG EAST ST 24",
    "town": "Jurong East"
},
{
    "apartments": [
        {
            "area": 64.0,
            "floor": 12,
            "is_repurchased": false,
            "lease_price_list": [
                {
                    "lease": null,
                    "price": 228400
                }
            ],
            "unit": 362
        },
        {
            "area": 64.0,
            "floor": 14,
            "is_repurchased": false,
            "lease_price_list": [
                {
                    "lease": null,
                    "price": 235700
                }
            ],
            "unit": 372
        },
        {
            "area": 64.0,
            "floor": 16,
            "is_repurchased": false,
            "lease_price_list": [
                {
                    "lease": null,
                    "price": 236700
                }
            ],
            "unit": 374
        }
    ],
    "block_code": {
        "block_num": "371",
        "contract": "C13",
        "neighbourhood": "N3"
    },
    "dpd_date": "NA (Keys Available)",
    "flat_type": "3-Room (income ceiling $6,000)",
    "lcd_date": "01 Feb 2014",
    "pcd_date": "-",
    "quota_chinese": 3,
    "quota_malay": 0,
    "quota_other": 2,
    "street": "JURONG EAST ST 32",
    "town": "Jurong East"
},
{
    "apartments": [
        {
            "area": 64.0,
            "floor": 10,
            "is_repurchased": false,
            "lease_price_list": [
                {
                    "lease": null,
                    "price": 226400
                }
            ],
            "unit": 376
        },
        {
            "area": 64.0,
            "floor": 4,
            "is_repurchased": false,
            "lease_price_list": [
                {
                    "lease": null,
                    "price": 203200
                }
            ],
            "unit": 382
        },
        {
            "area": 64.0,
            "floor": 5,
            "is_repurchased": false,
            "lease_price_list": [
                {
                    "lease": null,
                    "price": 216900
                }
            ],
            "unit": 386
        },
        {
            "area": 64.0,
            "floor": 3,
            "is_repurchased": true,
            "lease_price_list": [
                {
                    "lease": null,
                    "price": 215800
                }
            ],
            "unit": 400
        },
        {
            "area": 64.0,
            "floor": 3,
            "is_repurchased": false,
            "lease_price_list": [
                {
                    "lease": null,
                    "price": 210900
                }
            ],
            "unit": 402
        },
        {
            "area": 64.0,
            "floor": 13,
            "is_repurchased": false,
            "lease_price_list": [
                {
                    "lease": null,
                    "price": 229400
                }
            ],
            "unit": 402
        }
    ],
    "block_code": {
        "block_num": "372",
        "contract": "C13",
        "neighbourhood": "N3"
    },
    "dpd_date": "NA (Keys Available)",
    "flat_type": "3-Room (income ceiling $6,000)",
    "lcd_date": "01 Feb 2014",
    "pcd_date": "-",
    "quota_chinese": 6,
    "quota_malay": 1,
    "quota_other": 2,
    "street": "JURONG EAST ST 32",
    "town": "Jurong East"
}]
