[{
    "apartments": [
        {
            "area": 92.0,
            "floor": 19,
            "is_repurchased": false,
            "lease_price_list": [
                {
                    "lease": null,
                    "price": 359200
                }
            ],
            "unit": 455
        },
        {
            "area": 92.0,
            "floor": 22,
            "is_repurchased": false,
            "lease_price_list": [
                {
                    "lease": null,
                    "price": 360400
                }
            ],
            "unit": 459
        }
    ],
    "block_code": {
        "block_num": "55",
        "contract": "C16",
        "neighbourhood": "N4"
    },
    "dpd_date": "NA (Keys Available)",
    "flat_type": "4-Room",
    "lcd_date": "01 Nov 2016",
    "pcd_date": "-",
    "quota_chinese": 2,
    "quota_malay": 2,
    "quota_other": 2,
    "street": "TEBAN GDNS RD",
    "town": "Jurong East"
},
{
    "apartments": [
        {
            "area": 92.0,
            "floor": 22,
            "is_repurchased": false,
            "lease_price_list": [
                {
                    "lease": null,
                    "price": 342600
                }
            ],
            "unit": 461
        }
    ],
    "block_code": {
        "block_num": "56",
        "contract": "C16",
        "neighbourhood": "N4"
    },
    "dpd_date": "NA (Keys Available)",
    "flat_type": "4-Room",
    "lcd_date": "01 Nov 2016",
    "pcd_date": "-",
    "quota_chinese": 1,
    "quota_malay": 1,
    "quota_other": 1,
    "street": "TEBAN GDNS RD",
    "town": "Jurong East"
},
{
    "apartments": [
        {
            "area": 104.0,
            "floor": 2,
            "is_repurchased": true,
            "lease_price_list": [
                {
                    "lease": null,
                    "price": 296000
                }
            ],
            "unit": 1638
        }
    ],
    "block_code": {
        "block_num": "338",
        "contract": "C9",
        "neighbourhood": "N3"
    },
    "dpd_date": "NA (Keys Available)",
    "flat_type": "4-Room",
    "lcd_date": "01 Jul 1984",
    "pcd_date": "-",
    "quota_chinese": 1,
    "quota_malay": 1,
    "quota_other": 0,
    "street": "JURONG EAST AVE 1",
    "town": "Jurong East"
}]
