[{
    "apartments": [
        {
            "area": 114.0,
            "floor": 3,
            "is_repurchased": true,
            "lease_price_list": [
                {
                    "lease": null,
                    "price": 328000
                }
            ],
            "unit": 40
        }
    ],
    "block_code": {
        "block_num": "406",
        "contract": "C3B",
        "neighbourhood": "N4"
    },
    "dpd_date": "NA (Keys Available)",
    "flat_type": "5-Room",
    "lcd_date": "01 Apr 1979",
    "pcd_date": "-",
    "quota_chinese": 1,
    "quota_malay": 1,
    "quota_other": 1,
    "street": "PANDAN GDNS",
    "town": "Jurong East"
}]
