[{
    "apartments": [
        {
            "area": 47.0,
            "floor": 9,
            "is_repurchased": false,
            "lease_price_list": [
                {
                    "lease": "15",
                    "price": 43400
                },
                {
                    "lease": "20",
                    "price": 52000
                },
                {
                    "lease": "25",
                    "price": 59100
                },
                {
                    "lease": "30",
                    "price": 64900
                },
                {
                    "lease": "35",
                    "price": 69800
                },
                {
                    "lease": "40",
                    "price": 74000
                },
                {
                    "lease": "45",
                    "price": 77600
                },
                {
                    "lease": "99",
                    "price": 129400
                }
            ],
            "unit": 217
        }
    ],
    "block_code": {
        "block_num": "351C",
        "contract": "C28",
        "neighbourhood": "N3"
    },
    "dpd_date": "30 Apr 2019",
    "flat_type": "2-Room Flexi (Short Lease/99-Year Lease)",
    "lcd_date": "-",
    "pcd_date": "2Q/2018",
    "quota_chinese": 1,
    "quota_malay": 1,
    "quota_other": 1,
    "street": "ANCHORVALE RD",
    "town": "Sengkang"
},
{
    "apartments": [
        {
            "area": 38.0,
            "floor": 8,
            "is_repurchased": false,
            "lease_price_list": [
                {
                    "lease": "15",
                    "price": 41200
                },
                {
                    "lease": "20",
                    "price": 47500
                },
                {
                    "lease": "25",
                    "price": 52800
                },
                {
                    "lease": "30",
                    "price": 57100
                },
                {
                    "lease": "35",
                    "price": 60800
                },
                {
                    "lease": "40",
                    "price": 63900
                },
                {
                    "lease": "45",
                    "price": 66500
                },
                {
                    "lease": "99",
                    "price": 104900
                }
            ],
            "unit": 43
        },
        {
            "area": 38.0,
            "floor": 5,
            "is_repurchased": false,
            "lease_price_list": [
                {
                    "lease": "15",
                    "price": 30300
                },
                {
                    "lease": "20",
                    "price": 36200
                },
                {
                    "lease": "25",
                    "price": 41200
                },
                {
                    "lease": "30",
                    "price": 45200
                },
                {
                    "lease": "35",
                    "price": 48600
                },
                {
                    "lease": "40",
                    "price": 51500
                },
                {
                    "lease": "45",
                    "price": 54000
                },
                {
                    "lease": "99",
                    "price": 90000
                }
            ],
            "unit": 45
        },
        {
            "area": 38.0,
            "floor": 6,
            "is_repurchased": false,
            "lease_price_list": [
                {
                    "lease": "15",
                    "price": 32900
                },
                {
                    "lease": "20",
                    "price": 39000
                },
                {
                    "lease": "25",
                    "price": 44100
                },
                {
                    "lease": "30",
                    "price": 48200
                },
                {
                    "lease": "35",
                    "price": 51700
                },
                {
                    "lease": "40",
                    "price": 54700
                },
                {
                    "lease": "45",
                    "price": 57200
                },
                {
                    "lease": "99",
                    "price": 94000
                }
            ],
            "unit": 45
        },
        {
            "area": 48.0,
            "floor": 3,
            "is_repurchased": false,
            "lease_price_list": [
                {
                    "lease": "15",
                    "price": 36700
                },
                {
                    "lease": "20",
                    "price": 43900
                },
                {
                    "lease": "25",
                    "price": 49900
                },
                {
                    "lease": "30",
                    "price": 54800
                },
                {
                    "lease": "35",
                    "price": 59000
                },
                {
                    "lease": "40",
                    "price": 62500
                },
                {
                    "lease": "45",
                    "price": 65500
                },
                {
                    "lease": "99",
                    "price": 109200
                }
            ],
            "unit": 49
        },
        {
            "area": 48.0,
            "floor": 12,
            "is_repurchased": false,
            "lease_price_list": [
                {
                    "lease": "15",
                    "price": 43800
                },
                {
                    "lease": "20",
                    "price": 52000
                },
                {
                    "lease": "25",
                    "price": 58800
                },
                {
                    "lease": "30",
                    "price": 64300
                },
                {
                    "lease": "35",
                    "price": 69000
                },
                {
                    "lease": "40",
                    "price": 73000
                },
                {
                    "lease": "45",
                    "price": 76400
                },
                {
                    "lease": "99",
                    "price": 125800
                }
            ],
            "unit": 53
        }
    ],
    "block_code": {
        "block_num": "455B",
        "contract": "C30",
        "neighbourhood": "N4"
    },
    "dpd_date": "31 Aug 2020",
    "flat_type": "2-Room Flexi (Short Lease/99-Year Lease)",
    "lcd_date": "-",
    "pcd_date": "3Q/2019",
    "quota_chinese": 5,
    "quota_malay": 5,
    "quota_other": 5,
    "street": "SENGKANG WEST AVE",
    "town": "Sengkang"
},
{
    "apartments": [
        {
            "area": 38.0,
            "floor": 9,
            "is_repurchased": false,
            "lease_price_list": [
                {
                    "lease": "15",
                    "price": 34400
                },
                {
                    "lease": "20",
                    "price": 40900
                },
                {
                    "lease": "25",
                    "price": 46200
                },
                {
                    "lease": "30",
                    "price": 50500
                },
                {
                    "lease": "35",
                    "price": 54200
                },
                {
                    "lease": "40",
                    "price": 57300
                },
                {
                    "lease": "45",
                    "price": 60000
                },
                {
                    "lease": "99",
                    "price": 98700
                }
            ],
            "unit": 302
        },
        {
            "area": 48.0,
            "floor": 5,
            "is_repurchased": false,
            "lease_price_list": [
                {
                    "lease": "15",
                    "price": 38300
                },
                {
                    "lease": "20",
                    "price": 45900
                },
                {
                    "lease": "25",
                    "price": 52200
                },
                {
                    "lease": "30",
                    "price": 57300
                },
                {
                    "lease": "35",
                    "price": 61700
                },
                {
                    "lease": "40",
                    "price": 65400
                },
                {
                    "lease": "45",
                    "price": 68500
                },
                {
                    "lease": "99",
                    "price": 114200
                }
            ],
            "unit": 312
        }
    ],
    "block_code": {
        "block_num": "456A",
        "contract": "C30",
        "neighbourhood": "N4"
    },
    "dpd_date": "31 Aug 2020",
    "flat_type": "2-Room Flexi (Short Lease/99-Year Lease)",
    "lcd_date": "-",
    "pcd_date": "3Q/2019",
    "quota_chinese": 2,
    "quota_malay": 2,
    "quota_other": 2,
    "street": "SENGKANG WEST RD",
    "town": "Sengkang"
},
{
    "apartments": [
        {
            "area": 38.0,
            "floor": 13,
            "is_repurchased": false,
            "lease_price_list": [
                {
                    "lease": "15",
                    "price": 33900
                },
                {
                    "lease": "20",
                    "price": 40600
                },
                {
                    "lease": "25",
                    "price": 46100
                },
                {
                    "lease": "30",
                    "price": 50600
                },
                {
                    "lease": "35",
                    "price": 54400
                },
                {
                    "lease": "40",
                    "price": 57700
                },
                {
                    "lease": "45",
                    "price": 60500
                },
                {
                    "lease": "99",
                    "price": 100800
                }
            ],
            "unit": 324
        },
        {
            "area": 48.0,
            "floor": 12,
            "is_repurchased": false,
            "lease_price_list": [
                {
                    "lease": "15",
                    "price": 42100
                },
                {
                    "lease": "20",
                    "price": 50400
                },
                {
                    "lease": "25",
                    "price": 57300
                },
                {
                    "lease": "30",
                    "price": 62900
                },
                {
                    "lease": "35",
                    "price": 67700
                },
                {
                    "lease": "40",
                    "price": 71800
                },
                {
                    "lease": "45",
                    "price": 75200
                },
                {
                    "lease": "99",
                    "price": 125400
                }
            ],
            "unit": 326
        },
        {
            "area": 48.0,
            "floor": 10,
            "is_repurchased": false,
            "lease_price_list": [
                {
                    "lease": "15",
                    "price": 40900
                },
                {
                    "lease": "20",
                    "price": 49000
                },
                {
                    "lease": "25",
                    "price": 55600
                },
                {
                    "lease": "30",
                    "price": 61100
                },
                {
                    "lease": "35",
                    "price": 65800
                },
                {
                    "lease": "40",
                    "price": 69700
                },
                {
                    "lease": "45",
                    "price": 73000
                },
                {
                    "lease": "99",
                    "price": 121800
                }
            ],
            "unit": 336
        }
    ],
    "block_code": {
        "block_num": "456B",
        "contract": "C30",
        "neighbourhood": "N4"
    },
    "dpd_date": "31 Aug 2020",
    "flat_type": "2-Room Flexi (Short Lease/99-Year Lease)",
    "lcd_date": "-",
    "pcd_date": "3Q/2019",
    "quota_chinese": 3,
    "quota_malay": 3,
    "quota_other": 3,
    "street": "SENGKANG WEST RD",
    "town": "Sengkang"
},
{
    "apartments": [
        {
            "area": 48.0,
            "floor": 3,
            "is_repurchased": false,
            "lease_price_list": [
                {
                    "lease": "15",
                    "price": 36000
                },
                {
                    "lease": "20",
                    "price": 43100
                },
                {
                    "lease": "25",
                    "price": 49000
                },
                {
                    "lease": "30",
                    "price": 53800
                },
                {
                    "lease": "35",
                    "price": 57900
                },
                {
                    "lease": "40",
                    "price": 61400
                },
                {
                    "lease": "45",
                    "price": 64300
                },
                {
                    "lease": "99",
                    "price": 107200
                }
            ],
            "unit": 396
        }
    ],
    "block_code": {
        "block_num": "458C",
        "contract": "C30",
        "neighbourhood": "N4"
    },
    "dpd_date": "31 Aug 2020",
    "flat_type": "2-Room Flexi (Short Lease/99-Year Lease)",
    "lcd_date": "-",
    "pcd_date": "3Q/2019",
    "quota_chinese": 1,
    "quota_malay": 1,
    "quota_other": 1,
    "street": "SENGKANG WEST RD",
    "town": "Sengkang"
}]
