[{
    "apartments": [
        {
            "area": 69.0,
            "floor": 14,
            "is_repurchased": false,
            "lease_price_list": [
                {
                    "lease": null,
                    "price": 189300
                }
            ],
            "unit": 184
        }
    ],
    "block_code": {
        "block_num": "417A",
        "contract": "C19",
        "neighbourhood": "N4"
    },
    "dpd_date": "30 Jun 2018",
    "flat_type": "3-Room (income ceiling $6,000)",
    "lcd_date": "-",
    "pcd_date": "06/2017",
    "quota_chinese": 1,
    "quota_malay": 1,
    "quota_other": 1,
    "street": "FERNVALE LINK",
    "town": "Sengkang"
},
{
    "apartments": [
        {
            "area": 68.0,
            "floor": 21,
            "is_repurchased": false,
            "lease_price_list": [
                {
                    "lease": null,
                    "price": 196300
                }
            ],
            "unit": 122
        },
        {
            "area": 68.0,
            "floor": 16,
            "is_repurchased": false,
            "lease_price_list": [
                {
                    "lease": null,
                    "price": 190900
                }
            ],
            "unit": 126
        }
    ],
    "block_code": {
        "block_num": "418A",
        "contract": "C19",
        "neighbourhood": "N4"
    },
    "dpd_date": "NA (Keys Available)",
    "flat_type": "3-Room (income ceiling $6,000)",
    "lcd_date": "01 Jul 2018",
    "pcd_date": "-",
    "quota_chinese": 2,
    "quota_malay": 2,
    "quota_other": 2,
    "street": "FERNVALE LINK",
    "town": "Sengkang"
},
{
    "apartments": [
        {
            "area": 67.0,
            "floor": 9,
            "is_repurchased": true,
            "lease_price_list": [
                {
                    "lease": null,
                    "price": 192900
                }
            ],
            "unit": 331
        }
    ],
    "block_code": {
        "block_num": "450A",
        "contract": "C10",
        "neighbourhood": "N4"
    },
    "dpd_date": "NA (Keys Available)",
    "flat_type": "3-Room (income ceiling $6,000)",
    "lcd_date": "01 Jul 2014",
    "pcd_date": "-",
    "quota_chinese": 1,
    "quota_malay": 1,
    "quota_other": 1,
    "street": "SENGKANG WEST WAY",
    "town": "Sengkang"
},
{
    "apartments": [
        {
            "area": 68.0,
            "floor": 8,
            "is_repurchased": false,
            "lease_price_list": [
                {
                    "lease": null,
                    "price": 190600
                }
            ],
            "unit": 39
        }
    ],
    "block_code": {
        "block_num": "455A",
        "contract": "C30",
        "neighbourhood": "N4"
    },
    "dpd_date": "31 Aug 2020",
    "flat_type": "3-Room (income ceiling $6,000)",
    "lcd_date": "-",
    "pcd_date": "3Q/2019",
    "quota_chinese": 1,
    "quota_malay": 1,
    "quota_other": 1,
    "street": "SENGKANG WEST AVE",
    "town": "Sengkang"
},
{
    "apartments": [
        {
            "area": 68.0,
            "floor": 13,
            "is_repurchased": false,
            "lease_price_list": [
                {
                    "lease": null,
                    "price": 191000
                }
            ],
            "unit": 320
        }
    ],
    "block_code": {
        "block_num": "456A",
        "contract": "C30",
        "neighbourhood": "N4"
    },
    "dpd_date": "31 Aug 2020",
    "flat_type": "3-Room (income ceiling $6,000)",
    "lcd_date": "-",
    "pcd_date": "3Q/2019",
    "quota_chinese": 1,
    "quota_malay": 1,
    "quota_other": 1,
    "street": "SENGKANG WEST RD",
    "town": "Sengkang"
},
{
    "apartments": [
        {
            "area": 68.0,
            "floor": 26,
            "is_repurchased": true,
            "lease_price_list": [
                {
                    "lease": null,
                    "price": 193500
                }
            ],
            "unit": 511
        }
    ],
    "block_code": {
        "block_num": "467A",
        "contract": "C24",
        "neighbourhood": "N4"
    },
    "dpd_date": "NA (Keys Available)",
    "flat_type": "3-Room (income ceiling $6,000)",
    "lcd_date": "01 Aug 2016",
    "pcd_date": "-",
    "quota_chinese": 1,
    "quota_malay": 1,
    "quota_other": 1,
    "street": "FERNVALE LINK",
    "town": "Sengkang"
},
{
    "apartments": [
        {
            "area": 68.0,
            "floor": 22,
            "is_repurchased": false,
            "lease_price_list": [
                {
                    "lease": null,
                    "price": 192500
                }
            ],
            "unit": 523
        }
    ],
    "block_code": {
        "block_num": "467B",
        "contract": "C24",
        "neighbourhood": "N4"
    },
    "dpd_date": "NA (Keys Available)",
    "flat_type": "3-Room (income ceiling $6,000)",
    "lcd_date": "01 Aug 2016",
    "pcd_date": "-",
    "quota_chinese": 1,
    "quota_malay": 1,
    "quota_other": 1,
    "street": "FERNVALE LINK",
    "town": "Sengkang"
},
{
    "apartments": [
        {
            "area": 68.0,
            "floor": 17,
            "is_repurchased": false,
            "lease_price_list": [
                {
                    "lease": null,
                    "price": 187200
                }
            ],
            "unit": 440
        },
        {
            "area": 68.0,
            "floor": 21,
            "is_repurchased": false,
            "lease_price_list": [
                {
                    "lease": null,
                    "price": 191200
                }
            ],
            "unit": 442
        }
    ],
    "block_code": {
        "block_num": "470B",
        "contract": "C26",
        "neighbourhood": "N4"
    },
    "dpd_date": "NA (Keys Available)",
    "flat_type": "3-Room (income ceiling $6,000)",
    "lcd_date": "01 Sep 2016",
    "pcd_date": "-",
    "quota_chinese": 2,
    "quota_malay": 2,
    "quota_other": 2,
    "street": "FERNVALE LINK",
    "town": "Sengkang"
}]
