[{
    "apartments": [
        {
            "area": 67.0,
            "floor": 11,
            "is_repurchased": true,
            "lease_price_list": [
                {
                    "lease": null,
                    "price": 245500
                }
            ],
            "unit": 517
        }
    ],
    "block_code": {
        "block_num": "279A",
        "contract": "C40",
        "neighbourhood": "N2"
    },
    "dpd_date": "NA (Keys Available)",
    "flat_type": "3-Room (income ceiling $12,000)",
    "lcd_date": "01 Aug 2015",
    "pcd_date": "-",
    "quota_chinese": 1,
    "quota_malay": 1,
    "quota_other": 1,
    "street": "SENGKANG EAST AVE",
    "town": "Sengkang"
},
{
    "apartments": [
        {
            "area": 68.0,
            "floor": 14,
            "is_repurchased": false,
            "lease_price_list": [
                {
                    "lease": null,
                    "price": 239700
                }
            ],
            "unit": 111
        },
        {
            "area": 68.0,
            "floor": 13,
            "is_repurchased": false,
            "lease_price_list": [
                {
                    "lease": null,
                    "price": 238700
                }
            ],
            "unit": 113
        }
    ],
    "block_code": {
        "block_num": "286C",
        "contract": "C43A",
        "neighbourhood": "N2"
    },
    "dpd_date": "NA (Keys Available)",
    "flat_type": "3-Room (income ceiling $12,000)",
    "lcd_date": "01 Nov 2017",
    "pcd_date": "-",
    "quota_chinese": 2,
    "quota_malay": 2,
    "quota_other": 2,
    "street": "COMPASSVALE CRES",
    "town": "Sengkang"
},
{
    "apartments": [
        {
            "area": 68.0,
            "floor": 6,
            "is_repurchased": false,
            "lease_price_list": [
                {
                    "lease": null,
                    "price": 224900
                }
            ],
            "unit": 319
        }
    ],
    "block_code": {
        "block_num": "289A",
        "contract": "C43A",
        "neighbourhood": "N2"
    },
    "dpd_date": "NA (Keys Available)",
    "flat_type": "3-Room (income ceiling $12,000)",
    "lcd_date": "01 Nov 2017",
    "pcd_date": "-",
    "quota_chinese": 1,
    "quota_malay": 1,
    "quota_other": 1,
    "street": "COMPASSVALE CRES",
    "town": "Sengkang"
},
{
    "apartments": [
        {
            "area": 68.0,
            "floor": 12,
            "is_repurchased": false,
            "lease_price_list": [
                {
                    "lease": null,
                    "price": 233400
                }
            ],
            "unit": 341
        }
    ],
    "block_code": {
        "block_num": "289B",
        "contract": "C43A",
        "neighbourhood": "N2"
    },
    "dpd_date": "NA (Keys Available)",
    "flat_type": "3-Room (income ceiling $12,000)",
    "lcd_date": "01 Nov 2017",
    "pcd_date": "-",
    "quota_chinese": 1,
    "quota_malay": 1,
    "quota_other": 1,
    "street": "COMPASSVALE CRES",
    "town": "Sengkang"
},
{
    "apartments": [
        {
            "area": 67.0,
            "floor": 14,
            "is_repurchased": false,
            "lease_price_list": [
                {
                    "lease": null,
                    "price": 234000
                }
            ],
            "unit": 122
        }
    ],
    "block_code": {
        "block_num": "334B",
        "contract": "C21",
        "neighbourhood": "N3"
    },
    "dpd_date": "NA (Keys Available)",
    "flat_type": "3-Room (income ceiling $12,000)",
    "lcd_date": "01 Dec 2015",
    "pcd_date": "-",
    "quota_chinese": 1,
    "quota_malay": 1,
    "quota_other": 1,
    "street": "ANCHORVALE CRES",
    "town": "Sengkang"
},
{
    "apartments": [
        {
            "area": 67.0,
            "floor": 14,
            "is_repurchased": false,
            "lease_price_list": [
                {
                    "lease": null,
                    "price": 226800
                }
            ],
            "unit": 6
        }
    ],
    "block_code": {
        "block_num": "334C",
        "contract": "C21",
        "neighbourhood": "N3"
    },
    "dpd_date": "NA (Keys Available)",
    "flat_type": "3-Room (income ceiling $12,000)",
    "lcd_date": "01 Dec 2015",
    "pcd_date": "-",
    "quota_chinese": 1,
    "quota_malay": 1,
    "quota_other": 1,
    "street": "ANCHORVALE CRES",
    "town": "Sengkang"
}]
