[{
    "apartments": [
        {
            "area": 93.0,
            "floor": 2,
            "is_repurchased": false,
            "lease_price_list": [
                {
                    "lease": null,
                    "price": 283400
                }
            ],
            "unit": 204
        }
    ],
    "block_code": {
        "block_num": "162A",
        "contract": "C29",
        "neighbourhood": "N1"
    },
    "dpd_date": "NA (Keys Available)",
    "flat_type": "4-Room",
    "lcd_date": "01 May 2017",
    "pcd_date": "-",
    "quota_chinese": 1,
    "quota_malay": 1,
    "quota_other": 1,
    "street": "RIVERVALE CRES",
    "town": "Sengkang"
},
{
    "apartments": [
        {
            "area": 93.0,
            "floor": 4,
            "is_repurchased": false,
            "lease_price_list": [
                {
                    "lease": null,
                    "price": 287400
                }
            ],
            "unit": 216
        }
    ],
    "block_code": {
        "block_num": "162B",
        "contract": "C29",
        "neighbourhood": "N1"
    },
    "dpd_date": "NA (Keys Available)",
    "flat_type": "4-Room",
    "lcd_date": "01 May 2017",
    "pcd_date": "-",
    "quota_chinese": 1,
    "quota_malay": 1,
    "quota_other": 1,
    "street": "RIVERVALE CRES",
    "town": "Sengkang"
},
{
    "apartments": [
        {
            "area": 93.0,
            "floor": 3,
            "is_repurchased": false,
            "lease_price_list": [
                {
                    "lease": null,
                    "price": 287900
                }
            ],
            "unit": 258
        },
        {
            "area": 93.0,
            "floor": 9,
            "is_repurchased": false,
            "lease_price_list": [
                {
                    "lease": null,
                    "price": 316300
                }
            ],
            "unit": 258
        },
        {
            "area": 93.0,
            "floor": 18,
            "is_repurchased": false,
            "lease_price_list": [
                {
                    "lease": null,
                    "price": 325000
                }
            ],
            "unit": 258
        },
        {
            "area": 93.0,
            "floor": 3,
            "is_repurchased": false,
            "lease_price_list": [
                {
                    "lease": null,
                    "price": 272900
                }
            ],
            "unit": 262
        }
    ],
    "block_code": {
        "block_num": "163C",
        "contract": "C29",
        "neighbourhood": "N1"
    },
    "dpd_date": "NA (Keys Available)",
    "flat_type": "4-Room",
    "lcd_date": "01 May 2017",
    "pcd_date": "-",
    "quota_chinese": 4,
    "quota_malay": 4,
    "quota_other": 4,
    "street": "RIVERVALE CRES",
    "town": "Sengkang"
},
{
    "apartments": [
        {
            "area": 93.0,
            "floor": 3,
            "is_repurchased": false,
            "lease_price_list": [
                {
                    "lease": null,
                    "price": 282900
                }
            ],
            "unit": 284
        }
    ],
    "block_code": {
        "block_num": "164A",
        "contract": "C29",
        "neighbourhood": "N1"
    },
    "dpd_date": "NA (Keys Available)",
    "flat_type": "4-Room",
    "lcd_date": "01 May 2017",
    "pcd_date": "-",
    "quota_chinese": 1,
    "quota_malay": 1,
    "quota_other": 1,
    "street": "RIVERVALE CRES",
    "town": "Sengkang"
},
{
    "apartments": [
        {
            "area": 92.0,
            "floor": 16,
            "is_repurchased": false,
            "lease_price_list": [
                {
                    "lease": null,
                    "price": 397800
                }
            ],
            "unit": 502
        },
        {
            "area": 92.0,
            "floor": 12,
            "is_repurchased": false,
            "lease_price_list": [
                {
                    "lease": null,
                    "price": 400700
                }
            ],
            "unit": 514
        },
        {
            "area": 92.0,
            "floor": 2,
            "is_repurchased": false,
            "lease_price_list": [
                {
                    "lease": null,
                    "price": 364400
                }
            ],
            "unit": 518
        }
    ],
    "block_code": {
        "block_num": "215A",
        "contract": "C45",
        "neighbourhood": "N2"
    },
    "dpd_date": "NA (Keys Available)",
    "flat_type": "4-Room",
    "lcd_date": "01 May 2017",
    "pcd_date": "-",
    "quota_chinese": 3,
    "quota_malay": 3,
    "quota_other": 3,
    "street": "COMPASSVALE DR",
    "town": "Sengkang"
},
{
    "apartments": [
        {
            "area": 92.0,
            "floor": 2,
            "is_repurchased": false,
            "lease_price_list": [
                {
                    "lease": null,
                    "price": 374100
                }
            ],
            "unit": 568
        }
    ],
    "block_code": {
        "block_num": "216C",
        "contract": "C45",
        "neighbourhood": "N2"
    },
    "dpd_date": "NA (Keys Available)",
    "flat_type": "4-Room",
    "lcd_date": "01 May 2017",
    "pcd_date": "-",
    "quota_chinese": 1,
    "quota_malay": 1,
    "quota_other": 1,
    "street": "COMPASSVALE DR",
    "town": "Sengkang"
},
{
    "apartments": [
        {
            "area": 92.0,
            "floor": 10,
            "is_repurchased": false,
            "lease_price_list": [
                {
                    "lease": null,
                    "price": 397500
                }
            ],
            "unit": 616
        }
    ],
    "block_code": {
        "block_num": "217A",
        "contract": "C45",
        "neighbourhood": "N2"
    },
    "dpd_date": "NA (Keys Available)",
    "flat_type": "4-Room",
    "lcd_date": "01 May 2017",
    "pcd_date": "-",
    "quota_chinese": 1,
    "quota_malay": 1,
    "quota_other": 1,
    "street": "COMPASSVALE DR",
    "town": "Sengkang"
},
{
    "apartments": [
        {
            "area": 92.0,
            "floor": 10,
            "is_repurchased": false,
            "lease_price_list": [
                {
                    "lease": null,
                    "price": 390800
                }
            ],
            "unit": 606
        },
        {
            "area": 92.0,
            "floor": 13,
            "is_repurchased": false,
            "lease_price_list": [
                {
                    "lease": null,
                    "price": 402100
                }
            ],
            "unit": 608
        },
        {
            "area": 92.0,
            "floor": 11,
            "is_repurchased": false,
            "lease_price_list": [
                {
                    "lease": null,
                    "price": 399300
                }
            ],
            "unit": 610
        }
    ],
    "block_code": {
        "block_num": "217B",
        "contract": "C45",
        "neighbourhood": "N2"
    },
    "dpd_date": "NA (Keys Available)",
    "flat_type": "4-Room",
    "lcd_date": "01 May 2017",
    "pcd_date": "-",
    "quota_chinese": 3,
    "quota_malay": 3,
    "quota_other": 3,
    "street": "COMPASSVALE DR",
    "town": "Sengkang"
},
{
    "apartments": [
        {
            "area": 92.0,
            "floor": 16,
            "is_repurchased": false,
            "lease_price_list": [
                {
                    "lease": null,
                    "price": 404500
                }
            ],
            "unit": 584
        },
        {
            "area": 93.0,
            "floor": 6,
            "is_repurchased": false,
            "lease_price_list": [
                {
                    "lease": null,
                    "price": 388100
                }
            ],
            "unit": 586
        },
        {
            "area": 92.0,
            "floor": 11,
            "is_repurchased": false,
            "lease_price_list": [
                {
                    "lease": null,
                    "price": 406000
                }
            ],
            "unit": 592
        }
    ],
    "block_code": {
        "block_num": "217C",
        "contract": "C45",
        "neighbourhood": "N2"
    },
    "dpd_date": "NA (Keys Available)",
    "flat_type": "4-Room",
    "lcd_date": "01 May 2017",
    "pcd_date": "-",
    "quota_chinese": 3,
    "quota_malay": 3,
    "quota_other": 3,
    "street": "COMPASSVALE DR",
    "town": "Sengkang"
},
{
    "apartments": [
        {
            "area": 92.0,
            "floor": 4,
            "is_repurchased": false,
            "lease_price_list": [
                {
                    "lease": null,
                    "price": 327400
                }
            ],
            "unit": 527
        },
        {
            "area": 92.0,
            "floor": 17,
            "is_repurchased": false,
            "lease_price_list": [
                {
                    "lease": null,
                    "price": 359400
                }
            ],
            "unit": 527
        },
        {
            "area": 92.0,
            "floor": 11,
            "is_repurchased": false,
            "lease_price_list": [
                {
                    "lease": null,
                    "price": 357400
                }
            ],
            "unit": 529
        }
    ],
    "block_code": {
        "block_num": "274A",
        "contract": "C42",
        "neighbourhood": "N2"
    },
    "dpd_date": "NA (Keys Available)",
    "flat_type": "4-Room",
    "lcd_date": "01 Nov 2017",
    "pcd_date": "-",
    "quota_chinese": 3,
    "quota_malay": 3,
    "quota_other": 3,
    "street": "COMPASSVALE BOW",
    "town": "Sengkang"
},
{
    "apartments": [
        {
            "area": 92.0,
            "floor": 2,
            "is_repurchased": false,
            "lease_price_list": [
                {
                    "lease": null,
                    "price": 323400
                }
            ],
            "unit": 515
        },
        {
            "area": 92.0,
            "floor": 6,
            "is_repurchased": false,
            "lease_price_list": [
                {
                    "lease": null,
                    "price": 346200
                }
            ],
            "unit": 515
        },
        {
            "area": 92.0,
            "floor": 8,
            "is_repurchased": false,
            "lease_price_list": [
                {
                    "lease": null,
                    "price": 353200
                }
            ],
            "unit": 515
        },
        {
            "area": 92.0,
            "floor": 14,
            "is_repurchased": false,
            "lease_price_list": [
                {
                    "lease": null,
                    "price": 356600
                }
            ],
            "unit": 517
        }
    ],
    "block_code": {
        "block_num": "274B",
        "contract": "C42",
        "neighbourhood": "N2"
    },
    "dpd_date": "NA (Keys Available)",
    "flat_type": "4-Room",
    "lcd_date": "01 Nov 2017",
    "pcd_date": "-",
    "quota_chinese": 4,
    "quota_malay": 4,
    "quota_other": 4,
    "street": "COMPASSVALE BOW",
    "town": "Sengkang"
},
{
    "apartments": [
        {
            "area": 92.0,
            "floor": 4,
            "is_repurchased": false,
            "lease_price_list": [
                {
                    "lease": null,
                    "price": 332300
                }
            ],
            "unit": 509
        },
        {
            "area": 92.0,
            "floor": 5,
            "is_repurchased": false,
            "lease_price_list": [
                {
                    "lease": null,
                    "price": 336800
                }
            ],
            "unit": 509
        }
    ],
    "block_code": {
        "block_num": "274C",
        "contract": "C42",
        "neighbourhood": "N2"
    },
    "dpd_date": "NA (Keys Available)",
    "flat_type": "4-Room",
    "lcd_date": "01 Nov 2017",
    "pcd_date": "-",
    "quota_chinese": 2,
    "quota_malay": 2,
    "quota_other": 2,
    "street": "COMPASSVALE BOW",
    "town": "Sengkang"
},
{
    "apartments": [
        {
            "area": 92.0,
            "floor": 15,
            "is_repurchased": true,
            "lease_price_list": [
                {
                    "lease": null,
                    "price": 354300
                }
            ],
            "unit": 541
        },
        {
            "area": 92.0,
            "floor": 13,
            "is_repurchased": false,
            "lease_price_list": [
                {
                    "lease": null,
                    "price": 360100
                }
            ],
            "unit": 543
        }
    ],
    "block_code": {
        "block_num": "278A",
        "contract": "C42",
        "neighbourhood": "N2"
    },
    "dpd_date": "NA (Keys Available)",
    "flat_type": "4-Room",
    "lcd_date": "01 Nov 2017",
    "pcd_date": "-",
    "quota_chinese": 2,
    "quota_malay": 2,
    "quota_other": 2,
    "street": "COMPASSVALE BOW",
    "town": "Sengkang"
},
{
    "apartments": [
        {
            "area": 92.0,
            "floor": 2,
            "is_repurchased": false,
            "lease_price_list": [
                {
                    "lease": null,
                    "price": 329200
                }
            ],
            "unit": 555
        }
    ],
    "block_code": {
        "block_num": "278B",
        "contract": "C42",
        "neighbourhood": "N2"
    },
    "dpd_date": "NA (Keys Available)",
    "flat_type": "4-Room",
    "lcd_date": "01 Nov 2017",
    "pcd_date": "-",
    "quota_chinese": 1,
    "quota_malay": 1,
    "quota_other": 1,
    "street": "COMPASSVALE BOW",
    "town": "Sengkang"
},
{
    "apartments": [
        {
            "area": 93.0,
            "floor": 5,
            "is_repurchased": false,
            "lease_price_list": [
                {
                    "lease": null,
                    "price": 335500
                }
            ],
            "unit": 77
        },
        {
            "area": 93.0,
            "floor": 10,
            "is_repurchased": false,
            "lease_price_list": [
                {
                    "lease": null,
                    "price": 345200
                }
            ],
            "unit": 81
        }
    ],
    "block_code": {
        "block_num": "286A",
        "contract": "C43A",
        "neighbourhood": "N2"
    },
    "dpd_date": "NA (Keys Available)",
    "flat_type": "4-Room",
    "lcd_date": "01 Nov 2017",
    "pcd_date": "-",
    "quota_chinese": 2,
    "quota_malay": 2,
    "quota_other": 2,
    "street": "COMPASSVALE CRES",
    "town": "Sengkang"
},
{
    "apartments": [
        {
            "area": 93.0,
            "floor": 2,
            "is_repurchased": false,
            "lease_price_list": [
                {
                    "lease": null,
                    "price": 316200
                }
            ],
            "unit": 93
        },
        {
            "area": 93.0,
            "floor": 14,
            "is_repurchased": false,
            "lease_price_list": [
                {
                    "lease": null,
                    "price": 342100
                }
            ],
            "unit": 93
        }
    ],
    "block_code": {
        "block_num": "286B",
        "contract": "C43A",
        "neighbourhood": "N2"
    },
    "dpd_date": "NA (Keys Available)",
    "flat_type": "4-Room",
    "lcd_date": "01 Nov 2017",
    "pcd_date": "-",
    "quota_chinese": 2,
    "quota_malay": 2,
    "quota_other": 2,
    "street": "COMPASSVALE CRES",
    "town": "Sengkang"
},
{
    "apartments": [
        {
            "area": 93.0,
            "floor": 5,
            "is_repurchased": false,
            "lease_price_list": [
                {
                    "lease": null,
                    "price": 335600
                }
            ],
            "unit": 119
        },
        {
            "area": 93.0,
            "floor": 12,
            "is_repurchased": false,
            "lease_price_list": [
                {
                    "lease": null,
                    "price": 333600
                }
            ],
            "unit": 121
        }
    ],
    "block_code": {
        "block_num": "286C",
        "contract": "C43A",
        "neighbourhood": "N2"
    },
    "dpd_date": "NA (Keys Available)",
    "flat_type": "4-Room",
    "lcd_date": "01 Nov 2017",
    "pcd_date": "-",
    "quota_chinese": 2,
    "quota_malay": 2,
    "quota_other": 2,
    "street": "COMPASSVALE CRES",
    "town": "Sengkang"
},
{
    "apartments": [
        {
            "area": 96.0,
            "floor": 4,
            "is_repurchased": false,
            "lease_price_list": [
                {
                    "lease": null,
                    "price": 341400
                }
            ],
            "unit": 157
        },
        {
            "area": 96.0,
            "floor": 9,
            "is_repurchased": false,
            "lease_price_list": [
                {
                    "lease": null,
                    "price": 357800
                }
            ],
            "unit": 157
        },
        {
            "area": 96.0,
            "floor": 13,
            "is_repurchased": false,
            "lease_price_list": [
                {
                    "lease": null,
                    "price": 363400
                }
            ],
            "unit": 157
        },
        {
            "area": 96.0,
            "floor": 14,
            "is_repurchased": false,
            "lease_price_list": [
                {
                    "lease": null,
                    "price": 358100
                }
            ],
            "unit": 157
        }
    ],
    "block_code": {
        "block_num": "287A",
        "contract": "C43A",
        "neighbourhood": "N2"
    },
    "dpd_date": "NA (Keys Available)",
    "flat_type": "4-Room",
    "lcd_date": "01 Nov 2017",
    "pcd_date": "-",
    "quota_chinese": 4,
    "quota_malay": 4,
    "quota_other": 4,
    "street": "COMPASSVALE CRES",
    "town": "Sengkang"
},
{
    "apartments": [
        {
            "area": 96.0,
            "floor": 13,
            "is_repurchased": false,
            "lease_price_list": [
                {
                    "lease": null,
                    "price": 375400
                }
            ],
            "unit": 165
        }
    ],
    "block_code": {
        "block_num": "287B",
        "contract": "C43A",
        "neighbourhood": "N2"
    },
    "dpd_date": "NA (Keys Available)",
    "flat_type": "4-Room",
    "lcd_date": "01 Nov 2017",
    "pcd_date": "-",
    "quota_chinese": 1,
    "quota_malay": 1,
    "quota_other": 0,
    "street": "COMPASSVALE CRES",
    "town": "Sengkang"
},
{
    "apartments": [
        {
            "area": 93.0,
            "floor": 2,
            "is_repurchased": false,
            "lease_price_list": [
                {
                    "lease": null,
                    "price": 304600
                }
            ],
            "unit": 173
        },
        {
            "area": 93.0,
            "floor": 7,
            "is_repurchased": false,
            "lease_price_list": [
                {
                    "lease": null,
                    "price": 330900
                }
            ],
            "unit": 173
        },
        {
            "area": 93.0,
            "floor": 13,
            "is_repurchased": false,
            "lease_price_list": [
                {
                    "lease": null,
                    "price": 358800
                }
            ],
            "unit": 175
        },
        {
            "area": 93.0,
            "floor": 4,
            "is_repurchased": false,
            "lease_price_list": [
                {
                    "lease": null,
                    "price": 319400
                }
            ],
            "unit": 177
        }
    ],
    "block_code": {
        "block_num": "287C",
        "contract": "C43A",
        "neighbourhood": "N2"
    },
    "dpd_date": "NA (Keys Available)",
    "flat_type": "4-Room",
    "lcd_date": "01 Nov 2017",
    "pcd_date": "-",
    "quota_chinese": 4,
    "quota_malay": 2,
    "quota_other": 4,
    "street": "COMPASSVALE CRES",
    "town": "Sengkang"
},
{
    "apartments": [
        {
            "area": 93.0,
            "floor": 11,
            "is_repurchased": false,
            "lease_price_list": [
                {
                    "lease": null,
                    "price": 356000
                }
            ],
            "unit": 377
        },
        {
            "area": 93.0,
            "floor": 12,
            "is_repurchased": false,
            "lease_price_list": [
                {
                    "lease": null,
                    "price": 340000
                }
            ],
            "unit": 383
        }
    ],
    "block_code": {
        "block_num": "288A",
        "contract": "C43A",
        "neighbourhood": "N2"
    },
    "dpd_date": "NA (Keys Available)",
    "flat_type": "4-Room",
    "lcd_date": "01 Nov 2017",
    "pcd_date": "-",
    "quota_chinese": 2,
    "quota_malay": 2,
    "quota_other": 2,
    "street": "COMPASSVALE CRES",
    "town": "Sengkang"
},
{
    "apartments": [
        {
            "area": 93.0,
            "floor": 7,
            "is_repurchased": false,
            "lease_price_list": [
                {
                    "lease": null,
                    "price": 348300
                }
            ],
            "unit": 349
        }
    ],
    "block_code": {
        "block_num": "288C",
        "contract": "C43A",
        "neighbourhood": "N2"
    },
    "dpd_date": "NA (Keys Available)",
    "flat_type": "4-Room",
    "lcd_date": "01 Nov 2017",
    "pcd_date": "-",
    "quota_chinese": 1,
    "quota_malay": 1,
    "quota_other": 1,
    "street": "COMPASSVALE CRES",
    "town": "Sengkang"
},
{
    "apartments": [
        {
            "area": 93.0,
            "floor": 10,
            "is_repurchased": false,
            "lease_price_list": [
                {
                    "lease": null,
                    "price": 342400
                }
            ],
            "unit": 307
        },
        {
            "area": 93.0,
            "floor": 2,
            "is_repurchased": false,
            "lease_price_list": [
                {
                    "lease": null,
                    "price": 315600
                }
            ],
            "unit": 309
        },
        {
            "area": 93.0,
            "floor": 14,
            "is_repurchased": false,
            "lease_price_list": [
                {
                    "lease": null,
                    "price": 354500
                }
            ],
            "unit": 309
        }
    ],
    "block_code": {
        "block_num": "289A",
        "contract": "C43A",
        "neighbourhood": "N2"
    },
    "dpd_date": "NA (Keys Available)",
    "flat_type": "4-Room",
    "lcd_date": "01 Nov 2017",
    "pcd_date": "-",
    "quota_chinese": 3,
    "quota_malay": 3,
    "quota_other": 3,
    "street": "COMPASSVALE CRES",
    "town": "Sengkang"
},
{
    "apartments": [
        {
            "area": 93.0,
            "floor": 5,
            "is_repurchased": false,
            "lease_price_list": [
                {
                    "lease": null,
                    "price": 312500
                }
            ],
            "unit": 327
        },
        {
            "area": 93.0,
            "floor": 13,
            "is_repurchased": false,
            "lease_price_list": [
                {
                    "lease": null,
                    "price": 353100
                }
            ],
            "unit": 329
        },
        {
            "area": 93.0,
            "floor": 12,
            "is_repurchased": false,
            "lease_price_list": [
                {
                    "lease": null,
                    "price": 340100
                }
            ],
            "unit": 333
        }
    ],
    "block_code": {
        "block_num": "289B",
        "contract": "C43A",
        "neighbourhood": "N2"
    },
    "dpd_date": "NA (Keys Available)",
    "flat_type": "4-Room",
    "lcd_date": "01 Nov 2017",
    "pcd_date": "-",
    "quota_chinese": 3,
    "quota_malay": 3,
    "quota_other": 3,
    "street": "COMPASSVALE CRES",
    "town": "Sengkang"
},
{
    "apartments": [
        {
            "area": 93.0,
            "floor": 7,
            "is_repurchased": false,
            "lease_price_list": [
                {
                    "lease": null,
                    "price": 321000
                }
            ],
            "unit": 7
        }
    ],
    "block_code": {
        "block_num": "293A",
        "contract": "C43B",
        "neighbourhood": "N2"
    },
    "dpd_date": "NA (Keys Available)",
    "flat_type": "4-Room",
    "lcd_date": "01 Nov 2016",
    "pcd_date": "-",
    "quota_chinese": 1,
    "quota_malay": 1,
    "quota_other": 1,
    "street": "COMPASSVALE CRES",
    "town": "Sengkang"
},
{
    "apartments": [
        {
            "area": 92.0,
            "floor": 12,
            "is_repurchased": true,
            "lease_price_list": [
                {
                    "lease": null,
                    "price": 353000
                }
            ],
            "unit": 292
        }
    ],
    "block_code": {
        "block_num": "326D",
        "contract": "C19",
        "neighbourhood": "N3"
    },
    "dpd_date": "NA (Keys Available)",
    "flat_type": "4-Room",
    "lcd_date": "01 Apr 2015",
    "pcd_date": "-",
    "quota_chinese": 1,
    "quota_malay": 1,
    "quota_other": 1,
    "street": "ANCHORVALE RD",
    "town": "Sengkang"
},
{
    "apartments": [
        {
            "area": 92.0,
            "floor": 9,
            "is_repurchased": true,
            "lease_price_list": [
                {
                    "lease": null,
                    "price": 333500
                }
            ],
            "unit": 529
        }
    ],
    "block_code": {
        "block_num": "330A",
        "contract": "C20",
        "neighbourhood": "N3"
    },
    "dpd_date": "NA (Keys Available)",
    "flat_type": "4-Room",
    "lcd_date": "01 Aug 2015",
    "pcd_date": "-",
    "quota_chinese": 1,
    "quota_malay": 1,
    "quota_other": 1,
    "street": "ANCHORVALE ST",
    "town": "Sengkang"
},
{
    "apartments": [
        {
            "area": 93.0,
            "floor": 6,
            "is_repurchased": true,
            "lease_price_list": [
                {
                    "lease": null,
                    "price": 330600
                }
            ],
            "unit": 551
        }
    ],
    "block_code": {
        "block_num": "331A",
        "contract": "C20",
        "neighbourhood": "N3"
    },
    "dpd_date": "NA (Keys Available)",
    "flat_type": "4-Room",
    "lcd_date": "01 Aug 2015",
    "pcd_date": "-",
    "quota_chinese": 1,
    "quota_malay": 1,
    "quota_other": 1,
    "street": "ANCHORVALE ST",
    "town": "Sengkang"
},
{
    "apartments": [
        {
            "area": 92.0,
            "floor": 11,
            "is_repurchased": false,
            "lease_price_list": [
                {
                    "lease": null,
                    "price": 353400
                }
            ],
            "unit": 370
        }
    ],
    "block_code": {
        "block_num": "332B",
        "contract": "C18",
        "neighbourhood": "N3"
    },
    "dpd_date": "NA (Keys Available)",
    "flat_type": "4-Room",
    "lcd_date": "01 Jun 2015",
    "pcd_date": "-",
    "quota_chinese": 1,
    "quota_malay": 1,
    "quota_other": 1,
    "street": "ANCHORVALE LINK",
    "town": "Sengkang"
},
{
    "apartments": [
        {
            "area": 92.0,
            "floor": 11,
            "is_repurchased": true,
            "lease_price_list": [
                {
                    "lease": null,
                    "price": 346200
                }
            ],
            "unit": 304
        }
    ],
    "block_code": {
        "block_num": "333D",
        "contract": "C18",
        "neighbourhood": "N3"
    },
    "dpd_date": "NA (Keys Available)",
    "flat_type": "4-Room",
    "lcd_date": "01 Jun 2015",
    "pcd_date": "-",
    "quota_chinese": 1,
    "quota_malay": 1,
    "quota_other": 1,
    "street": "ANCHORVALE LINK",
    "town": "Sengkang"
},
{
    "apartments": [
        {
            "area": 92.0,
            "floor": 8,
            "is_repurchased": true,
            "lease_price_list": [
                {
                    "lease": null,
                    "price": 345200
                }
            ],
            "unit": 86
        }
    ],
    "block_code": {
        "block_num": "335B",
        "contract": "C21",
        "neighbourhood": "N3"
    },
    "dpd_date": "NA (Keys Available)",
    "flat_type": "4-Room",
    "lcd_date": "01 Dec 2015",
    "pcd_date": "-",
    "quota_chinese": 1,
    "quota_malay": 1,
    "quota_other": 1,
    "street": "ANCHORVALE CRES",
    "town": "Sengkang"
},
{
    "apartments": [
        {
            "area": 93.0,
            "floor": 10,
            "is_repurchased": false,
            "lease_price_list": [
                {
                    "lease": null,
                    "price": 324900
                }
            ],
            "unit": 53
        },
        {
            "area": 93.0,
            "floor": 3,
            "is_repurchased": false,
            "lease_price_list": [
                {
                    "lease": null,
                    "price": 280700
                }
            ],
            "unit": 61
        }
    ],
    "block_code": {
        "block_num": "338B",
        "contract": "C27",
        "neighbourhood": "N3"
    },
    "dpd_date": "NA (Keys Available)",
    "flat_type": "4-Room",
    "lcd_date": "01 May 2018",
    "pcd_date": "-",
    "quota_chinese": 2,
    "quota_malay": 2,
    "quota_other": 2,
    "street": "ANCHORVALE CRES",
    "town": "Sengkang"
},
{
    "apartments": [
        {
            "area": 93.0,
            "floor": 7,
            "is_repurchased": false,
            "lease_price_list": [
                {
                    "lease": null,
                    "price": 302600
                }
            ],
            "unit": 41
        },
        {
            "area": 93.0,
            "floor": 9,
            "is_repurchased": false,
            "lease_price_list": [
                {
                    "lease": null,
                    "price": 313200
                }
            ],
            "unit": 43
        },
        {
            "area": 93.0,
            "floor": 14,
            "is_repurchased": false,
            "lease_price_list": [
                {
                    "lease": null,
                    "price": 314500
                }
            ],
            "unit": 43
        },
        {
            "area": 93.0,
            "floor": 6,
            "is_repurchased": false,
            "lease_price_list": [
                {
                    "lease": null,
                    "price": 299100
                }
            ],
            "unit": 45
        }
    ],
    "block_code": {
        "block_num": "338C",
        "contract": "C27",
        "neighbourhood": "N3"
    },
    "dpd_date": "NA (Keys Available)",
    "flat_type": "4-Room",
    "lcd_date": "01 May 2018",
    "pcd_date": "-",
    "quota_chinese": 4,
    "quota_malay": 3,
    "quota_other": 4,
    "street": "ANCHORVALE CRES",
    "town": "Sengkang"
},
{
    "apartments": [
        {
            "area": 93.0,
            "floor": 12,
            "is_repurchased": false,
            "lease_price_list": [
                {
                    "lease": null,
                    "price": 328100
                }
            ],
            "unit": 31
        }
    ],
    "block_code": {
        "block_num": "338D",
        "contract": "C27",
        "neighbourhood": "N3"
    },
    "dpd_date": "NA (Keys Available)",
    "flat_type": "4-Room",
    "lcd_date": "01 May 2018",
    "pcd_date": "-",
    "quota_chinese": 1,
    "quota_malay": 1,
    "quota_other": 1,
    "street": "ANCHORVALE CRES",
    "town": "Sengkang"
},
{
    "apartments": [
        {
            "area": 92.0,
            "floor": 17,
            "is_repurchased": false,
            "lease_price_list": [
                {
                    "lease": null,
                    "price": 337400
                }
            ],
            "unit": 233
        }
    ],
    "block_code": {
        "block_num": "351A",
        "contract": "C28",
        "neighbourhood": "N3"
    },
    "dpd_date": "30 Apr 2019",
    "flat_type": "4-Room",
    "lcd_date": "-",
    "pcd_date": "2Q/2018",
    "quota_chinese": 1,
    "quota_malay": 1,
    "quota_other": 1,
    "street": "ANCHORVALE RD",
    "town": "Sengkang"
},
{
    "apartments": [
        {
            "area": 92.0,
            "floor": 11,
            "is_repurchased": false,
            "lease_price_list": [
                {
                    "lease": null,
                    "price": 325100
                }
            ],
            "unit": 221
        }
    ],
    "block_code": {
        "block_num": "351D",
        "contract": "C28",
        "neighbourhood": "N3"
    },
    "dpd_date": "30 Apr 2019",
    "flat_type": "4-Room",
    "lcd_date": "-",
    "pcd_date": "2Q/2018",
    "quota_chinese": 1,
    "quota_malay": 1,
    "quota_other": 1,
    "street": "ANCHORVALE RD",
    "town": "Sengkang"
},
{
    "apartments": [
        {
            "area": 93.0,
            "floor": 7,
            "is_repurchased": false,
            "lease_price_list": [
                {
                    "lease": null,
                    "price": 315900
                }
            ],
            "unit": 98
        }
    ],
    "block_code": {
        "block_num": "416B",
        "contract": "C20",
        "neighbourhood": "N4"
    },
    "dpd_date": "NA (Keys Available)",
    "flat_type": "4-Room",
    "lcd_date": "01 Jan 2016",
    "pcd_date": "-",
    "quota_chinese": 1,
    "quota_malay": 1,
    "quota_other": 1,
    "street": "FERNVALE LINK",
    "town": "Sengkang"
},
{
    "apartments": [
        {
            "area": 94.0,
            "floor": 11,
            "is_repurchased": false,
            "lease_price_list": [
                {
                    "lease": null,
                    "price": 312500
                }
            ],
            "unit": 172
        },
        {
            "area": 94.0,
            "floor": 15,
            "is_repurchased": false,
            "lease_price_list": [
                {
                    "lease": null,
                    "price": 318100
                }
            ],
            "unit": 182
        }
    ],
    "block_code": {
        "block_num": "417A",
        "contract": "C19",
        "neighbourhood": "N4"
    },
    "dpd_date": "30 Jun 2018",
    "flat_type": "4-Room",
    "lcd_date": "-",
    "pcd_date": "06/2017",
    "quota_chinese": 2,
    "quota_malay": 2,
    "quota_other": 2,
    "street": "FERNVALE LINK",
    "town": "Sengkang"
},
{
    "apartments": [
        {
            "area": 94.0,
            "floor": 12,
            "is_repurchased": false,
            "lease_price_list": [
                {
                    "lease": null,
                    "price": 309000
                }
            ],
            "unit": 142
        },
        {
            "area": 94.0,
            "floor": 9,
            "is_repurchased": false,
            "lease_price_list": [
                {
                    "lease": null,
                    "price": 304800
                }
            ],
            "unit": 146
        },
        {
            "area": 94.0,
            "floor": 20,
            "is_repurchased": false,
            "lease_price_list": [
                {
                    "lease": null,
                    "price": 323700
                }
            ],
            "unit": 146
        }
    ],
    "block_code": {
        "block_num": "418B",
        "contract": "C19",
        "neighbourhood": "N4"
    },
    "dpd_date": "30 Jun 2018",
    "flat_type": "4-Room",
    "lcd_date": "-",
    "pcd_date": "05/2017",
    "quota_chinese": 3,
    "quota_malay": 3,
    "quota_other": 3,
    "street": "FERNVALE LINK",
    "town": "Sengkang"
},
{
    "apartments": [
        {
            "area": 94.0,
            "floor": 13,
            "is_repurchased": false,
            "lease_price_list": [
                {
                    "lease": null,
                    "price": 320200
                }
            ],
            "unit": 164
        }
    ],
    "block_code": {
        "block_num": "418C",
        "contract": "C19",
        "neighbourhood": "N4"
    },
    "dpd_date": "30 Jun 2018",
    "flat_type": "4-Room",
    "lcd_date": "-",
    "pcd_date": "06/2017",
    "quota_chinese": 1,
    "quota_malay": 1,
    "quota_other": 1,
    "street": "FERNVALE LINK",
    "town": "Sengkang"
},
{
    "apartments": [
        {
            "area": 93.0,
            "floor": 10,
            "is_repurchased": true,
            "lease_price_list": [
                {
                    "lease": null,
                    "price": 319000
                }
            ],
            "unit": 511
        }
    ],
    "block_code": {
        "block_num": "433A",
        "contract": "C17",
        "neighbourhood": "N4"
    },
    "dpd_date": "NA (Keys Available)",
    "flat_type": "4-Room",
    "lcd_date": "01 Oct 2014",
    "pcd_date": "-",
    "quota_chinese": 1,
    "quota_malay": 1,
    "quota_other": 1,
    "street": "SENGKANG WEST WAY",
    "town": "Sengkang"
},
{
    "apartments": [
        {
            "area": 94.0,
            "floor": 10,
            "is_repurchased": true,
            "lease_price_list": [
                {
                    "lease": null,
                    "price": 351400
                }
            ],
            "unit": 238
        }
    ],
    "block_code": {
        "block_num": "434B",
        "contract": "C16",
        "neighbourhood": "N4"
    },
    "dpd_date": "NA (Keys Available)",
    "flat_type": "4-Room",
    "lcd_date": "01 Jun 2013",
    "pcd_date": "-",
    "quota_chinese": 1,
    "quota_malay": 1,
    "quota_other": 1,
    "street": "FERNVALE RD",
    "town": "Sengkang"
},
{
    "apartments": [
        {
            "area": 93.0,
            "floor": 2,
            "is_repurchased": false,
            "lease_price_list": [
                {
                    "lease": null,
                    "price": 260100
                }
            ],
            "unit": 35
        }
    ],
    "block_code": {
        "block_num": "455A",
        "contract": "C30",
        "neighbourhood": "N4"
    },
    "dpd_date": "31 Aug 2020",
    "flat_type": "4-Room",
    "lcd_date": "-",
    "pcd_date": "3Q/2019",
    "quota_chinese": 1,
    "quota_malay": 1,
    "quota_other": 1,
    "street": "SENGKANG WEST AVE",
    "town": "Sengkang"
},
{
    "apartments": [
        {
            "area": 93.0,
            "floor": 2,
            "is_repurchased": false,
            "lease_price_list": [
                {
                    "lease": null,
                    "price": 265100
                }
            ],
            "unit": 59
        },
        {
            "area": 93.0,
            "floor": 2,
            "is_repurchased": false,
            "lease_price_list": [
                {
                    "lease": null,
                    "price": 260100
                }
            ],
            "unit": 61
        },
        {
            "area": 93.0,
            "floor": 7,
            "is_repurchased": false,
            "lease_price_list": [
                {
                    "lease": null,
                    "price": 280600
                }
            ],
            "unit": 61
        }
    ],
    "block_code": {
        "block_num": "455B",
        "contract": "C30",
        "neighbourhood": "N4"
    },
    "dpd_date": "31 Aug 2020",
    "flat_type": "4-Room",
    "lcd_date": "-",
    "pcd_date": "3Q/2019",
    "quota_chinese": 3,
    "quota_malay": 3,
    "quota_other": 3,
    "street": "SENGKANG WEST AVE",
    "town": "Sengkang"
},
{
    "apartments": [
        {
            "area": 93.0,
            "floor": 2,
            "is_repurchased": false,
            "lease_price_list": [
                {
                    "lease": null,
                    "price": 255100
                }
            ],
            "unit": 338
        }
    ],
    "block_code": {
        "block_num": "456B",
        "contract": "C30",
        "neighbourhood": "N4"
    },
    "dpd_date": "31 Aug 2020",
    "flat_type": "4-Room",
    "lcd_date": "-",
    "pcd_date": "3Q/2019",
    "quota_chinese": 1,
    "quota_malay": 1,
    "quota_other": 1,
    "street": "SENGKANG WEST RD",
    "town": "Sengkang"
},
{
    "apartments": [
        {
            "area": 93.0,
            "floor": 3,
            "is_repurchased": false,
            "lease_price_list": [
                {
                    "lease": null,
                    "price": 274700
                }
            ],
            "unit": 428
        },
        {
            "area": 93.0,
            "floor": 4,
            "is_repurchased": false,
            "lease_price_list": [
                {
                    "lease": null,
                    "price": 279200
                }
            ],
            "unit": 428
        }
    ],
    "block_code": {
        "block_num": "458A",
        "contract": "C30",
        "neighbourhood": "N4"
    },
    "dpd_date": "31 Aug 2020",
    "flat_type": "4-Room",
    "lcd_date": "-",
    "pcd_date": "3Q/2019",
    "quota_chinese": 2,
    "quota_malay": 2,
    "quota_other": 2,
    "street": "SENGKANG WEST RD",
    "town": "Sengkang"
},
{
    "apartments": [
        {
            "area": 93.0,
            "floor": 5,
            "is_repurchased": false,
            "lease_price_list": [
                {
                    "lease": null,
                    "price": 283700
                }
            ],
            "unit": 414
        }
    ],
    "block_code": {
        "block_num": "458B",
        "contract": "C30",
        "neighbourhood": "N4"
    },
    "dpd_date": "31 Aug 2020",
    "flat_type": "4-Room",
    "lcd_date": "-",
    "pcd_date": "3Q/2019",
    "quota_chinese": 1,
    "quota_malay": 1,
    "quota_other": 1,
    "street": "SENGKANG WEST RD",
    "town": "Sengkang"
},
{
    "apartments": [
        {
            "area": 93.0,
            "floor": 2,
            "is_repurchased": false,
            "lease_price_list": [
                {
                    "lease": null,
                    "price": 260100
                }
            ],
            "unit": 408
        }
    ],
    "block_code": {
        "block_num": "458C",
        "contract": "C30",
        "neighbourhood": "N4"
    },
    "dpd_date": "31 Aug 2020",
    "flat_type": "4-Room",
    "lcd_date": "-",
    "pcd_date": "3Q/2019",
    "quota_chinese": 1,
    "quota_malay": 1,
    "quota_other": 1,
    "street": "SENGKANG WEST RD",
    "town": "Sengkang"
},
{
    "apartments": [
        {
            "area": 93.0,
            "floor": 4,
            "is_repurchased": false,
            "lease_price_list": [
                {
                    "lease": null,
                    "price": 285400
                }
            ],
            "unit": 505
        },
        {
            "area": 93.0,
            "floor": 12,
            "is_repurchased": false,
            "lease_price_list": [
                {
                    "lease": null,
                    "price": 303700
                }
            ],
            "unit": 507
        },
        {
            "area": 93.0,
            "floor": 25,
            "is_repurchased": false,
            "lease_price_list": [
                {
                    "lease": null,
                    "price": 321900
                }
            ],
            "unit": 507
        }
    ],
    "block_code": {
        "block_num": "467A",
        "contract": "C24",
        "neighbourhood": "N4"
    },
    "dpd_date": "NA (Keys Available)",
    "flat_type": "4-Room",
    "lcd_date": "01 Aug 2016",
    "pcd_date": "-",
    "quota_chinese": 3,
    "quota_malay": 3,
    "quota_other": 3,
    "street": "FERNVALE LINK",
    "town": "Sengkang"
},
{
    "apartments": [
        {
            "area": 93.0,
            "floor": 21,
            "is_repurchased": false,
            "lease_price_list": [
                {
                    "lease": null,
                    "price": 318600
                }
            ],
            "unit": 527
        }
    ],
    "block_code": {
        "block_num": "467B",
        "contract": "C24",
        "neighbourhood": "N4"
    },
    "dpd_date": "NA (Keys Available)",
    "flat_type": "4-Room",
    "lcd_date": "01 Aug 2016",
    "pcd_date": "-",
    "quota_chinese": 1,
    "quota_malay": 1,
    "quota_other": 1,
    "street": "FERNVALE LINK",
    "town": "Sengkang"
},
{
    "apartments": [
        {
            "area": 93.0,
            "floor": 22,
            "is_repurchased": false,
            "lease_price_list": [
                {
                    "lease": null,
                    "price": 329400
                }
            ],
            "unit": 543
        },
        {
            "area": 93.0,
            "floor": 12,
            "is_repurchased": false,
            "lease_price_list": [
                {
                    "lease": null,
                    "price": 310600
                }
            ],
            "unit": 549
        }
    ],
    "block_code": {
        "block_num": "468B",
        "contract": "C24",
        "neighbourhood": "N4"
    },
    "dpd_date": "NA (Keys Available)",
    "flat_type": "4-Room",
    "lcd_date": "01 Aug 2016",
    "pcd_date": "-",
    "quota_chinese": 2,
    "quota_malay": 2,
    "quota_other": 2,
    "street": "FERNVALE LINK",
    "town": "Sengkang"
},
{
    "apartments": [
        {
            "area": 93.0,
            "floor": 21,
            "is_repurchased": false,
            "lease_price_list": [
                {
                    "lease": null,
                    "price": 318800
                }
            ],
            "unit": 604
        }
    ],
    "block_code": {
        "block_num": "469A",
        "contract": "C24",
        "neighbourhood": "N4"
    },
    "dpd_date": "NA (Keys Available)",
    "flat_type": "4-Room",
    "lcd_date": "01 Aug 2016",
    "pcd_date": "-",
    "quota_chinese": 1,
    "quota_malay": 1,
    "quota_other": 1,
    "street": "SENGKANG WEST WAY",
    "town": "Sengkang"
},
{
    "apartments": [
        {
            "area": 93.0,
            "floor": 21,
            "is_repurchased": false,
            "lease_price_list": [
                {
                    "lease": null,
                    "price": 318800
                }
            ],
            "unit": 616
        }
    ],
    "block_code": {
        "block_num": "469B",
        "contract": "C24",
        "neighbourhood": "N4"
    },
    "dpd_date": "NA (Keys Available)",
    "flat_type": "4-Room",
    "lcd_date": "01 Aug 2016",
    "pcd_date": "-",
    "quota_chinese": 1,
    "quota_malay": 0,
    "quota_other": 1,
    "street": "SENGKANG WEST WAY",
    "town": "Sengkang"
},
{
    "apartments": [
        {
            "area": 93.0,
            "floor": 22,
            "is_repurchased": false,
            "lease_price_list": [
                {
                    "lease": null,
                    "price": 317400
                }
            ],
            "unit": 410
        }
    ],
    "block_code": {
        "block_num": "470A",
        "contract": "C26",
        "neighbourhood": "N4"
    },
    "dpd_date": "NA (Keys Available)",
    "flat_type": "4-Room",
    "lcd_date": "01 Sep 2016",
    "pcd_date": "-",
    "quota_chinese": 1,
    "quota_malay": 1,
    "quota_other": 1,
    "street": "FERNVALE LINK",
    "town": "Sengkang"
},
{
    "apartments": [
        {
            "area": 93.0,
            "floor": 17,
            "is_repurchased": false,
            "lease_price_list": [
                {
                    "lease": null,
                    "price": 301400
                }
            ],
            "unit": 426
        }
    ],
    "block_code": {
        "block_num": "470C",
        "contract": "C26",
        "neighbourhood": "N4"
    },
    "dpd_date": "NA (Keys Available)",
    "flat_type": "4-Room",
    "lcd_date": "01 Sep 2016",
    "pcd_date": "-",
    "quota_chinese": 1,
    "quota_malay": 1,
    "quota_other": 1,
    "street": "FERNVALE LINK",
    "town": "Sengkang"
},
{
    "apartments": [
        {
            "area": 93.0,
            "floor": 15,
            "is_repurchased": false,
            "lease_price_list": [
                {
                    "lease": null,
                    "price": 312300
                }
            ],
            "unit": 59
        },
        {
            "area": 93.0,
            "floor": 24,
            "is_repurchased": false,
            "lease_price_list": [
                {
                    "lease": null,
                    "price": 319200
                }
            ],
            "unit": 59
        }
    ],
    "block_code": {
        "block_num": "472C",
        "contract": "C27",
        "neighbourhood": "N4"
    },
    "dpd_date": "NA (Keys Available)",
    "flat_type": "4-Room",
    "lcd_date": "01 Sep 2016",
    "pcd_date": "-",
    "quota_chinese": 2,
    "quota_malay": 2,
    "quota_other": 2,
    "street": "FERNVALE ST",
    "town": "Sengkang"
}]
