[{
    "apartments": [
        {
            "area": 113.0,
            "floor": 9,
            "is_repurchased": false,
            "lease_price_list": [
                {
                    "lease": null,
                    "price": 364300
                }
            ],
            "unit": 232
        },
        {
            "area": 113.0,
            "floor": 11,
            "is_repurchased": false,
            "lease_price_list": [
                {
                    "lease": null,
                    "price": 367500
                }
            ],
            "unit": 234
        }
    ],
    "block_code": {
        "block_num": "162C",
        "contract": "C29",
        "neighbourhood": "N1"
    },
    "dpd_date": "NA (Keys Available)",
    "flat_type": "5-Room/3Gen",
    "lcd_date": "01 May 2017",
    "pcd_date": "-",
    "quota_chinese": 2,
    "quota_malay": 2,
    "quota_other": 2,
    "street": "RIVERVALE CRES",
    "town": "Sengkang"
},
{
    "apartments": [
        {
            "area": 113.0,
            "floor": 6,
            "is_repurchased": false,
            "lease_price_list": [
                {
                    "lease": null,
                    "price": 359800
                }
            ],
            "unit": 246
        }
    ],
    "block_code": {
        "block_num": "163A",
        "contract": "C29",
        "neighbourhood": "N1"
    },
    "dpd_date": "NA (Keys Available)",
    "flat_type": "5-Room/3Gen",
    "lcd_date": "01 May 2017",
    "pcd_date": "-",
    "quota_chinese": 1,
    "quota_malay": 1,
    "quota_other": 1,
    "street": "RIVERVALE CRES",
    "town": "Sengkang"
},
{
    "apartments": [
        {
            "area": 113.0,
            "floor": 18,
            "is_repurchased": false,
            "lease_price_list": [
                {
                    "lease": null,
                    "price": 389300
                }
            ],
            "unit": 252
        }
    ],
    "block_code": {
        "block_num": "163B",
        "contract": "C29",
        "neighbourhood": "N1"
    },
    "dpd_date": "NA (Keys Available)",
    "flat_type": "5-Room/3Gen",
    "lcd_date": "01 May 2017",
    "pcd_date": "-",
    "quota_chinese": 1,
    "quota_malay": 1,
    "quota_other": 1,
    "street": "RIVERVALE CRES",
    "town": "Sengkang"
},
{
    "apartments": [
        {
            "area": 113.0,
            "floor": 5,
            "is_repurchased": false,
            "lease_price_list": [
                {
                    "lease": null,
                    "price": 349200
                }
            ],
            "unit": 286
        }
    ],
    "block_code": {
        "block_num": "164A",
        "contract": "C29",
        "neighbourhood": "N1"
    },
    "dpd_date": "NA (Keys Available)",
    "flat_type": "5-Room/3Gen",
    "lcd_date": "01 May 2017",
    "pcd_date": "-",
    "quota_chinese": 1,
    "quota_malay": 1,
    "quota_other": 1,
    "street": "RIVERVALE CRES",
    "town": "Sengkang"
},
{
    "apartments": [
        {
            "area": 112.0,
            "floor": 5,
            "is_repurchased": false,
            "lease_price_list": [
                {
                    "lease": null,
                    "price": 480100
                }
            ],
            "unit": 526
        }
    ],
    "block_code": {
        "block_num": "215B",
        "contract": "C45",
        "neighbourhood": "N2"
    },
    "dpd_date": "NA (Keys Available)",
    "flat_type": "5-Room/3Gen",
    "lcd_date": "01 May 2017",
    "pcd_date": "-",
    "quota_chinese": 1,
    "quota_malay": 1,
    "quota_other": 1,
    "street": "COMPASSVALE DR",
    "town": "Sengkang"
},
{
    "apartments": [
        {
            "area": 112.0,
            "floor": 6,
            "is_repurchased": false,
            "lease_price_list": [
                {
                    "lease": null,
                    "price": 476100
                }
            ],
            "unit": 548
        }
    ],
    "block_code": {
        "block_num": "216B",
        "contract": "C45",
        "neighbourhood": "N2"
    },
    "dpd_date": "NA (Keys Available)",
    "flat_type": "5-Room/3Gen",
    "lcd_date": "01 May 2017",
    "pcd_date": "-",
    "quota_chinese": 1,
    "quota_malay": 1,
    "quota_other": 1,
    "street": "COMPASSVALE DR",
    "town": "Sengkang"
},
{
    "apartments": [
        {
            "area": 112.0,
            "floor": 10,
            "is_repurchased": false,
            "lease_price_list": [
                {
                    "lease": null,
                    "price": 496800
                }
            ],
            "unit": 564
        }
    ],
    "block_code": {
        "block_num": "216C",
        "contract": "C45",
        "neighbourhood": "N2"
    },
    "dpd_date": "NA (Keys Available)",
    "flat_type": "5-Room/3Gen",
    "lcd_date": "01 May 2017",
    "pcd_date": "-",
    "quota_chinese": 1,
    "quota_malay": 1,
    "quota_other": 1,
    "street": "COMPASSVALE DR",
    "town": "Sengkang"
},
{
    "apartments": [
        {
            "area": 112.0,
            "floor": 5,
            "is_repurchased": false,
            "lease_price_list": [
                {
                    "lease": null,
                    "price": 480100
                }
            ],
            "unit": 574
        },
        {
            "area": 112.0,
            "floor": 13,
            "is_repurchased": false,
            "lease_price_list": [
                {
                    "lease": null,
                    "price": 501400
                }
            ],
            "unit": 578
        }
    ],
    "block_code": {
        "block_num": "216D",
        "contract": "C45",
        "neighbourhood": "N2"
    },
    "dpd_date": "NA (Keys Available)",
    "flat_type": "5-Room/3Gen",
    "lcd_date": "01 May 2017",
    "pcd_date": "-",
    "quota_chinese": 2,
    "quota_malay": 2,
    "quota_other": 2,
    "street": "COMPASSVALE DR",
    "town": "Sengkang"
},
{
    "apartments": [
        {
            "area": 112.0,
            "floor": 4,
            "is_repurchased": false,
            "lease_price_list": [
                {
                    "lease": null,
                    "price": 465800
                }
            ],
            "unit": 590
        }
    ],
    "block_code": {
        "block_num": "217C",
        "contract": "C45",
        "neighbourhood": "N2"
    },
    "dpd_date": "NA (Keys Available)",
    "flat_type": "5-Room/3Gen",
    "lcd_date": "01 May 2017",
    "pcd_date": "-",
    "quota_chinese": 1,
    "quota_malay": 1,
    "quota_other": 1,
    "street": "COMPASSVALE DR",
    "town": "Sengkang"
},
{
    "apartments": [
        {
            "area": 110.0,
            "floor": 4,
            "is_repurchased": true,
            "lease_price_list": [
                {
                    "lease": null,
                    "price": 398000
                }
            ],
            "unit": 448
        }
    ],
    "block_code": {
        "block_num": "260B",
        "contract": "C16",
        "neighbourhood": "N2"
    },
    "dpd_date": "NA (Keys Available)",
    "flat_type": "5-Room/3Gen",
    "lcd_date": "01 Jan 2001",
    "pcd_date": "-",
    "quota_chinese": 1,
    "quota_malay": 1,
    "quota_other": 1,
    "street": "SENGKANG EAST WAY",
    "town": "Sengkang"
},
{
    "apartments": [
        {
            "area": 113.0,
            "floor": 14,
            "is_repurchased": false,
            "lease_price_list": [
                {
                    "lease": null,
                    "price": 443300
                }
            ],
            "unit": 533
        }
    ],
    "block_code": {
        "block_num": "274A",
        "contract": "C42",
        "neighbourhood": "N2"
    },
    "dpd_date": "NA (Keys Available)",
    "flat_type": "5-Room/3Gen",
    "lcd_date": "01 Nov 2017",
    "pcd_date": "-",
    "quota_chinese": 1,
    "quota_malay": 1,
    "quota_other": 1,
    "street": "COMPASSVALE BOW",
    "town": "Sengkang"
},
{
    "apartments": [
        {
            "area": 113.0,
            "floor": 14,
            "is_repurchased": false,
            "lease_price_list": [
                {
                    "lease": null,
                    "price": 449400
                }
            ],
            "unit": 519
        },
        {
            "area": 113.0,
            "floor": 10,
            "is_repurchased": false,
            "lease_price_list": [
                {
                    "lease": null,
                    "price": 443000
                }
            ],
            "unit": 521
        },
        {
            "area": 113.0,
            "floor": 13,
            "is_repurchased": false,
            "lease_price_list": [
                {
                    "lease": null,
                    "price": 441700
                }
            ],
            "unit": 521
        }
    ],
    "block_code": {
        "block_num": "274B",
        "contract": "C42",
        "neighbourhood": "N2"
    },
    "dpd_date": "NA (Keys Available)",
    "flat_type": "5-Room/3Gen",
    "lcd_date": "01 Nov 2017",
    "pcd_date": "-",
    "quota_chinese": 3,
    "quota_malay": 3,
    "quota_other": 3,
    "street": "COMPASSVALE BOW",
    "town": "Sengkang"
},
{
    "apartments": [
        {
            "area": 113.0,
            "floor": 3,
            "is_repurchased": false,
            "lease_price_list": [
                {
                    "lease": null,
                    "price": 392800
                }
            ],
            "unit": 539
        }
    ],
    "block_code": {
        "block_num": "278A",
        "contract": "C42",
        "neighbourhood": "N2"
    },
    "dpd_date": "NA (Keys Available)",
    "flat_type": "5-Room/3Gen",
    "lcd_date": "01 Nov 2017",
    "pcd_date": "-",
    "quota_chinese": 1,
    "quota_malay": 1,
    "quota_other": 1,
    "street": "COMPASSVALE BOW",
    "town": "Sengkang"
},
{
    "apartments": [
        {
            "area": 113.0,
            "floor": 3,
            "is_repurchased": false,
            "lease_price_list": [
                {
                    "lease": null,
                    "price": 401000
                }
            ],
            "unit": 559
        },
        {
            "area": 113.0,
            "floor": 11,
            "is_repurchased": false,
            "lease_price_list": [
                {
                    "lease": null,
                    "price": 438500
                }
            ],
            "unit": 559
        }
    ],
    "block_code": {
        "block_num": "278B",
        "contract": "C42",
        "neighbourhood": "N2"
    },
    "dpd_date": "NA (Keys Available)",
    "flat_type": "5-Room/3Gen",
    "lcd_date": "01 Nov 2017",
    "pcd_date": "-",
    "quota_chinese": 2,
    "quota_malay": 2,
    "quota_other": 2,
    "street": "COMPASSVALE BOW",
    "town": "Sengkang"
},
{
    "apartments": [
        {
            "area": 113.0,
            "floor": 14,
            "is_repurchased": false,
            "lease_price_list": [
                {
                    "lease": null,
                    "price": 444400
                }
            ],
            "unit": 73
        },
        {
            "area": 113.0,
            "floor": 13,
            "is_repurchased": false,
            "lease_price_list": [
                {
                    "lease": null,
                    "price": 442200
                }
            ],
            "unit": 85
        }
    ],
    "block_code": {
        "block_num": "286A",
        "contract": "C43A",
        "neighbourhood": "N2"
    },
    "dpd_date": "NA (Keys Available)",
    "flat_type": "5-Room/3Gen",
    "lcd_date": "01 Nov 2017",
    "pcd_date": "-",
    "quota_chinese": 2,
    "quota_malay": 2,
    "quota_other": 2,
    "street": "COMPASSVALE CRES",
    "town": "Sengkang"
},
{
    "apartments": [
        {
            "area": 113.0,
            "floor": 2,
            "is_repurchased": false,
            "lease_price_list": [
                {
                    "lease": null,
                    "price": 388700
                }
            ],
            "unit": 147
        }
    ],
    "block_code": {
        "block_num": "287A",
        "contract": "C43A",
        "neighbourhood": "N2"
    },
    "dpd_date": "NA (Keys Available)",
    "flat_type": "5-Room/3Gen",
    "lcd_date": "01 Nov 2017",
    "pcd_date": "-",
    "quota_chinese": 1,
    "quota_malay": 1,
    "quota_other": 1,
    "street": "COMPASSVALE CRES",
    "town": "Sengkang"
},
{
    "apartments": [
        {
            "area": 113.0,
            "floor": 7,
            "is_repurchased": false,
            "lease_price_list": [
                {
                    "lease": null,
                    "price": 415100
                }
            ],
            "unit": 167
        },
        {
            "area": 113.0,
            "floor": 10,
            "is_repurchased": false,
            "lease_price_list": [
                {
                    "lease": null,
                    "price": 422800
                }
            ],
            "unit": 169
        }
    ],
    "block_code": {
        "block_num": "287B",
        "contract": "C43A",
        "neighbourhood": "N2"
    },
    "dpd_date": "NA (Keys Available)",
    "flat_type": "5-Room/3Gen",
    "lcd_date": "01 Nov 2017",
    "pcd_date": "-",
    "quota_chinese": 2,
    "quota_malay": 2,
    "quota_other": 1,
    "street": "COMPASSVALE CRES",
    "town": "Sengkang"
},
{
    "apartments": [
        {
            "area": 113.0,
            "floor": 3,
            "is_repurchased": false,
            "lease_price_list": [
                {
                    "lease": null,
                    "price": 409300
                }
            ],
            "unit": 179
        }
    ],
    "block_code": {
        "block_num": "287C",
        "contract": "C43A",
        "neighbourhood": "N2"
    },
    "dpd_date": "NA (Keys Available)",
    "flat_type": "5-Room/3Gen",
    "lcd_date": "01 Nov 2017",
    "pcd_date": "-",
    "quota_chinese": 1,
    "quota_malay": 1,
    "quota_other": 1,
    "street": "COMPASSVALE CRES",
    "town": "Sengkang"
},
{
    "apartments": [
        {
            "area": 113.0,
            "floor": 3,
            "is_repurchased": false,
            "lease_price_list": [
                {
                    "lease": null,
                    "price": 402000
                }
            ],
            "unit": 357
        },
        {
            "area": 113.0,
            "floor": 6,
            "is_repurchased": false,
            "lease_price_list": [
                {
                    "lease": null,
                    "price": 410600
                }
            ],
            "unit": 359
        },
        {
            "area": 113.0,
            "floor": 14,
            "is_repurchased": false,
            "lease_price_list": [
                {
                    "lease": null,
                    "price": 429200
                }
            ],
            "unit": 359
        },
        {
            "area": 116.0,
            "floor": 6,
            "is_repurchased": false,
            "lease_price_list": [
                {
                    "lease": null,
                    "price": 451500
                }
            ],
            "unit": 363
        }
    ],
    "block_code": {
        "block_num": "288B",
        "contract": "C43A",
        "neighbourhood": "N2"
    },
    "dpd_date": "NA (Keys Available)",
    "flat_type": "5-Room/3Gen",
    "lcd_date": "01 Nov 2017",
    "pcd_date": "-",
    "quota_chinese": 4,
    "quota_malay": 4,
    "quota_other": 4,
    "street": "COMPASSVALE CRES",
    "town": "Sengkang"
},
{
    "apartments": [
        {
            "area": 113.0,
            "floor": 7,
            "is_repurchased": false,
            "lease_price_list": [
                {
                    "lease": null,
                    "price": 423000
                }
            ],
            "unit": 353
        },
        {
            "area": 113.0,
            "floor": 3,
            "is_repurchased": false,
            "lease_price_list": [
                {
                    "lease": null,
                    "price": 402000
                }
            ],
            "unit": 355
        }
    ],
    "block_code": {
        "block_num": "288C",
        "contract": "C43A",
        "neighbourhood": "N2"
    },
    "dpd_date": "NA (Keys Available)",
    "flat_type": "5-Room/3Gen",
    "lcd_date": "01 Nov 2017",
    "pcd_date": "-",
    "quota_chinese": 2,
    "quota_malay": 2,
    "quota_other": 2,
    "street": "COMPASSVALE CRES",
    "town": "Sengkang"
},
{
    "apartments": [
        {
            "area": 113.0,
            "floor": 3,
            "is_repurchased": false,
            "lease_price_list": [
                {
                    "lease": null,
                    "price": 394100
                }
            ],
            "unit": 325
        }
    ],
    "block_code": {
        "block_num": "289B",
        "contract": "C43A",
        "neighbourhood": "N2"
    },
    "dpd_date": "NA (Keys Available)",
    "flat_type": "5-Room/3Gen",
    "lcd_date": "01 Nov 2017",
    "pcd_date": "-",
    "quota_chinese": 1,
    "quota_malay": 1,
    "quota_other": 1,
    "street": "COMPASSVALE CRES",
    "town": "Sengkang"
},
{
    "apartments": [
        {
            "area": 113.0,
            "floor": 8,
            "is_repurchased": false,
            "lease_price_list": [
                {
                    "lease": null,
                    "price": 405500
                }
            ],
            "unit": 65
        }
    ],
    "block_code": {
        "block_num": "293B",
        "contract": "C43B",
        "neighbourhood": "N2"
    },
    "dpd_date": "NA (Keys Available)",
    "flat_type": "5-Room/3Gen",
    "lcd_date": "01 Nov 2016",
    "pcd_date": "-",
    "quota_chinese": 1,
    "quota_malay": 1,
    "quota_other": 1,
    "street": "COMPASSVALE CRES",
    "town": "Sengkang"
},
{
    "apartments": [
        {
            "area": 112.0,
            "floor": 14,
            "is_repurchased": false,
            "lease_price_list": [
                {
                    "lease": null,
                    "price": 427700
                }
            ],
            "unit": 587
        }
    ],
    "block_code": {
        "block_num": "329B",
        "contract": "C20",
        "neighbourhood": "N3"
    },
    "dpd_date": "NA (Keys Available)",
    "flat_type": "5-Room/3Gen",
    "lcd_date": "01 Aug 2015",
    "pcd_date": "-",
    "quota_chinese": 1,
    "quota_malay": 1,
    "quota_other": 1,
    "street": "ANCHORVALE ST",
    "town": "Sengkang"
},
{
    "apartments": [
        {
            "area": 112.0,
            "floor": 12,
            "is_repurchased": false,
            "lease_price_list": [
                {
                    "lease": null,
                    "price": 409000
                }
            ],
            "unit": 539
        }
    ],
    "block_code": {
        "block_num": "330B",
        "contract": "C20",
        "neighbourhood": "N3"
    },
    "dpd_date": "NA (Keys Available)",
    "flat_type": "5-Room/3Gen",
    "lcd_date": "01 Aug 2015",
    "pcd_date": "-",
    "quota_chinese": 1,
    "quota_malay": 1,
    "quota_other": 1,
    "street": "ANCHORVALE ST",
    "town": "Sengkang"
},
{
    "apartments": [
        {
            "area": 113.0,
            "floor": 5,
            "is_repurchased": false,
            "lease_price_list": [
                {
                    "lease": null,
                    "price": 392700
                }
            ],
            "unit": 69
        },
        {
            "area": 113.0,
            "floor": 16,
            "is_repurchased": false,
            "lease_price_list": [
                {
                    "lease": null,
                    "price": 434500
                }
            ],
            "unit": 75
        }
    ],
    "block_code": {
        "block_num": "338A",
        "contract": "C27",
        "neighbourhood": "N3"
    },
    "dpd_date": "NA (Keys Available)",
    "flat_type": "5-Room/3Gen",
    "lcd_date": "01 May 2018",
    "pcd_date": "-",
    "quota_chinese": 2,
    "quota_malay": 2,
    "quota_other": 2,
    "street": "ANCHORVALE CRES",
    "town": "Sengkang"
},
{
    "apartments": [
        {
            "area": 120.0,
            "floor": 7,
            "is_repurchased": false,
            "lease_price_list": [
                {
                    "lease": null,
                    "price": 413000
                }
            ],
            "unit": 27
        },
        {
            "area": 113.0,
            "floor": 9,
            "is_repurchased": false,
            "lease_price_list": [
                {
                    "lease": null,
                    "price": 413200
                }
            ],
            "unit": 29
        }
    ],
    "block_code": {
        "block_num": "338D",
        "contract": "C27",
        "neighbourhood": "N3"
    },
    "dpd_date": "NA (Keys Available)",
    "flat_type": "5-Room/3Gen",
    "lcd_date": "01 May 2018",
    "pcd_date": "-",
    "quota_chinese": 2,
    "quota_malay": 2,
    "quota_other": 2,
    "street": "ANCHORVALE CRES",
    "town": "Sengkang"
},
{
    "apartments": [
        {
            "area": 112.0,
            "floor": 10,
            "is_repurchased": true,
            "lease_price_list": [
                {
                    "lease": null,
                    "price": 393000
                }
            ],
            "unit": 201
        }
    ],
    "block_code": {
        "block_num": "430A",
        "contract": "C18A",
        "neighbourhood": "N4"
    },
    "dpd_date": "NA (Keys Available)",
    "flat_type": "5-Room/3Gen",
    "lcd_date": "01 May 2015",
    "pcd_date": "-",
    "quota_chinese": 1,
    "quota_malay": 1,
    "quota_other": 1,
    "street": "FERNVALE LINK",
    "town": "Sengkang"
},
{
    "apartments": [
        {
            "area": 113.0,
            "floor": 2,
            "is_repurchased": false,
            "lease_price_list": [
                {
                    "lease": null,
                    "price": 343700
                }
            ],
            "unit": 350
        },
        {
            "area": 113.0,
            "floor": 3,
            "is_repurchased": false,
            "lease_price_list": [
                {
                    "lease": null,
                    "price": 349700
                }
            ],
            "unit": 350
        },
        {
            "area": 113.0,
            "floor": 2,
            "is_repurchased": false,
            "lease_price_list": [
                {
                    "lease": null,
                    "price": 343700
                }
            ],
            "unit": 352
        },
        {
            "area": 113.0,
            "floor": 3,
            "is_repurchased": false,
            "lease_price_list": [
                {
                    "lease": null,
                    "price": 349700
                }
            ],
            "unit": 352
        },
        {
            "area": 113.0,
            "floor": 4,
            "is_repurchased": false,
            "lease_price_list": [
                {
                    "lease": null,
                    "price": 355700
                }
            ],
            "unit": 352
        },
        {
            "area": 113.0,
            "floor": 13,
            "is_repurchased": false,
            "lease_price_list": [
                {
                    "lease": null,
                    "price": 383200
                }
            ],
            "unit": 352
        },
        {
            "area": 113.0,
            "floor": 4,
            "is_repurchased": false,
            "lease_price_list": [
                {
                    "lease": null,
                    "price": 355700
                }
            ],
            "unit": 354
        },
        {
            "area": 113.0,
            "floor": 2,
            "is_repurchased": false,
            "lease_price_list": [
                {
                    "lease": null,
                    "price": 343700
                }
            ],
            "unit": 356
        },
        {
            "area": 113.0,
            "floor": 3,
            "is_repurchased": false,
            "lease_price_list": [
                {
                    "lease": null,
                    "price": 349700
                }
            ],
            "unit": 356
        },
        {
            "area": 113.0,
            "floor": 4,
            "is_repurchased": false,
            "lease_price_list": [
                {
                    "lease": null,
                    "price": 355700
                }
            ],
            "unit": 356
        },
        {
            "area": 113.0,
            "floor": 5,
            "is_repurchased": false,
            "lease_price_list": [
                {
                    "lease": null,
                    "price": 361700
                }
            ],
            "unit": 356
        },
        {
            "area": 113.0,
            "floor": 2,
            "is_repurchased": false,
            "lease_price_list": [
                {
                    "lease": null,
                    "price": 343700
                }
            ],
            "unit": 358
        },
        {
            "area": 113.0,
            "floor": 3,
            "is_repurchased": false,
            "lease_price_list": [
                {
                    "lease": null,
                    "price": 349700
                }
            ],
            "unit": 358
        },
        {
            "area": 113.0,
            "floor": 4,
            "is_repurchased": false,
            "lease_price_list": [
                {
                    "lease": null,
                    "price": 355700
                }
            ],
            "unit": 358
        },
        {
            "area": 113.0,
            "floor": 5,
            "is_repurchased": false,
            "lease_price_list": [
                {
                    "lease": null,
                    "price": 361700
                }
            ],
            "unit": 358
        }
    ],
    "block_code": {
        "block_num": "457A",
        "contract": "C30",
        "neighbourhood": "N4"
    },
    "dpd_date": "31 Aug 2020",
    "flat_type": "5-Room/3Gen",
    "lcd_date": "-",
    "pcd_date": "3Q/2019",
    "quota_chinese": 15,
    "quota_malay": 8,
    "quota_other": 14,
    "street": "SENGKANG WEST RD",
    "town": "Sengkang"
},
{
    "apartments": [
        {
            "area": 113.0,
            "floor": 2,
            "is_repurchased": false,
            "lease_price_list": [
                {
                    "lease": null,
                    "price": 324500
                }
            ],
            "unit": 430
        },
        {
            "area": 113.0,
            "floor": 3,
            "is_repurchased": false,
            "lease_price_list": [
                {
                    "lease": null,
                    "price": 330500
                }
            ],
            "unit": 430
        },
        {
            "area": 113.0,
            "floor": 4,
            "is_repurchased": false,
            "lease_price_list": [
                {
                    "lease": null,
                    "price": 336500
                }
            ],
            "unit": 430
        },
        {
            "area": 113.0,
            "floor": 5,
            "is_repurchased": false,
            "lease_price_list": [
                {
                    "lease": null,
                    "price": 342500
                }
            ],
            "unit": 430
        },
        {
            "area": 113.0,
            "floor": 10,
            "is_repurchased": false,
            "lease_price_list": [
                {
                    "lease": null,
                    "price": 384800
                }
            ],
            "unit": 430
        },
        {
            "area": 113.0,
            "floor": 12,
            "is_repurchased": false,
            "lease_price_list": [
                {
                    "lease": null,
                    "price": 388000
                }
            ],
            "unit": 430
        },
        {
            "area": 113.0,
            "floor": 3,
            "is_repurchased": false,
            "lease_price_list": [
                {
                    "lease": null,
                    "price": 330500
                }
            ],
            "unit": 432
        },
        {
            "area": 113.0,
            "floor": 4,
            "is_repurchased": false,
            "lease_price_list": [
                {
                    "lease": null,
                    "price": 336500
                }
            ],
            "unit": 432
        },
        {
            "area": 113.0,
            "floor": 5,
            "is_repurchased": false,
            "lease_price_list": [
                {
                    "lease": null,
                    "price": 342500
                }
            ],
            "unit": 432
        },
        {
            "area": 113.0,
            "floor": 3,
            "is_repurchased": false,
            "lease_price_list": [
                {
                    "lease": null,
                    "price": 330500
                }
            ],
            "unit": 434
        },
        {
            "area": 113.0,
            "floor": 9,
            "is_repurchased": false,
            "lease_price_list": [
                {
                    "lease": null,
                    "price": 370400
                }
            ],
            "unit": 436
        },
        {
            "area": 113.0,
            "floor": 2,
            "is_repurchased": false,
            "lease_price_list": [
                {
                    "lease": null,
                    "price": 337300
                }
            ],
            "unit": 438
        },
        {
            "area": 113.0,
            "floor": 3,
            "is_repurchased": false,
            "lease_price_list": [
                {
                    "lease": null,
                    "price": 343300
                }
            ],
            "unit": 438
        },
        {
            "area": 113.0,
            "floor": 4,
            "is_repurchased": false,
            "lease_price_list": [
                {
                    "lease": null,
                    "price": 349300
                }
            ],
            "unit": 438
        },
        {
            "area": 113.0,
            "floor": 7,
            "is_repurchased": false,
            "lease_price_list": [
                {
                    "lease": null,
                    "price": 364300
                }
            ],
            "unit": 438
        }
    ],
    "block_code": {
        "block_num": "458A",
        "contract": "C30",
        "neighbourhood": "N4"
    },
    "dpd_date": "31 Aug 2020",
    "flat_type": "5-Room/3Gen",
    "lcd_date": "-",
    "pcd_date": "3Q/2019",
    "quota_chinese": 15,
    "quota_malay": 5,
    "quota_other": 7,
    "street": "SENGKANG WEST RD",
    "town": "Sengkang"
},
{
    "apartments": [
        {
            "area": 113.0,
            "floor": 2,
            "is_repurchased": false,
            "lease_price_list": [
                {
                    "lease": null,
                    "price": 343700
                }
            ],
            "unit": 416
        },
        {
            "area": 113.0,
            "floor": 3,
            "is_repurchased": false,
            "lease_price_list": [
                {
                    "lease": null,
                    "price": 349700
                }
            ],
            "unit": 416
        },
        {
            "area": 113.0,
            "floor": 4,
            "is_repurchased": false,
            "lease_price_list": [
                {
                    "lease": null,
                    "price": 355700
                }
            ],
            "unit": 416
        },
        {
            "area": 113.0,
            "floor": 2,
            "is_repurchased": false,
            "lease_price_list": [
                {
                    "lease": null,
                    "price": 343700
                }
            ],
            "unit": 418
        },
        {
            "area": 113.0,
            "floor": 3,
            "is_repurchased": false,
            "lease_price_list": [
                {
                    "lease": null,
                    "price": 349700
                }
            ],
            "unit": 418
        },
        {
            "area": 113.0,
            "floor": 4,
            "is_repurchased": false,
            "lease_price_list": [
                {
                    "lease": null,
                    "price": 355700
                }
            ],
            "unit": 418
        },
        {
            "area": 113.0,
            "floor": 7,
            "is_repurchased": false,
            "lease_price_list": [
                {
                    "lease": null,
                    "price": 370700
                }
            ],
            "unit": 418
        },
        {
            "area": 113.0,
            "floor": 2,
            "is_repurchased": false,
            "lease_price_list": [
                {
                    "lease": null,
                    "price": 337300
                }
            ],
            "unit": 420
        },
        {
            "area": 113.0,
            "floor": 3,
            "is_repurchased": false,
            "lease_price_list": [
                {
                    "lease": null,
                    "price": 349700
                }
            ],
            "unit": 420
        },
        {
            "area": 113.0,
            "floor": 4,
            "is_repurchased": false,
            "lease_price_list": [
                {
                    "lease": null,
                    "price": 355700
                }
            ],
            "unit": 420
        },
        {
            "area": 113.0,
            "floor": 2,
            "is_repurchased": false,
            "lease_price_list": [
                {
                    "lease": null,
                    "price": 343700
                }
            ],
            "unit": 422
        },
        {
            "area": 113.0,
            "floor": 2,
            "is_repurchased": false,
            "lease_price_list": [
                {
                    "lease": null,
                    "price": 343700
                }
            ],
            "unit": 424
        },
        {
            "area": 113.0,
            "floor": 3,
            "is_repurchased": false,
            "lease_price_list": [
                {
                    "lease": null,
                    "price": 349700
                }
            ],
            "unit": 424
        },
        {
            "area": 113.0,
            "floor": 4,
            "is_repurchased": false,
            "lease_price_list": [
                {
                    "lease": null,
                    "price": 355700
                }
            ],
            "unit": 424
        }
    ],
    "block_code": {
        "block_num": "458B",
        "contract": "C30",
        "neighbourhood": "N4"
    },
    "dpd_date": "31 Aug 2020",
    "flat_type": "5-Room/3Gen",
    "lcd_date": "-",
    "pcd_date": "3Q/2019",
    "quota_chinese": 14,
    "quota_malay": 9,
    "quota_other": 14,
    "street": "SENGKANG WEST RD",
    "town": "Sengkang"
},
{
    "apartments": [
        {
            "area": 113.0,
            "floor": 22,
            "is_repurchased": false,
            "lease_price_list": [
                {
                    "lease": null,
                    "price": 386700
                }
            ],
            "unit": 537
        }
    ],
    "block_code": {
        "block_num": "468A",
        "contract": "C24",
        "neighbourhood": "N4"
    },
    "dpd_date": "NA (Keys Available)",
    "flat_type": "5-Room/3Gen",
    "lcd_date": "01 Aug 2016",
    "pcd_date": "-",
    "quota_chinese": 1,
    "quota_malay": 1,
    "quota_other": 1,
    "street": "FERNVALE LINK",
    "town": "Sengkang"
},
{
    "apartments": [
        {
            "area": 113.0,
            "floor": 11,
            "is_repurchased": true,
            "lease_price_list": [
                {
                    "lease": null,
                    "price": 366200
                }
            ],
            "unit": 614
        }
    ],
    "block_code": {
        "block_num": "469B",
        "contract": "C24",
        "neighbourhood": "N4"
    },
    "dpd_date": "NA (Keys Available)",
    "flat_type": "5-Room/3Gen",
    "lcd_date": "01 Aug 2016",
    "pcd_date": "-",
    "quota_chinese": 1,
    "quota_malay": 1,
    "quota_other": 1,
    "street": "SENGKANG WEST WAY",
    "town": "Sengkang"
},
{
    "apartments": [
        {
            "area": 113.0,
            "floor": 17,
            "is_repurchased": false,
            "lease_price_list": [
                {
                    "lease": null,
                    "price": 389100
                }
            ],
            "unit": 41
        }
    ],
    "block_code": {
        "block_num": "472A",
        "contract": "C27",
        "neighbourhood": "N4"
    },
    "dpd_date": "NA (Keys Available)",
    "flat_type": "5-Room/3Gen",
    "lcd_date": "01 Sep 2016",
    "pcd_date": "-",
    "quota_chinese": 1,
    "quota_malay": 1,
    "quota_other": 1,
    "street": "FERNVALE ST",
    "town": "Sengkang"
}]
