[{
    "apartments": [
        {
            "area": 130.0,
            "floor": 3,
            "is_repurchased": true,
            "lease_price_list": [
                {
                    "lease": null,
                    "price": 435000
                }
            ],
            "unit": 11
        }
    ],
    "block_code": {
        "block_num": "310B",
        "contract": "C8",
        "neighbourhood": "N3"
    },
    "dpd_date": "NA (Keys Available)",
    "flat_type": "Executive",
    "lcd_date": "01 Jan 2003",
    "pcd_date": "-",
    "quota_chinese": 1,
    "quota_malay": 0,
    "quota_other": 1,
    "street": "ANCHORVALE RD",
    "town": "Sengkang"
}]
