[{
    "apartments": [
        {
            "area": 70.0,
            "floor": 3,
            "is_repurchased": false,
            "lease_price_list": [
                {
                    "lease": null,
                    "price": 364700
                }
            ],
            "unit": 502
        },
        {
            "area": 70.0,
            "floor": 3,
            "is_repurchased": false,
            "lease_price_list": [
                {
                    "lease": null,
                    "price": 366600
                }
            ],
            "unit": 512
        }
    ],
    "block_code": {
        "block_num": "8A",
        "contract": "C23B",
        "neighbourhood": "N3"
    },
    "dpd_date": "NA (Keys Available)",
    "flat_type": "3-Room",
    "lcd_date": "01 Jul 2017",
    "pcd_date": "-",
    "quota_chinese": 0,
    "quota_malay": 2,
    "quota_other": 2,
    "street": "UPP BOON KENG RD",
    "town": "Kallang / Whampoa"
},
{
    "apartments": [
        {
            "area": 70.0,
            "floor": 5,
            "is_repurchased": false,
            "lease_price_list": [
                {
                    "lease": null,
                    "price": 375600
                }
            ],
            "unit": 524
        },
        {
            "area": 70.0,
            "floor": 6,
            "is_repurchased": false,
            "lease_price_list": [
                {
                    "lease": null,
                    "price": 378100
                }
            ],
            "unit": 524
        },
        {
            "area": 70.0,
            "floor": 16,
            "is_repurchased": false,
            "lease_price_list": [
                {
                    "lease": null,
                    "price": 387500
                }
            ],
            "unit": 526
        },
        {
            "area": 70.0,
            "floor": 24,
            "is_repurchased": false,
            "lease_price_list": [
                {
                    "lease": null,
                    "price": 399800
                }
            ],
            "unit": 526
        },
        {
            "area": 70.0,
            "floor": 30,
            "is_repurchased": false,
            "lease_price_list": [
                {
                    "lease": null,
                    "price": 400200
                }
            ],
            "unit": 526
        }
    ],
    "block_code": {
        "block_num": "8B",
        "contract": "C23B",
        "neighbourhood": "N3"
    },
    "dpd_date": "NA (Keys Available)",
    "flat_type": "3-Room",
    "lcd_date": "01 Jul 2017",
    "pcd_date": "-",
    "quota_chinese": 2,
    "quota_malay": 5,
    "quota_other": 5,
    "street": "UPP BOON KENG RD",
    "town": "Kallang / Whampoa"
},
{
    "apartments": [
        {
            "area": 68.0,
            "floor": 4,
            "is_repurchased": false,
            "lease_price_list": [
                {
                    "lease": null,
                    "price": 345500
                }
            ],
            "unit": 101
        },
        {
            "area": 68.0,
            "floor": 27,
            "is_repurchased": false,
            "lease_price_list": [
                {
                    "lease": null,
                    "price": 384000
                }
            ],
            "unit": 101
        },
        {
            "area": 68.0,
            "floor": 7,
            "is_repurchased": false,
            "lease_price_list": [
                {
                    "lease": null,
                    "price": 359400
                }
            ],
            "unit": 111
        },
        {
            "area": 68.0,
            "floor": 29,
            "is_repurchased": false,
            "lease_price_list": [
                {
                    "lease": null,
                    "price": 386000
                }
            ],
            "unit": 111
        }
    ],
    "block_code": {
        "block_num": "10A",
        "contract": "C50A",
        "neighbourhood": "N5"
    },
    "dpd_date": "NA (Keys Available)",
    "flat_type": "3-Room",
    "lcd_date": "01 Dec 2017",
    "pcd_date": "-",
    "quota_chinese": 3,
    "quota_malay": 4,
    "quota_other": 4,
    "street": "BENDEMEER RD",
    "town": "Kallang / Whampoa"
},
{
    "apartments": [
        {
            "area": 68.0,
            "floor": 8,
            "is_repurchased": false,
            "lease_price_list": [
                {
                    "lease": null,
                    "price": 365000
                }
            ],
            "unit": 113
        },
        {
            "area": 68.0,
            "floor": 6,
            "is_repurchased": false,
            "lease_price_list": [
                {
                    "lease": null,
                    "price": 360000
                }
            ],
            "unit": 121
        },
        {
            "area": 68.0,
            "floor": 8,
            "is_repurchased": false,
            "lease_price_list": [
                {
                    "lease": null,
                    "price": 365000
                }
            ],
            "unit": 121
        }
    ],
    "block_code": {
        "block_num": "10B",
        "contract": "C50A",
        "neighbourhood": "N5"
    },
    "dpd_date": "NA (Keys Available)",
    "flat_type": "3-Room",
    "lcd_date": "01 Dec 2017",
    "pcd_date": "-",
    "quota_chinese": 3,
    "quota_malay": 3,
    "quota_other": 3,
    "street": "BENDEMEER RD",
    "town": "Kallang / Whampoa"
},
{
    "apartments": [
        {
            "area": 68.0,
            "floor": 17,
            "is_repurchased": false,
            "lease_price_list": [
                {
                    "lease": null,
                    "price": 371100
                }
            ],
            "unit": 133
        }
    ],
    "block_code": {
        "block_num": "10C",
        "contract": "C50A",
        "neighbourhood": "N5"
    },
    "dpd_date": "NA (Keys Available)",
    "flat_type": "3-Room",
    "lcd_date": "01 Dec 2017",
    "pcd_date": "-",
    "quota_chinese": 1,
    "quota_malay": 1,
    "quota_other": 1,
    "street": "BENDEMEER RD",
    "town": "Kallang / Whampoa"
},
{
    "apartments": [
        {
            "area": 62.0,
            "floor": 5,
            "is_repurchased": true,
            "lease_price_list": [
                {
                    "lease": null,
                    "price": 317300
                }
            ],
            "unit": 45
        }
    ],
    "block_code": {
        "block_num": "15",
        "contract": "RC45",
        "neighbourhood": "N1"
    },
    "dpd_date": "NA (Keys Available)",
    "flat_type": "3-Room",
    "lcd_date": "01 Jun 2004",
    "pcd_date": "-",
    "quota_chinese": 0,
    "quota_malay": 1,
    "quota_other": 1,
    "street": "FARRER PK RD",
    "town": "Kallang / Whampoa"
},
{
    "apartments": [
        {
            "area": 68.0,
            "floor": 13,
            "is_repurchased": false,
            "lease_price_list": [
                {
                    "lease": null,
                    "price": 366900
                }
            ],
            "unit": 21
        }
    ],
    "block_code": {
        "block_num": "26A",
        "contract": "C21",
        "neighbourhood": "N4"
    },
    "dpd_date": "30 Apr 2020",
    "flat_type": "3-Room",
    "lcd_date": "-",
    "pcd_date": "2Q/2019",
    "quota_chinese": 1,
    "quota_malay": 1,
    "quota_other": 1,
    "street": "ST. GEORGE'S LANE",
    "town": "Kallang / Whampoa"
},
{
    "apartments": [
        {
            "area": 59.0,
            "floor": 4,
            "is_repurchased": true,
            "lease_price_list": [
                {
                    "lease": null,
                    "price": 204000
                }
            ],
            "unit": 57
        }
    ],
    "block_code": {
        "block_num": "77",
        "contract": "C1",
        "neighbourhood": "N7"
    },
    "dpd_date": "NA (Keys Available)",
    "flat_type": "3-Room",
    "lcd_date": "01 Jul 1973",
    "pcd_date": "-",
    "quota_chinese": 1,
    "quota_malay": 1,
    "quota_other": 1,
    "street": "LOR LIMAU",
    "town": "Kallang / Whampoa"
},
{
    "apartments": [
        {
            "area": 68.0,
            "floor": 8,
            "is_repurchased": false,
            "lease_price_list": [
                {
                    "lease": null,
                    "price": 374600
                }
            ],
            "unit": 262
        },
        {
            "area": 68.0,
            "floor": 10,
            "is_repurchased": false,
            "lease_price_list": [
                {
                    "lease": null,
                    "price": 376600
                }
            ],
            "unit": 262
        }
    ],
    "block_code": {
        "block_num": "113C",
        "contract": "C20C",
        "neighbourhood": "N5"
    },
    "dpd_date": "NA (Keys Available)",
    "flat_type": "3-Room",
    "lcd_date": "01 Dec 2017",
    "pcd_date": "-",
    "quota_chinese": 1,
    "quota_malay": 1,
    "quota_other": 2,
    "street": "MCNAIR RD",
    "town": "Kallang / Whampoa"
},
{
    "apartments": [
        {
            "area": 68.0,
            "floor": 20,
            "is_repurchased": false,
            "lease_price_list": [
                {
                    "lease": null,
                    "price": 391200
                }
            ],
            "unit": 240
        },
        {
            "area": 68.0,
            "floor": 2,
            "is_repurchased": false,
            "lease_price_list": [
                {
                    "lease": null,
                    "price": 358100
                }
            ],
            "unit": 246
        }
    ],
    "block_code": {
        "block_num": "113D",
        "contract": "C20C",
        "neighbourhood": "N5"
    },
    "dpd_date": "NA (Keys Available)",
    "flat_type": "3-Room",
    "lcd_date": "01 Dec 2017",
    "pcd_date": "-",
    "quota_chinese": 2,
    "quota_malay": 2,
    "quota_other": 2,
    "street": "MCNAIR RD",
    "town": "Kallang / Whampoa"
},
{
    "apartments": [
        {
            "area": 67.0,
            "floor": 3,
            "is_repurchased": false,
            "lease_price_list": [
                {
                    "lease": null,
                    "price": 261000
                }
            ],
            "unit": 531
        },
        {
            "area": 67.0,
            "floor": 4,
            "is_repurchased": false,
            "lease_price_list": [
                {
                    "lease": null,
                    "price": 264000
                }
            ],
            "unit": 531
        },
        {
            "area": 67.0,
            "floor": 9,
            "is_repurchased": false,
            "lease_price_list": [
                {
                    "lease": null,
                    "price": 280400
                }
            ],
            "unit": 531
        },
        {
            "area": 67.0,
            "floor": 14,
            "is_repurchased": false,
            "lease_price_list": [
                {
                    "lease": null,
                    "price": 285400
                }
            ],
            "unit": 531
        },
        {
            "area": 67.0,
            "floor": 15,
            "is_repurchased": false,
            "lease_price_list": [
                {
                    "lease": null,
                    "price": 286400
                }
            ],
            "unit": 531
        },
        {
            "area": 67.0,
            "floor": 17,
            "is_repurchased": false,
            "lease_price_list": [
                {
                    "lease": null,
                    "price": 288400
                }
            ],
            "unit": 531
        },
        {
            "area": 67.0,
            "floor": 18,
            "is_repurchased": false,
            "lease_price_list": [
                {
                    "lease": null,
                    "price": 289400
                }
            ],
            "unit": 531
        },
        {
            "area": 67.0,
            "floor": 2,
            "is_repurchased": false,
            "lease_price_list": [
                {
                    "lease": null,
                    "price": 255500
                }
            ],
            "unit": 533
        },
        {
            "area": 67.0,
            "floor": 4,
            "is_repurchased": false,
            "lease_price_list": [
                {
                    "lease": null,
                    "price": 266400
                }
            ],
            "unit": 533
        },
        {
            "area": 67.0,
            "floor": 6,
            "is_repurchased": false,
            "lease_price_list": [
                {
                    "lease": null,
                    "price": 271900
                }
            ],
            "unit": 533
        },
        {
            "area": 67.0,
            "floor": 7,
            "is_repurchased": false,
            "lease_price_list": [
                {
                    "lease": null,
                    "price": 274400
                }
            ],
            "unit": 533
        },
        {
            "area": 67.0,
            "floor": 9,
            "is_repurchased": false,
            "lease_price_list": [
                {
                    "lease": null,
                    "price": 277900
                }
            ],
            "unit": 533
        },
        {
            "area": 67.0,
            "floor": 10,
            "is_repurchased": false,
            "lease_price_list": [
                {
                    "lease": null,
                    "price": 278900
                }
            ],
            "unit": 533
        },
        {
            "area": 67.0,
            "floor": 11,
            "is_repurchased": false,
            "lease_price_list": [
                {
                    "lease": null,
                    "price": 279900
                }
            ],
            "unit": 533
        },
        {
            "area": 67.0,
            "floor": 12,
            "is_repurchased": false,
            "lease_price_list": [
                {
                    "lease": null,
                    "price": 280900
                }
            ],
            "unit": 533
        },
        {
            "area": 67.0,
            "floor": 13,
            "is_repurchased": false,
            "lease_price_list": [
                {
                    "lease": null,
                    "price": 281900
                }
            ],
            "unit": 533
        },
        {
            "area": 67.0,
            "floor": 14,
            "is_repurchased": false,
            "lease_price_list": [
                {
                    "lease": null,
                    "price": 282900
                }
            ],
            "unit": 533
        },
        {
            "area": 67.0,
            "floor": 15,
            "is_repurchased": false,
            "lease_price_list": [
                {
                    "lease": null,
                    "price": 283900
                }
            ],
            "unit": 533
        },
        {
            "area": 67.0,
            "floor": 16,
            "is_repurchased": false,
            "lease_price_list": [
                {
                    "lease": null,
                    "price": 284900
                }
            ],
            "unit": 533
        },
        {
            "area": 67.0,
            "floor": 17,
            "is_repurchased": false,
            "lease_price_list": [
                {
                    "lease": null,
                    "price": 285900
                }
            ],
            "unit": 533
        },
        {
            "area": 67.0,
            "floor": 19,
            "is_repurchased": false,
            "lease_price_list": [
                {
                    "lease": null,
                    "price": 287900
                }
            ],
            "unit": 533
        },
        {
            "area": 67.0,
            "floor": 20,
            "is_repurchased": false,
            "lease_price_list": [
                {
                    "lease": null,
                    "price": 288900
                }
            ],
            "unit": 533
        },
        {
            "area": 67.0,
            "floor": 21,
            "is_repurchased": false,
            "lease_price_list": [
                {
                    "lease": null,
                    "price": 289900
                }
            ],
            "unit": 533
        },
        {
            "area": 67.0,
            "floor": 22,
            "is_repurchased": false,
            "lease_price_list": [
                {
                    "lease": null,
                    "price": 290900
                }
            ],
            "unit": 533
        },
        {
            "area": 67.0,
            "floor": 24,
            "is_repurchased": false,
            "lease_price_list": [
                {
                    "lease": null,
                    "price": 292900
                }
            ],
            "unit": 533
        },
        {
            "area": 67.0,
            "floor": 25,
            "is_repurchased": false,
            "lease_price_list": [
                {
                    "lease": null,
                    "price": 293900
                }
            ],
            "unit": 533
        },
        {
            "area": 67.0,
            "floor": 26,
            "is_repurchased": false,
            "lease_price_list": [
                {
                    "lease": null,
                    "price": 294900
                }
            ],
            "unit": 533
        },
        {
            "area": 67.0,
            "floor": 27,
            "is_repurchased": false,
            "lease_price_list": [
                {
                    "lease": null,
                    "price": 295900
                }
            ],
            "unit": 533
        },
        {
            "area": 67.0,
            "floor": 28,
            "is_repurchased": false,
            "lease_price_list": [
                {
                    "lease": null,
                    "price": 296900
                }
            ],
            "unit": 533
        },
        {
            "area": 67.0,
            "floor": 29,
            "is_repurchased": false,
            "lease_price_list": [
                {
                    "lease": null,
                    "price": 297900
                }
            ],
            "unit": 533
        },
        {
            "area": 67.0,
            "floor": 4,
            "is_repurchased": false,
            "lease_price_list": [
                {
                    "lease": null,
                    "price": 266400
                }
            ],
            "unit": 535
        },
        {
            "area": 67.0,
            "floor": 6,
            "is_repurchased": false,
            "lease_price_list": [
                {
                    "lease": null,
                    "price": 271900
                }
            ],
            "unit": 535
        },
        {
            "area": 67.0,
            "floor": 7,
            "is_repurchased": false,
            "lease_price_list": [
                {
                    "lease": null,
                    "price": 274400
                }
            ],
            "unit": 535
        },
        {
            "area": 67.0,
            "floor": 8,
            "is_repurchased": false,
            "lease_price_list": [
                {
                    "lease": null,
                    "price": 276900
                }
            ],
            "unit": 535
        },
        {
            "area": 67.0,
            "floor": 10,
            "is_repurchased": false,
            "lease_price_list": [
                {
                    "lease": null,
                    "price": 278900
                }
            ],
            "unit": 535
        },
        {
            "area": 67.0,
            "floor": 11,
            "is_repurchased": false,
            "lease_price_list": [
                {
                    "lease": null,
                    "price": 279900
                }
            ],
            "unit": 535
        },
        {
            "area": 67.0,
            "floor": 12,
            "is_repurchased": false,
            "lease_price_list": [
                {
                    "lease": null,
                    "price": 280900
                }
            ],
            "unit": 535
        },
        {
            "area": 67.0,
            "floor": 13,
            "is_repurchased": false,
            "lease_price_list": [
                {
                    "lease": null,
                    "price": 281900
                }
            ],
            "unit": 535
        },
        {
            "area": 67.0,
            "floor": 14,
            "is_repurchased": false,
            "lease_price_list": [
                {
                    "lease": null,
                    "price": 282900
                }
            ],
            "unit": 535
        },
        {
            "area": 67.0,
            "floor": 17,
            "is_repurchased": false,
            "lease_price_list": [
                {
                    "lease": null,
                    "price": 285900
                }
            ],
            "unit": 535
        },
        {
            "area": 67.0,
            "floor": 21,
            "is_repurchased": false,
            "lease_price_list": [
                {
                    "lease": null,
                    "price": 289900
                }
            ],
            "unit": 535
        },
        {
            "area": 67.0,
            "floor": 24,
            "is_repurchased": false,
            "lease_price_list": [
                {
                    "lease": null,
                    "price": 292900
                }
            ],
            "unit": 535
        },
        {
            "area": 67.0,
            "floor": 27,
            "is_repurchased": false,
            "lease_price_list": [
                {
                    "lease": null,
                    "price": 295900
                }
            ],
            "unit": 535
        },
        {
            "area": 67.0,
            "floor": 29,
            "is_repurchased": false,
            "lease_price_list": [
                {
                    "lease": null,
                    "price": 297900
                }
            ],
            "unit": 535
        }
    ],
    "block_code": {
        "block_num": "116A",
        "contract": "C28B",
        "neighbourhood": "N6"
    },
    "dpd_date": "NA (Keys Available)",
    "flat_type": "3-Room",
    "lcd_date": "01 Nov 2017",
    "pcd_date": "-",
    "quota_chinese": 39,
    "quota_malay": 15,
    "quota_other": 38,
    "street": "JLN TENTERAM",
    "town": "Kallang / Whampoa"
},
{
    "apartments": [
        {
            "area": 67.0,
            "floor": 2,
            "is_repurchased": false,
            "lease_price_list": [
                {
                    "lease": null,
                    "price": 265500
                }
            ],
            "unit": 549
        },
        {
            "area": 67.0,
            "floor": 3,
            "is_repurchased": false,
            "lease_price_list": [
                {
                    "lease": null,
                    "price": 275800
                }
            ],
            "unit": 549
        },
        {
            "area": 67.0,
            "floor": 4,
            "is_repurchased": false,
            "lease_price_list": [
                {
                    "lease": null,
                    "price": 278800
                }
            ],
            "unit": 549
        },
        {
            "area": 67.0,
            "floor": 5,
            "is_repurchased": false,
            "lease_price_list": [
                {
                    "lease": null,
                    "price": 281800
                }
            ],
            "unit": 549
        },
        {
            "area": 67.0,
            "floor": 6,
            "is_repurchased": false,
            "lease_price_list": [
                {
                    "lease": null,
                    "price": 284300
                }
            ],
            "unit": 549
        },
        {
            "area": 67.0,
            "floor": 7,
            "is_repurchased": false,
            "lease_price_list": [
                {
                    "lease": null,
                    "price": 286800
                }
            ],
            "unit": 549
        },
        {
            "area": 67.0,
            "floor": 8,
            "is_repurchased": false,
            "lease_price_list": [
                {
                    "lease": null,
                    "price": 289300
                }
            ],
            "unit": 549
        },
        {
            "area": 67.0,
            "floor": 9,
            "is_repurchased": false,
            "lease_price_list": [
                {
                    "lease": null,
                    "price": 290300
                }
            ],
            "unit": 549
        },
        {
            "area": 67.0,
            "floor": 10,
            "is_repurchased": false,
            "lease_price_list": [
                {
                    "lease": null,
                    "price": 291300
                }
            ],
            "unit": 549
        },
        {
            "area": 67.0,
            "floor": 11,
            "is_repurchased": false,
            "lease_price_list": [
                {
                    "lease": null,
                    "price": 292300
                }
            ],
            "unit": 549
        },
        {
            "area": 67.0,
            "floor": 12,
            "is_repurchased": false,
            "lease_price_list": [
                {
                    "lease": null,
                    "price": 293300
                }
            ],
            "unit": 549
        },
        {
            "area": 67.0,
            "floor": 14,
            "is_repurchased": false,
            "lease_price_list": [
                {
                    "lease": null,
                    "price": 295300
                }
            ],
            "unit": 549
        },
        {
            "area": 67.0,
            "floor": 15,
            "is_repurchased": false,
            "lease_price_list": [
                {
                    "lease": null,
                    "price": 296300
                }
            ],
            "unit": 549
        },
        {
            "area": 67.0,
            "floor": 17,
            "is_repurchased": false,
            "lease_price_list": [
                {
                    "lease": null,
                    "price": 298300
                }
            ],
            "unit": 549
        },
        {
            "area": 67.0,
            "floor": 19,
            "is_repurchased": false,
            "lease_price_list": [
                {
                    "lease": null,
                    "price": 300300
                }
            ],
            "unit": 549
        },
        {
            "area": 67.0,
            "floor": 20,
            "is_repurchased": false,
            "lease_price_list": [
                {
                    "lease": null,
                    "price": 301300
                }
            ],
            "unit": 549
        },
        {
            "area": 67.0,
            "floor": 21,
            "is_repurchased": false,
            "lease_price_list": [
                {
                    "lease": null,
                    "price": 302300
                }
            ],
            "unit": 549
        },
        {
            "area": 67.0,
            "floor": 22,
            "is_repurchased": false,
            "lease_price_list": [
                {
                    "lease": null,
                    "price": 303300
                }
            ],
            "unit": 549
        },
        {
            "area": 67.0,
            "floor": 23,
            "is_repurchased": false,
            "lease_price_list": [
                {
                    "lease": null,
                    "price": 304300
                }
            ],
            "unit": 549
        },
        {
            "area": 67.0,
            "floor": 24,
            "is_repurchased": false,
            "lease_price_list": [
                {
                    "lease": null,
                    "price": 305300
                }
            ],
            "unit": 549
        },
        {
            "area": 67.0,
            "floor": 25,
            "is_repurchased": false,
            "lease_price_list": [
                {
                    "lease": null,
                    "price": 306300
                }
            ],
            "unit": 549
        },
        {
            "area": 67.0,
            "floor": 26,
            "is_repurchased": false,
            "lease_price_list": [
                {
                    "lease": null,
                    "price": 307300
                }
            ],
            "unit": 549
        },
        {
            "area": 67.0,
            "floor": 27,
            "is_repurchased": false,
            "lease_price_list": [
                {
                    "lease": null,
                    "price": 308300
                }
            ],
            "unit": 549
        },
        {
            "area": 67.0,
            "floor": 28,
            "is_repurchased": false,
            "lease_price_list": [
                {
                    "lease": null,
                    "price": 309300
                }
            ],
            "unit": 549
        },
        {
            "area": 67.0,
            "floor": 29,
            "is_repurchased": false,
            "lease_price_list": [
                {
                    "lease": null,
                    "price": 310300
                }
            ],
            "unit": 549
        },
        {
            "area": 67.0,
            "floor": 17,
            "is_repurchased": false,
            "lease_price_list": [
                {
                    "lease": null,
                    "price": 291700
                }
            ],
            "unit": 551
        },
        {
            "area": 67.0,
            "floor": 22,
            "is_repurchased": false,
            "lease_price_list": [
                {
                    "lease": null,
                    "price": 293400
                }
            ],
            "unit": 551
        }
    ],
    "block_code": {
        "block_num": "116B",
        "contract": "C28B",
        "neighbourhood": "N6"
    },
    "dpd_date": "NA (Keys Available)",
    "flat_type": "3-Room",
    "lcd_date": "01 Nov 2017",
    "pcd_date": "-",
    "quota_chinese": 25,
    "quota_malay": 9,
    "quota_other": 27,
    "street": "JLN TENTERAM",
    "town": "Kallang / Whampoa"
},
{
    "apartments": [
        {
            "area": 67.0,
            "floor": 20,
            "is_repurchased": false,
            "lease_price_list": [
                {
                    "lease": null,
                    "price": 286400
                }
            ],
            "unit": 505
        },
        {
            "area": 67.0,
            "floor": 2,
            "is_repurchased": false,
            "lease_price_list": [
                {
                    "lease": null,
                    "price": 248900
                }
            ],
            "unit": 507
        },
        {
            "area": 67.0,
            "floor": 5,
            "is_repurchased": false,
            "lease_price_list": [
                {
                    "lease": null,
                    "price": 254600
                }
            ],
            "unit": 507
        },
        {
            "area": 67.0,
            "floor": 6,
            "is_repurchased": false,
            "lease_price_list": [
                {
                    "lease": null,
                    "price": 257100
                }
            ],
            "unit": 507
        },
        {
            "area": 67.0,
            "floor": 8,
            "is_repurchased": false,
            "lease_price_list": [
                {
                    "lease": null,
                    "price": 267000
                }
            ],
            "unit": 507
        },
        {
            "area": 67.0,
            "floor": 14,
            "is_repurchased": false,
            "lease_price_list": [
                {
                    "lease": null,
                    "price": 275500
                }
            ],
            "unit": 507
        },
        {
            "area": 67.0,
            "floor": 15,
            "is_repurchased": false,
            "lease_price_list": [
                {
                    "lease": null,
                    "price": 278900
                }
            ],
            "unit": 507
        },
        {
            "area": 67.0,
            "floor": 16,
            "is_repurchased": false,
            "lease_price_list": [
                {
                    "lease": null,
                    "price": 279900
                }
            ],
            "unit": 507
        },
        {
            "area": 67.0,
            "floor": 17,
            "is_repurchased": false,
            "lease_price_list": [
                {
                    "lease": null,
                    "price": 280900
                }
            ],
            "unit": 507
        },
        {
            "area": 67.0,
            "floor": 19,
            "is_repurchased": false,
            "lease_price_list": [
                {
                    "lease": null,
                    "price": 282900
                }
            ],
            "unit": 507
        },
        {
            "area": 67.0,
            "floor": 22,
            "is_repurchased": false,
            "lease_price_list": [
                {
                    "lease": null,
                    "price": 285900
                }
            ],
            "unit": 507
        },
        {
            "area": 67.0,
            "floor": 6,
            "is_repurchased": false,
            "lease_price_list": [
                {
                    "lease": null,
                    "price": 257100
                }
            ],
            "unit": 509
        },
        {
            "area": 67.0,
            "floor": 8,
            "is_repurchased": false,
            "lease_price_list": [
                {
                    "lease": null,
                    "price": 262100
                }
            ],
            "unit": 509
        },
        {
            "area": 67.0,
            "floor": 10,
            "is_repurchased": false,
            "lease_price_list": [
                {
                    "lease": null,
                    "price": 271500
                }
            ],
            "unit": 509
        },
        {
            "area": 67.0,
            "floor": 11,
            "is_repurchased": false,
            "lease_price_list": [
                {
                    "lease": null,
                    "price": 274900
                }
            ],
            "unit": 509
        },
        {
            "area": 67.0,
            "floor": 13,
            "is_repurchased": false,
            "lease_price_list": [
                {
                    "lease": null,
                    "price": 276900
                }
            ],
            "unit": 509
        },
        {
            "area": 67.0,
            "floor": 14,
            "is_repurchased": false,
            "lease_price_list": [
                {
                    "lease": null,
                    "price": 277900
                }
            ],
            "unit": 509
        },
        {
            "area": 67.0,
            "floor": 17,
            "is_repurchased": false,
            "lease_price_list": [
                {
                    "lease": null,
                    "price": 280900
                }
            ],
            "unit": 509
        }
    ],
    "block_code": {
        "block_num": "117A",
        "contract": "C28B",
        "neighbourhood": "N6"
    },
    "dpd_date": "NA (Keys Available)",
    "flat_type": "3-Room",
    "lcd_date": "01 Nov 2017",
    "pcd_date": "-",
    "quota_chinese": 18,
    "quota_malay": 5,
    "quota_other": 18,
    "street": "JLN TENTERAM",
    "town": "Kallang / Whampoa"
},
{
    "apartments": [
        {
            "area": 67.0,
            "floor": 3,
            "is_repurchased": false,
            "lease_price_list": [
                {
                    "lease": null,
                    "price": 275800
                }
            ],
            "unit": 515
        },
        {
            "area": 67.0,
            "floor": 4,
            "is_repurchased": false,
            "lease_price_list": [
                {
                    "lease": null,
                    "price": 278800
                }
            ],
            "unit": 515
        },
        {
            "area": 67.0,
            "floor": 13,
            "is_repurchased": false,
            "lease_price_list": [
                {
                    "lease": null,
                    "price": 294300
                }
            ],
            "unit": 515
        },
        {
            "area": 67.0,
            "floor": 14,
            "is_repurchased": false,
            "lease_price_list": [
                {
                    "lease": null,
                    "price": 295300
                }
            ],
            "unit": 515
        },
        {
            "area": 67.0,
            "floor": 17,
            "is_repurchased": false,
            "lease_price_list": [
                {
                    "lease": null,
                    "price": 298300
                }
            ],
            "unit": 515
        },
        {
            "area": 67.0,
            "floor": 27,
            "is_repurchased": false,
            "lease_price_list": [
                {
                    "lease": null,
                    "price": 308300
                }
            ],
            "unit": 515
        },
        {
            "area": 67.0,
            "floor": 2,
            "is_repurchased": false,
            "lease_price_list": [
                {
                    "lease": null,
                    "price": 260600
                }
            ],
            "unit": 517
        },
        {
            "area": 67.0,
            "floor": 3,
            "is_repurchased": false,
            "lease_price_list": [
                {
                    "lease": null,
                    "price": 270900
                }
            ],
            "unit": 517
        },
        {
            "area": 67.0,
            "floor": 4,
            "is_repurchased": false,
            "lease_price_list": [
                {
                    "lease": null,
                    "price": 273900
                }
            ],
            "unit": 517
        },
        {
            "area": 67.0,
            "floor": 6,
            "is_repurchased": false,
            "lease_price_list": [
                {
                    "lease": null,
                    "price": 284300
                }
            ],
            "unit": 517
        },
        {
            "area": 67.0,
            "floor": 7,
            "is_repurchased": false,
            "lease_price_list": [
                {
                    "lease": null,
                    "price": 286800
                }
            ],
            "unit": 517
        },
        {
            "area": 67.0,
            "floor": 9,
            "is_repurchased": false,
            "lease_price_list": [
                {
                    "lease": null,
                    "price": 290300
                }
            ],
            "unit": 517
        },
        {
            "area": 67.0,
            "floor": 10,
            "is_repurchased": false,
            "lease_price_list": [
                {
                    "lease": null,
                    "price": 291300
                }
            ],
            "unit": 517
        },
        {
            "area": 67.0,
            "floor": 11,
            "is_repurchased": false,
            "lease_price_list": [
                {
                    "lease": null,
                    "price": 292300
                }
            ],
            "unit": 517
        },
        {
            "area": 67.0,
            "floor": 13,
            "is_repurchased": false,
            "lease_price_list": [
                {
                    "lease": null,
                    "price": 294300
                }
            ],
            "unit": 517
        },
        {
            "area": 67.0,
            "floor": 14,
            "is_repurchased": false,
            "lease_price_list": [
                {
                    "lease": null,
                    "price": 295300
                }
            ],
            "unit": 517
        },
        {
            "area": 67.0,
            "floor": 16,
            "is_repurchased": false,
            "lease_price_list": [
                {
                    "lease": null,
                    "price": 297300
                }
            ],
            "unit": 517
        },
        {
            "area": 67.0,
            "floor": 19,
            "is_repurchased": false,
            "lease_price_list": [
                {
                    "lease": null,
                    "price": 300300
                }
            ],
            "unit": 517
        },
        {
            "area": 67.0,
            "floor": 20,
            "is_repurchased": false,
            "lease_price_list": [
                {
                    "lease": null,
                    "price": 301300
                }
            ],
            "unit": 517
        },
        {
            "area": 67.0,
            "floor": 22,
            "is_repurchased": false,
            "lease_price_list": [
                {
                    "lease": null,
                    "price": 303300
                }
            ],
            "unit": 517
        },
        {
            "area": 67.0,
            "floor": 23,
            "is_repurchased": false,
            "lease_price_list": [
                {
                    "lease": null,
                    "price": 304300
                }
            ],
            "unit": 517
        },
        {
            "area": 67.0,
            "floor": 27,
            "is_repurchased": false,
            "lease_price_list": [
                {
                    "lease": null,
                    "price": 308300
                }
            ],
            "unit": 517
        }
    ],
    "block_code": {
        "block_num": "117B",
        "contract": "C28B",
        "neighbourhood": "N6"
    },
    "dpd_date": "NA (Keys Available)",
    "flat_type": "3-Room",
    "lcd_date": "01 Nov 2017",
    "pcd_date": "-",
    "quota_chinese": 18,
    "quota_malay": 8,
    "quota_other": 22,
    "street": "JLN TENTERAM",
    "town": "Kallang / Whampoa"
}]
