[{
    "apartments": [
        {
            "area": 90.0,
            "floor": 3,
            "is_repurchased": true,
            "lease_price_list": [
                {
                    "lease": null,
                    "price": 483500
                }
            ],
            "unit": 706
        }
    ],
    "block_code": {
        "block_num": "2A",
        "contract": "RC24",
        "neighbourhood": "N3"
    },
    "dpd_date": "NA (Keys Available)",
    "flat_type": "4-Room",
    "lcd_date": "01 Dec 2006",
    "pcd_date": "-",
    "quota_chinese": 0,
    "quota_malay": 1,
    "quota_other": 1,
    "street": "UPP BOON KENG RD",
    "town": "Kallang / Whampoa"
},
{
    "apartments": [
        {
            "area": 94.0,
            "floor": 6,
            "is_repurchased": false,
            "lease_price_list": [
                {
                    "lease": null,
                    "price": 550700
                }
            ],
            "unit": 500
        },
        {
            "area": 94.0,
            "floor": 7,
            "is_repurchased": false,
            "lease_price_list": [
                {
                    "lease": null,
                    "price": 561100
                }
            ],
            "unit": 500
        },
        {
            "area": 95.0,
            "floor": 3,
            "is_repurchased": false,
            "lease_price_list": [
                {
                    "lease": null,
                    "price": 524400
                }
            ],
            "unit": 504
        },
        {
            "area": 95.0,
            "floor": 20,
            "is_repurchased": false,
            "lease_price_list": [
                {
                    "lease": null,
                    "price": 578700
                }
            ],
            "unit": 504
        },
        {
            "area": 95.0,
            "floor": 23,
            "is_repurchased": false,
            "lease_price_list": [
                {
                    "lease": null,
                    "price": 589700
                }
            ],
            "unit": 504
        },
        {
            "area": 88.0,
            "floor": 12,
            "is_repurchased": false,
            "lease_price_list": [
                {
                    "lease": null,
                    "price": 517500
                }
            ],
            "unit": 506
        },
        {
            "area": 95.0,
            "floor": 3,
            "is_repurchased": false,
            "lease_price_list": [
                {
                    "lease": null,
                    "price": 533900
                }
            ],
            "unit": 508
        },
        {
            "area": 95.0,
            "floor": 6,
            "is_repurchased": false,
            "lease_price_list": [
                {
                    "lease": null,
                    "price": 546000
                }
            ],
            "unit": 508
        }
    ],
    "block_code": {
        "block_num": "8A",
        "contract": "C23B",
        "neighbourhood": "N3"
    },
    "dpd_date": "NA (Keys Available)",
    "flat_type": "4-Room",
    "lcd_date": "01 Jul 2017",
    "pcd_date": "-",
    "quota_chinese": 7,
    "quota_malay": 6,
    "quota_other": 8,
    "street": "UPP BOON KENG RD",
    "town": "Kallang / Whampoa"
},
{
    "apartments": [
        {
            "area": 95.0,
            "floor": 25,
            "is_repurchased": false,
            "lease_price_list": [
                {
                    "lease": null,
                    "price": 585500
                }
            ],
            "unit": 528
        },
        {
            "area": 95.0,
            "floor": 29,
            "is_repurchased": false,
            "lease_price_list": [
                {
                    "lease": null,
                    "price": 591000
                }
            ],
            "unit": 528
        },
        {
            "area": 95.0,
            "floor": 9,
            "is_repurchased": false,
            "lease_price_list": [
                {
                    "lease": null,
                    "price": 554200
                }
            ],
            "unit": 534
        }
    ],
    "block_code": {
        "block_num": "8B",
        "contract": "C23B",
        "neighbourhood": "N3"
    },
    "dpd_date": "NA (Keys Available)",
    "flat_type": "4-Room",
    "lcd_date": "01 Jul 2017",
    "pcd_date": "-",
    "quota_chinese": 1,
    "quota_malay": 3,
    "quota_other": 3,
    "street": "UPP BOON KENG RD",
    "town": "Kallang / Whampoa"
},
{
    "apartments": [
        {
            "area": 95.0,
            "floor": 9,
            "is_repurchased": false,
            "lease_price_list": [
                {
                    "lease": null,
                    "price": 530800
                }
            ],
            "unit": 540
        }
    ],
    "block_code": {
        "block_num": "8C",
        "contract": "C23B",
        "neighbourhood": "N3"
    },
    "dpd_date": "NA (Keys Available)",
    "flat_type": "4-Room",
    "lcd_date": "01 Jul 2017",
    "pcd_date": "-",
    "quota_chinese": 0,
    "quota_malay": 1,
    "quota_other": 1,
    "street": "UPP BOON KENG RD",
    "town": "Kallang / Whampoa"
},
{
    "apartments": [
        {
            "area": 93.0,
            "floor": 15,
            "is_repurchased": false,
            "lease_price_list": [
                {
                    "lease": null,
                    "price": 551000
                }
            ],
            "unit": 103
        },
        {
            "area": 93.0,
            "floor": 27,
            "is_repurchased": false,
            "lease_price_list": [
                {
                    "lease": null,
                    "price": 567800
                }
            ],
            "unit": 103
        },
        {
            "area": 93.0,
            "floor": 38,
            "is_repurchased": false,
            "lease_price_list": [
                {
                    "lease": null,
                    "price": 582900
                }
            ],
            "unit": 105
        },
        {
            "area": 93.0,
            "floor": 19,
            "is_repurchased": false,
            "lease_price_list": [
                {
                    "lease": null,
                    "price": 561100
                }
            ],
            "unit": 107
        },
        {
            "area": 93.0,
            "floor": 22,
            "is_repurchased": false,
            "lease_price_list": [
                {
                    "lease": null,
                    "price": 556300
                }
            ],
            "unit": 109
        }
    ],
    "block_code": {
        "block_num": "10A",
        "contract": "C50A",
        "neighbourhood": "N5"
    },
    "dpd_date": "NA (Keys Available)",
    "flat_type": "4-Room",
    "lcd_date": "01 Dec 2017",
    "pcd_date": "-",
    "quota_chinese": 5,
    "quota_malay": 5,
    "quota_other": 5,
    "street": "BENDEMEER RD",
    "town": "Kallang / Whampoa"
},
{
    "apartments": [
        {
            "area": 93.0,
            "floor": 30,
            "is_repurchased": false,
            "lease_price_list": [
                {
                    "lease": null,
                    "price": 571700
                }
            ],
            "unit": 115
        },
        {
            "area": 93.0,
            "floor": 4,
            "is_repurchased": false,
            "lease_price_list": [
                {
                    "lease": null,
                    "price": 512400
                }
            ],
            "unit": 117
        },
        {
            "area": 93.0,
            "floor": 21,
            "is_repurchased": false,
            "lease_price_list": [
                {
                    "lease": null,
                    "price": 554600
                }
            ],
            "unit": 117
        },
        {
            "area": 93.0,
            "floor": 36,
            "is_repurchased": false,
            "lease_price_list": [
                {
                    "lease": null,
                    "price": 584500
                }
            ],
            "unit": 119
        }
    ],
    "block_code": {
        "block_num": "10B",
        "contract": "C50A",
        "neighbourhood": "N5"
    },
    "dpd_date": "NA (Keys Available)",
    "flat_type": "4-Room",
    "lcd_date": "01 Dec 2017",
    "pcd_date": "-",
    "quota_chinese": 4,
    "quota_malay": 4,
    "quota_other": 4,
    "street": "BENDEMEER RD",
    "town": "Kallang / Whampoa"
},
{
    "apartments": [
        {
            "area": 93.0,
            "floor": 10,
            "is_repurchased": false,
            "lease_price_list": [
                {
                    "lease": null,
                    "price": 548500
                }
            ],
            "unit": 127
        },
        {
            "area": 93.0,
            "floor": 39,
            "is_repurchased": false,
            "lease_price_list": [
                {
                    "lease": null,
                    "price": 598000
                }
            ],
            "unit": 127
        },
        {
            "area": 93.0,
            "floor": 14,
            "is_repurchased": false,
            "lease_price_list": [
                {
                    "lease": null,
                    "price": 549600
                }
            ],
            "unit": 129
        },
        {
            "area": 93.0,
            "floor": 19,
            "is_repurchased": false,
            "lease_price_list": [
                {
                    "lease": null,
                    "price": 556600
                }
            ],
            "unit": 131
        }
    ],
    "block_code": {
        "block_num": "10C",
        "contract": "C50A",
        "neighbourhood": "N5"
    },
    "dpd_date": "NA (Keys Available)",
    "flat_type": "4-Room",
    "lcd_date": "01 Dec 2017",
    "pcd_date": "-",
    "quota_chinese": 3,
    "quota_malay": 4,
    "quota_other": 4,
    "street": "BENDEMEER RD",
    "town": "Kallang / Whampoa"
},
{
    "apartments": [
        {
            "area": 92.0,
            "floor": 30,
            "is_repurchased": false,
            "lease_price_list": [
                {
                    "lease": null,
                    "price": 583400
                }
            ],
            "unit": 51
        },
        {
            "area": 92.0,
            "floor": 3,
            "is_repurchased": false,
            "lease_price_list": [
                {
                    "lease": null,
                    "price": 532600
                }
            ],
            "unit": 53
        },
        {
            "area": 92.0,
            "floor": 4,
            "is_repurchased": false,
            "lease_price_list": [
                {
                    "lease": null,
                    "price": 531600
                }
            ],
            "unit": 55
        }
    ],
    "block_code": {
        "block_num": "25A",
        "contract": "C21",
        "neighbourhood": "N4"
    },
    "dpd_date": "30 Apr 2020",
    "flat_type": "4-Room",
    "lcd_date": "-",
    "pcd_date": "2Q/2019",
    "quota_chinese": 1,
    "quota_malay": 3,
    "quota_other": 3,
    "street": "ST. GEORGE'S LANE",
    "town": "Kallang / Whampoa"
},
{
    "apartments": [
        {
            "area": 92.0,
            "floor": 4,
            "is_repurchased": false,
            "lease_price_list": [
                {
                    "lease": null,
                    "price": 522200
                }
            ],
            "unit": 17
        }
    ],
    "block_code": {
        "block_num": "26A",
        "contract": "C21",
        "neighbourhood": "N4"
    },
    "dpd_date": "30 Apr 2020",
    "flat_type": "4-Room",
    "lcd_date": "-",
    "pcd_date": "2Q/2019",
    "quota_chinese": 0,
    "quota_malay": 1,
    "quota_other": 1,
    "street": "ST. GEORGE'S LANE",
    "town": "Kallang / Whampoa"
},
{
    "apartments": [
        {
            "area": 92.0,
            "floor": 9,
            "is_repurchased": false,
            "lease_price_list": [
                {
                    "lease": null,
                    "price": 538600
                }
            ],
            "unit": 29
        },
        {
            "area": 92.0,
            "floor": 27,
            "is_repurchased": false,
            "lease_price_list": [
                {
                    "lease": null,
                    "price": 573200
                }
            ],
            "unit": 39
        }
    ],
    "block_code": {
        "block_num": "26B",
        "contract": "C21",
        "neighbourhood": "N4"
    },
    "dpd_date": "30 Apr 2020",
    "flat_type": "4-Room",
    "lcd_date": "-",
    "pcd_date": "2Q/2019",
    "quota_chinese": 2,
    "quota_malay": 2,
    "quota_other": 2,
    "street": "ST. GEORGE'S LANE",
    "town": "Kallang / Whampoa"
},
{
    "apartments": [
        {
            "area": 93.0,
            "floor": 15,
            "is_repurchased": false,
            "lease_price_list": [
                {
                    "lease": null,
                    "price": 444200
                }
            ],
            "unit": 61
        },
        {
            "area": 93.0,
            "floor": 24,
            "is_repurchased": false,
            "lease_price_list": [
                {
                    "lease": null,
                    "price": 461800
                }
            ],
            "unit": 61
        },
        {
            "area": 93.0,
            "floor": 36,
            "is_repurchased": false,
            "lease_price_list": [
                {
                    "lease": null,
                    "price": 479700
                }
            ],
            "unit": 61
        },
        {
            "area": 93.0,
            "floor": 3,
            "is_repurchased": false,
            "lease_price_list": [
                {
                    "lease": null,
                    "price": 404700
                }
            ],
            "unit": 73
        },
        {
            "area": 93.0,
            "floor": 7,
            "is_repurchased": false,
            "lease_price_list": [
                {
                    "lease": null,
                    "price": 435900
                }
            ],
            "unit": 75
        },
        {
            "area": 93.0,
            "floor": 20,
            "is_repurchased": false,
            "lease_price_list": [
                {
                    "lease": null,
                    "price": 451200
                }
            ],
            "unit": 75
        },
        {
            "area": 93.0,
            "floor": 5,
            "is_repurchased": false,
            "lease_price_list": [
                {
                    "lease": null,
                    "price": 423900
                }
            ],
            "unit": 79
        },
        {
            "area": 93.0,
            "floor": 29,
            "is_repurchased": false,
            "lease_price_list": [
                {
                    "lease": null,
                    "price": 468800
                }
            ],
            "unit": 79
        },
        {
            "area": 93.0,
            "floor": 8,
            "is_repurchased": false,
            "lease_price_list": [
                {
                    "lease": null,
                    "price": 439400
                }
            ],
            "unit": 81
        }
    ],
    "block_code": {
        "block_num": "78",
        "contract": "C10",
        "neighbourhood": "N7"
    },
    "dpd_date": "NA (Keys Available)",
    "flat_type": "4-Room",
    "lcd_date": "01 Jun 2018",
    "pcd_date": "-",
    "quota_chinese": 9,
    "quota_malay": 9,
    "quota_other": 9,
    "street": "LOR LIMAU",
    "town": "Kallang / Whampoa"
},
{
    "apartments": [
        {
            "area": 93.0,
            "floor": 21,
            "is_repurchased": false,
            "lease_price_list": [
                {
                    "lease": null,
                    "price": 591100
                }
            ],
            "unit": 280
        },
        {
            "area": 93.0,
            "floor": 25,
            "is_repurchased": false,
            "lease_price_list": [
                {
                    "lease": null,
                    "price": 603800
                }
            ],
            "unit": 280
        },
        {
            "area": 93.0,
            "floor": 30,
            "is_repurchased": false,
            "lease_price_list": [
                {
                    "lease": null,
                    "price": 603700
                }
            ],
            "unit": 280
        },
        {
            "area": 93.0,
            "floor": 21,
            "is_repurchased": false,
            "lease_price_list": [
                {
                    "lease": null,
                    "price": 602900
                }
            ],
            "unit": 282
        },
        {
            "area": 93.0,
            "floor": 21,
            "is_repurchased": false,
            "lease_price_list": [
                {
                    "lease": null,
                    "price": 602900
                }
            ],
            "unit": 284
        }
    ],
    "block_code": {
        "block_num": "113A",
        "contract": "C20C",
        "neighbourhood": "N5"
    },
    "dpd_date": "NA (Keys Available)",
    "flat_type": "4-Room",
    "lcd_date": "01 Dec 2017",
    "pcd_date": "-",
    "quota_chinese": 5,
    "quota_malay": 5,
    "quota_other": 5,
    "street": "MCNAIR RD",
    "town": "Kallang / Whampoa"
},
{
    "apartments": [
        {
            "area": 93.0,
            "floor": 21,
            "is_repurchased": false,
            "lease_price_list": [
                {
                    "lease": null,
                    "price": 593400
                }
            ],
            "unit": 264
        },
        {
            "area": 93.0,
            "floor": 12,
            "is_repurchased": false,
            "lease_price_list": [
                {
                    "lease": null,
                    "price": 576100
                }
            ],
            "unit": 266
        },
        {
            "area": 93.0,
            "floor": 14,
            "is_repurchased": false,
            "lease_price_list": [
                {
                    "lease": null,
                    "price": 581300
                }
            ],
            "unit": 268
        },
        {
            "area": 93.0,
            "floor": 15,
            "is_repurchased": false,
            "lease_price_list": [
                {
                    "lease": null,
                    "price": 589800
                }
            ],
            "unit": 268
        },
        {
            "area": 93.0,
            "floor": 7,
            "is_repurchased": false,
            "lease_price_list": [
                {
                    "lease": null,
                    "price": 569400
                }
            ],
            "unit": 270
        },
        {
            "area": 93.0,
            "floor": 30,
            "is_repurchased": false,
            "lease_price_list": [
                {
                    "lease": null,
                    "price": 610800
                }
            ],
            "unit": 270
        }
    ],
    "block_code": {
        "block_num": "113B",
        "contract": "C20C",
        "neighbourhood": "N5"
    },
    "dpd_date": "NA (Keys Available)",
    "flat_type": "4-Room",
    "lcd_date": "01 Dec 2017",
    "pcd_date": "-",
    "quota_chinese": 6,
    "quota_malay": 6,
    "quota_other": 6,
    "street": "MCNAIR RD",
    "town": "Kallang / Whampoa"
},
{
    "apartments": [
        {
            "area": 93.0,
            "floor": 14,
            "is_repurchased": false,
            "lease_price_list": [
                {
                    "lease": null,
                    "price": 571800
                }
            ],
            "unit": 250
        }
    ],
    "block_code": {
        "block_num": "113C",
        "contract": "C20C",
        "neighbourhood": "N5"
    },
    "dpd_date": "NA (Keys Available)",
    "flat_type": "4-Room",
    "lcd_date": "01 Dec 2017",
    "pcd_date": "-",
    "quota_chinese": 1,
    "quota_malay": 1,
    "quota_other": 1,
    "street": "MCNAIR RD",
    "town": "Kallang / Whampoa"
},
{
    "apartments": [
        {
            "area": 93.0,
            "floor": 3,
            "is_repurchased": false,
            "lease_price_list": [
                {
                    "lease": null,
                    "price": 546300
                }
            ],
            "unit": 230
        }
    ],
    "block_code": {
        "block_num": "113D",
        "contract": "C20C",
        "neighbourhood": "N5"
    },
    "dpd_date": "NA (Keys Available)",
    "flat_type": "4-Room",
    "lcd_date": "01 Dec 2017",
    "pcd_date": "-",
    "quota_chinese": 1,
    "quota_malay": 1,
    "quota_other": 1,
    "street": "MCNAIR RD",
    "town": "Kallang / Whampoa"
},
{
    "apartments": [
        {
            "area": 93.0,
            "floor": 29,
            "is_repurchased": false,
            "lease_price_list": [
                {
                    "lease": null,
                    "price": 450000
                }
            ],
            "unit": 527
        },
        {
            "area": 93.0,
            "floor": 19,
            "is_repurchased": false,
            "lease_price_list": [
                {
                    "lease": null,
                    "price": 429100
                }
            ],
            "unit": 529
        },
        {
            "area": 93.0,
            "floor": 19,
            "is_repurchased": false,
            "lease_price_list": [
                {
                    "lease": null,
                    "price": 431500
                }
            ],
            "unit": 537
        },
        {
            "area": 93.0,
            "floor": 30,
            "is_repurchased": false,
            "lease_price_list": [
                {
                    "lease": null,
                    "price": 446500
                }
            ],
            "unit": 537
        }
    ],
    "block_code": {
        "block_num": "116A",
        "contract": "C28B",
        "neighbourhood": "N6"
    },
    "dpd_date": "NA (Keys Available)",
    "flat_type": "4-Room",
    "lcd_date": "01 Nov 2017",
    "pcd_date": "-",
    "quota_chinese": 4,
    "quota_malay": 4,
    "quota_other": 4,
    "street": "JLN TENTERAM",
    "town": "Kallang / Whampoa"
},
{
    "apartments": [
        {
            "area": 93.0,
            "floor": 9,
            "is_repurchased": false,
            "lease_price_list": [
                {
                    "lease": null,
                    "price": 403600
                }
            ],
            "unit": 541
        }
    ],
    "block_code": {
        "block_num": "116B",
        "contract": "C28B",
        "neighbourhood": "N6"
    },
    "dpd_date": "NA (Keys Available)",
    "flat_type": "4-Room",
    "lcd_date": "01 Nov 2017",
    "pcd_date": "-",
    "quota_chinese": 0,
    "quota_malay": 1,
    "quota_other": 1,
    "street": "JLN TENTERAM",
    "town": "Kallang / Whampoa"
},
{
    "apartments": [
        {
            "area": 93.0,
            "floor": 11,
            "is_repurchased": false,
            "lease_price_list": [
                {
                    "lease": null,
                    "price": 420600
                }
            ],
            "unit": 501
        },
        {
            "area": 93.0,
            "floor": 15,
            "is_repurchased": false,
            "lease_price_list": [
                {
                    "lease": null,
                    "price": 426000
                }
            ],
            "unit": 501
        },
        {
            "area": 93.0,
            "floor": 30,
            "is_repurchased": false,
            "lease_price_list": [
                {
                    "lease": null,
                    "price": 450000
                }
            ],
            "unit": 501
        },
        {
            "area": 93.0,
            "floor": 2,
            "is_repurchased": false,
            "lease_price_list": [
                {
                    "lease": null,
                    "price": 385800
                }
            ],
            "unit": 503
        },
        {
            "area": 93.0,
            "floor": 12,
            "is_repurchased": false,
            "lease_price_list": [
                {
                    "lease": null,
                    "price": 421900
                }
            ],
            "unit": 503
        },
        {
            "area": 93.0,
            "floor": 15,
            "is_repurchased": false,
            "lease_price_list": [
                {
                    "lease": null,
                    "price": 426000
                }
            ],
            "unit": 503
        },
        {
            "area": 93.0,
            "floor": 5,
            "is_repurchased": false,
            "lease_price_list": [
                {
                    "lease": null,
                    "price": 384400
                }
            ],
            "unit": 511
        },
        {
            "area": 93.0,
            "floor": 7,
            "is_repurchased": false,
            "lease_price_list": [
                {
                    "lease": null,
                    "price": 391200
                }
            ],
            "unit": 511
        },
        {
            "area": 93.0,
            "floor": 11,
            "is_repurchased": false,
            "lease_price_list": [
                {
                    "lease": null,
                    "price": 420600
                }
            ],
            "unit": 513
        },
        {
            "area": 93.0,
            "floor": 18,
            "is_repurchased": false,
            "lease_price_list": [
                {
                    "lease": null,
                    "price": 430100
                }
            ],
            "unit": 513
        },
        {
            "area": 93.0,
            "floor": 25,
            "is_repurchased": false,
            "lease_price_list": [
                {
                    "lease": null,
                    "price": 439700
                }
            ],
            "unit": 513
        }
    ],
    "block_code": {
        "block_num": "117A",
        "contract": "C28B",
        "neighbourhood": "N6"
    },
    "dpd_date": "NA (Keys Available)",
    "flat_type": "4-Room",
    "lcd_date": "01 Nov 2017",
    "pcd_date": "-",
    "quota_chinese": 10,
    "quota_malay": 11,
    "quota_other": 11,
    "street": "JLN TENTERAM",
    "town": "Kallang / Whampoa"
},
{
    "apartments": [
        {
            "area": 93.0,
            "floor": 2,
            "is_repurchased": false,
            "lease_price_list": [
                {
                    "lease": null,
                    "price": 393100
                }
            ],
            "unit": 519
        },
        {
            "area": 93.0,
            "floor": 24,
            "is_repurchased": false,
            "lease_price_list": [
                {
                    "lease": null,
                    "price": 450500
                }
            ],
            "unit": 519
        },
        {
            "area": 93.0,
            "floor": 2,
            "is_repurchased": false,
            "lease_price_list": [
                {
                    "lease": null,
                    "price": 396800
                }
            ],
            "unit": 521
        },
        {
            "area": 93.0,
            "floor": 3,
            "is_repurchased": false,
            "lease_price_list": [
                {
                    "lease": null,
                    "price": 401200
                }
            ],
            "unit": 521
        },
        {
            "area": 93.0,
            "floor": 4,
            "is_repurchased": false,
            "lease_price_list": [
                {
                    "lease": null,
                    "price": 405600
                }
            ],
            "unit": 521
        },
        {
            "area": 93.0,
            "floor": 5,
            "is_repurchased": false,
            "lease_price_list": [
                {
                    "lease": null,
                    "price": 409900
                }
            ],
            "unit": 521
        },
        {
            "area": 93.0,
            "floor": 14,
            "is_repurchased": false,
            "lease_price_list": [
                {
                    "lease": null,
                    "price": 428400
                }
            ],
            "unit": 521
        },
        {
            "area": 93.0,
            "floor": 2,
            "is_repurchased": false,
            "lease_price_list": [
                {
                    "lease": null,
                    "price": 400400
                }
            ],
            "unit": 523
        },
        {
            "area": 93.0,
            "floor": 12,
            "is_repurchased": false,
            "lease_price_list": [
                {
                    "lease": null,
                    "price": 434100
                }
            ],
            "unit": 523
        },
        {
            "area": 93.0,
            "floor": 26,
            "is_repurchased": false,
            "lease_price_list": [
                {
                    "lease": null,
                    "price": 448400
                }
            ],
            "unit": 523
        },
        {
            "area": 93.0,
            "floor": 23,
            "is_repurchased": false,
            "lease_price_list": [
                {
                    "lease": null,
                    "price": 451600
                }
            ],
            "unit": 525
        }
    ],
    "block_code": {
        "block_num": "117B",
        "contract": "C28B",
        "neighbourhood": "N6"
    },
    "dpd_date": "NA (Keys Available)",
    "flat_type": "4-Room",
    "lcd_date": "01 Nov 2017",
    "pcd_date": "-",
    "quota_chinese": 4,
    "quota_malay": 8,
    "quota_other": 11,
    "street": "JLN TENTERAM",
    "town": "Kallang / Whampoa"
}]
