[{
    "apartments": [
        {
            "area": 116.0,
            "floor": 3,
            "is_repurchased": false,
            "lease_price_list": [
                {
                    "lease": null,
                    "price": 701000
                }
            ],
            "unit": 518
        },
        {
            "area": 116.0,
            "floor": 11,
            "is_repurchased": false,
            "lease_price_list": [
                {
                    "lease": null,
                    "price": 734900
                }
            ],
            "unit": 518
        },
        {
            "area": 116.0,
            "floor": 13,
            "is_repurchased": false,
            "lease_price_list": [
                {
                    "lease": null,
                    "price": 746800
                }
            ],
            "unit": 518
        }
    ],
    "block_code": {
        "block_num": "8A",
        "contract": "C23B",
        "neighbourhood": "N3"
    },
    "dpd_date": "NA (Keys Available)",
    "flat_type": "5-Room",
    "lcd_date": "01 Jul 2017",
    "pcd_date": "-",
    "quota_chinese": 2,
    "quota_malay": 2,
    "quota_other": 3,
    "street": "UPP BOON KENG RD",
    "town": "Kallang / Whampoa"
},
{
    "apartments": [
        {
            "area": 116.0,
            "floor": 12,
            "is_repurchased": false,
            "lease_price_list": [
                {
                    "lease": null,
                    "price": 711900
                }
            ],
            "unit": 520
        }
    ],
    "block_code": {
        "block_num": "8B",
        "contract": "C23B",
        "neighbourhood": "N3"
    },
    "dpd_date": "NA (Keys Available)",
    "flat_type": "5-Room",
    "lcd_date": "01 Jul 2017",
    "pcd_date": "-",
    "quota_chinese": 1,
    "quota_malay": 1,
    "quota_other": 1,
    "street": "UPP BOON KENG RD",
    "town": "Kallang / Whampoa"
},
{
    "apartments": [
        {
            "area": 113.0,
            "floor": 8,
            "is_repurchased": false,
            "lease_price_list": [
                {
                    "lease": null,
                    "price": 676300
                }
            ],
            "unit": 546
        },
        {
            "area": 113.0,
            "floor": 11,
            "is_repurchased": false,
            "lease_price_list": [
                {
                    "lease": null,
                    "price": 681100
                }
            ],
            "unit": 546
        }
    ],
    "block_code": {
        "block_num": "8C",
        "contract": "C23B",
        "neighbourhood": "N3"
    },
    "dpd_date": "NA (Keys Available)",
    "flat_type": "5-Room",
    "lcd_date": "01 Jul 2017",
    "pcd_date": "-",
    "quota_chinese": 2,
    "quota_malay": 2,
    "quota_other": 2,
    "street": "UPP BOON KENG RD",
    "town": "Kallang / Whampoa"
}]
