{
    "blocks": [
        {
            "apartments": [
                {
                    "area": 104,
                    "floor": 9,
                    "is_repurchased": true,
                    "lease_price_list": [
                        {
                            "lease": 71,
                            "price": 261000
                        }
                    ],
                    "unit": 48
                }
            ],
            "block_code": {
                "block_num": "272",
                "contract": "C9",
                "neighbourhood": "N2"
            },
            "dpd_date": null,
            "flat_type": "4-Room",
            "lcd_date": {
                "year": 1988,
                "month": 12,
                "day": 1,
                "quarter": null,
                "months_since": -341
            },
            "pcd_date": null,
            "quota_chinese": 1,
            "quota_malay": 1,
            "quota_other": 1,
            "street": "BANGKIT ROAD",
            "town": "Bukit Panjang",
            "title": "HDB-BUKIT PANJANG",
            "lat": 1.3775731733775,
            "long": 103.774462082623,
            "postal": 670272
        },
        {
            "apartments": [
                {
                    "area": 104,
                    "floor": 5,
                    "is_repurchased": true,
                    "lease_price_list": [
                        {
                            "lease": 71,
                            "price": 256000
                        }
                    ],
                    "unit": 649
                }
            ],
            "block_code": {
                "block_num": "435",
                "contract": "C3",
                "neighbourhood": "N4"
            },
            "dpd_date": null,
            "flat_type": "4-Room",
            "lcd_date": {
                "year": 1988,
                "month": 12,
                "day": 1,
                "quarter": null,
                "months_since": -341
            },
            "pcd_date": null,
            "quota_chinese": 1,
            "quota_malay": 1,
            "quota_other": 1,
            "street": "BUKIT PANJANG RING ROAD",
            "town": "Bukit Panjang",
            "title": "HDB-BUKIT PANJANG",
            "lat": 1.38603975530041,
            "long": 103.770196329443,
            "postal": 670435
        },
        {
            "apartments": [
                {
                    "area": 93,
                    "floor": 5,
                    "is_repurchased": false,
                    "lease_price_list": [
                        {
                            "lease": 99,
                            "price": 279800
                        }
                    ],
                    "unit": 44
                }
            ],
            "block_code": {
                "block_num": "442D",
                "contract": "C15",
                "neighbourhood": "N4"
            },
            "dpd_date": null,
            "flat_type": "4-Room",
            "lcd_date": {
                "year": 2016,
                "month": 12,
                "day": 1,
                "quarter": null,
                "months_since": -5
            },
            "pcd_date": null,
            "quota_chinese": 1,
            "quota_malay": 1,
            "quota_other": 1,
            "street": "FAJAR ROAD",
            "town": "Bukit Panjang",
            "title": "FAJAR HILLS",
            "lat": 1.38092147169304,
            "long": 103.770840739111,
            "postal": 674442
        },
        {
            "apartments": [
                {
                    "area": 93,
                    "floor": 14,
                    "is_repurchased": false,
                    "lease_price_list": [
                        {
                            "lease": 99,
                            "price": 298700
                        }
                    ],
                    "unit": 76
                }
            ],
            "block_code": {
                "block_num": "443C",
                "contract": "C15",
                "neighbourhood": "N4"
            },
            "dpd_date": null,
            "flat_type": "4-Room",
            "lcd_date": {
                "year": 2016,
                "month": 12,
                "day": 1,
                "quarter": null,
                "months_since": -5
            },
            "pcd_date": null,
            "quota_chinese": 1,
            "quota_malay": 1,
            "quota_other": 1,
            "street": "FAJAR ROAD",
            "town": "Bukit Panjang",
            "title": "FAJAR HILLS",
            "lat": 1.38057053056185,
            "long": 103.76973269177,
            "postal": 673443
        },
        {
            "apartments": [
                {
                    "area": 102,
                    "floor": 10,
                    "is_repurchased": true,
                    "lease_price_list": [
                        {
                            "lease": 80,
                            "price": 261000
                        }
                    ],
                    "unit": 20
                }
            ],
            "block_code": {
                "block_num": "506",
                "contract": "C3",
                "neighbourhood": "N5"
            },
            "dpd_date": null,
            "flat_type": "4-Room",
            "lcd_date": {
                "year": 1998,
                "month": 4,
                "day": 1,
                "quarter": null,
                "months_since": -229
            },
            "pcd_date": null,
            "quota_chinese": 1,
            "quota_malay": 1,
            "quota_other": 1,
            "street": "JELAPANG ROAD",
            "town": "Bukit Panjang",
            "title": "HDB-BUKIT PANJANG",
            "lat": 1.38703345458913,
            "long": 103.768120654409,
            "postal": 670506
        },
        {
            "apartments": [
                {
                    "area": 90,
                    "floor": 3,
                    "is_repurchased": true,
                    "lease_price_list": [
                        {
                            "lease": 80,
                            "price": 231000
                        }
                    ],
                    "unit": 64
                }
            ],
            "block_code": {
                "block_num": "510",
                "contract": "C4",
                "neighbourhood": "N5"
            },
            "dpd_date": null,
            "flat_type": "4-Room",
            "lcd_date": {
                "year": 1998,
                "month": 6,
                "day": 1,
                "quarter": null,
                "months_since": -227
            },
            "pcd_date": null,
            "quota_chinese": 1,
            "quota_malay": 1,
            "quota_other": 1,
            "street": "JELAPANG ROAD",
            "town": "Bukit Panjang",
            "title": "HDB-BUKIT PANJANG",
            "lat": 1.38758897243471,
            "long": 103.768982944262,
            "postal": 670510
        },
        {
            "apartments": [
                {
                    "area": 92,
                    "floor": 17,
                    "is_repurchased": false,
                    "lease_price_list": [
                        {
                            "lease": 97,
                            "price": 301700
                        }
                    ],
                    "unit": 81
                }
            ],
            "block_code": {
                "block_num": "547A",
                "contract": "C13",
                "neighbourhood": "N5"
            },
            "dpd_date": null,
            "flat_type": "4-Room",
            "lcd_date": {
                "year": 2015,
                "month": 7,
                "day": 1,
                "quarter": null,
                "months_since": -22
            },
            "pcd_date": null,
            "quota_chinese": 1,
            "quota_malay": 1,
            "quota_other": 1,
            "street": "SEGAR ROAD",
            "town": "Bukit Panjang",
            "title": "SEGAR VALE",
            "lat": 1.3880638174706,
            "long": 103.77000953634,
            "postal": 671547
        },
        {
            "apartments": [
                {
                    "area": 92,
                    "floor": 12,
                    "is_repurchased": false,
                    "lease_price_list": [
                        {
                            "lease": 97,
                            "price": 329400
                        }
                    ],
                    "unit": 323
                },
                {
                    "area": 92,
                    "floor": 2,
                    "is_repurchased": false,
                    "lease_price_list": [
                        {
                            "lease": 97,
                            "price": 281700
                        }
                    ],
                    "unit": 329
                }
            ],
            "block_code": {
                "block_num": "636B",
                "contract": "C11",
                "neighbourhood": "N6"
            },
            "dpd_date": null,
            "flat_type": "4-Room",
            "lcd_date": {
                "year": 2015,
                "month": 11,
                "day": 1,
                "quarter": null,
                "months_since": -18
            },
            "pcd_date": null,
            "quota_chinese": 2,
            "quota_malay": 2,
            "quota_other": 2,
            "street": "SENJA ROAD",
            "town": "Bukit Panjang",
            "title": "SENJA PARC VIEW",
            "lat": 1.38762470759979,
            "long": 103.758331445094,
            "postal": 672636
        },
        {
            "apartments": [
                {
                    "area": 92,
                    "floor": 13,
                    "is_repurchased": true,
                    "lease_price_list": [
                        {
                            "lease": 97,
                            "price": 316200
                        }
                    ],
                    "unit": 343
                }
            ],
            "block_code": {
                "block_num": "636C",
                "contract": "C11",
                "neighbourhood": "N6"
            },
            "dpd_date": null,
            "flat_type": "4-Room",
            "lcd_date": {
                "year": 2015,
                "month": 11,
                "day": 1,
                "quarter": null,
                "months_since": -18
            },
            "pcd_date": null,
            "quota_chinese": 1,
            "quota_malay": 1,
            "quota_other": 1,
            "street": "SENJA ROAD",
            "town": "Bukit Panjang",
            "title": "SENJA PARC VIEW",
            "lat": 1.38743454593273,
            "long": 103.759118571415,
            "postal": 673636
        }
    ]
}