{
    "blocks": [
        {
            "apartments": [
                {
                    "area": 113,
                    "floor": 2,
                    "is_repurchased": false,
                    "lease_price_list": [
                        {
                            "lease": 99,
                            "price": 330100
                        }
                    ],
                    "unit": 72
                }
            ],
            "block_code": {
                "block_num": "443C",
                "contract": "C15",
                "neighbourhood": "N4"
            },
            "dpd_date": null,
            "flat_type": "5-Room",
            "lcd_date": {
                "year": 2016,
                "month": 12,
                "day": 1,
                "quarter": null,
                "months_since": -5
            },
            "pcd_date": null,
            "quota_chinese": 1,
            "quota_malay": 1,
            "quota_other": 1,
            "street": "FAJAR ROAD",
            "town": "Bukit Panjang",
            "title": "FAJAR HILLS",
            "lat": 1.38057053056185,
            "long": 103.76973269177,
            "postal": 673443
        },
        {
            "apartments": [
                {
                    "area": 110,
                    "floor": 3,
                    "is_repurchased": true,
                    "lease_price_list": [
                        {
                            "lease": 85,
                            "price": 313000
                        }
                    ],
                    "unit": 400
                }
            ],
            "block_code": {
                "block_num": "477",
                "contract": "C12",
                "neighbourhood": "N4"
            },
            "dpd_date": null,
            "flat_type": "5-Room",
            "lcd_date": {
                "year": 2003,
                "month": 1,
                "day": 1,
                "quarter": null,
                "months_since": -172
            },
            "pcd_date": null,
            "quota_chinese": 1,
            "quota_malay": 1,
            "quota_other": 1,
            "street": "SEGAR ROAD",
            "town": "Bukit Panjang",
            "title": "SEGAR GARDENS",
            "lat": 1.38923939664192,
            "long": 103.773064815385,
            "postal": 670477
        },
        {
            "apartments": [
                {
                    "area": 110,
                    "floor": 6,
                    "is_repurchased": true,
                    "lease_price_list": [
                        {
                            "lease": 83,
                            "price": 344800
                        }
                    ],
                    "unit": 30
                }
            ],
            "block_code": {
                "block_num": "653",
                "contract": "C6",
                "neighbourhood": "N6"
            },
            "dpd_date": null,
            "flat_type": "5-Room",
            "lcd_date": {
                "year": 2001,
                "month": 9,
                "day": 1,
                "quarter": null,
                "months_since": -188
            },
            "pcd_date": null,
            "quota_chinese": 0,
            "quota_malay": 1,
            "quota_other": 1,
            "street": "SENJA LINK",
            "town": "Bukit Panjang",
            "title": "HDB-BUKIT PANJANG",
            "lat": 1.38692590741028,
            "long": 103.763946218351,
            "postal": 670653
        }
    ]
}