[{
    "apartments": [
        {
            "area": 74.0,
            "floor": 2,
            "is_repurchased": true,
            "lease_price_list": [
                {
                    "lease": null,
                    "price": 222300
                }
            ],
            "unit": 493
        }
    ],
    "block_code": {
        "block_num": "118",
        "contract": "C5",
        "neighbourhood": "N1"
    },
    "dpd_date": "NA (Keys Available)",
    "flat_type": "3-Room",
    "lcd_date": "01 May 1978",
    "pcd_date": "-",
    "quota_chinese": 0,
    "quota_malay": 1,
    "quota_other": 1,
    "street": "ANG MO KIO AVE 4",
    "town": "Ang Mo Kio"
},
{
    "apartments": [
        {
            "area": 67.0,
            "floor": 2,
            "is_repurchased": true,
            "lease_price_list": [
                {
                    "lease": null,
                    "price": 234000
                }
            ],
            "unit": 1919
        }
    ],
    "block_code": {
        "block_num": "126",
        "contract": "C9",
        "neighbourhood": "N1"
    },
    "dpd_date": "NA (Keys Available)",
    "flat_type": "3-Room",
    "lcd_date": "01 Sep 1978",
    "pcd_date": "-",
    "quota_chinese": 1,
    "quota_malay": 1,
    "quota_other": 1,
    "street": "ANG MO KIO AVE 3",
    "town": "Ang Mo Kio"
},
{
    "apartments": [
        {
            "area": 73.0,
            "floor": 2,
            "is_repurchased": true,
            "lease_price_list": [
                {
                    "lease": null,
                    "price": 232700
                }
            ],
            "unit": 863
        }
    ],
    "block_code": {
        "block_num": "216",
        "contract": "C1",
        "neighbourhood": "N2"
    },
    "dpd_date": "NA (Keys Available)",
    "flat_type": "3-Room",
    "lcd_date": "01 Apr 1976",
    "pcd_date": "-",
    "quota_chinese": 0,
    "quota_malay": 1,
    "quota_other": 1,
    "street": "ANG MO KIO AVE 1",
    "town": "Ang Mo Kio"
},
{
    "apartments": [
        {
            "area": 66.0,
            "floor": 2,
            "is_repurchased": false,
            "lease_price_list": [
                {
                    "lease": null,
                    "price": 203300
                }
            ],
            "unit": 1603
        }
    ],
    "block_code": {
        "block_num": "339",
        "contract": "C9",
        "neighbourhood": "N3"
    },
    "dpd_date": "NA (Keys Available)",
    "flat_type": "3-Room",
    "lcd_date": "01 Aug 1981",
    "pcd_date": "-",
    "quota_chinese": 0,
    "quota_malay": 1,
    "quota_other": 1,
    "street": "ANG MO KIO AVE 1",
    "town": "Ang Mo Kio"
},
{
    "apartments": [
        {
            "area": 67.0,
            "floor": 3,
            "is_repurchased": true,
            "lease_price_list": [
                {
                    "lease": null,
                    "price": 219400
                }
            ],
            "unit": 1589
        }
    ],
    "block_code": {
        "block_num": "444",
        "contract": "C7",
        "neighbourhood": "N4"
    },
    "dpd_date": "NA (Keys Available)",
    "flat_type": "3-Room",
    "lcd_date": "01 Aug 1979",
    "pcd_date": "-",
    "quota_chinese": 0,
    "quota_malay": 1,
    "quota_other": 1,
    "street": "ANG MO KIO AVE 10",
    "town": "Ang Mo Kio"
},
{
    "apartments": [
        {
            "area": 67.0,
            "floor": 12,
            "is_repurchased": true,
            "lease_price_list": [
                {
                    "lease": null,
                    "price": 233700
                }
            ],
            "unit": 1643
        }
    ],
    "block_code": {
        "block_num": "445",
        "contract": "C7",
        "neighbourhood": "N4"
    },
    "dpd_date": "NA (Keys Available)",
    "flat_type": "3-Room",
    "lcd_date": "01 Aug 1979",
    "pcd_date": "-",
    "quota_chinese": 0,
    "quota_malay": 1,
    "quota_other": 1,
    "street": "ANG MO KIO AVE 10",
    "town": "Ang Mo Kio"
},
{
    "apartments": [
        {
            "area": 68.0,
            "floor": 5,
            "is_repurchased": false,
            "lease_price_list": [
                {
                    "lease": null,
                    "price": 255300
                }
            ],
            "unit": 5
        },
        {
            "area": 68.0,
            "floor": 17,
            "is_repurchased": false,
            "lease_price_list": [
                {
                    "lease": null,
                    "price": 289900
                }
            ],
            "unit": 5
        }
    ],
    "block_code": {
        "block_num": "455A",
        "contract": "C25",
        "neighbourhood": "N4"
    },
    "dpd_date": "NA (Keys Available)",
    "flat_type": "3-Room",
    "lcd_date": "01 Mar 2018",
    "pcd_date": "-",
    "quota_chinese": 0,
    "quota_malay": 2,
    "quota_other": 2,
    "street": "ANG MO KIO ST 44",
    "town": "Ang Mo Kio"
},
{
    "apartments": [
        {
            "area": 67.0,
            "floor": 7,
            "is_repurchased": true,
            "lease_price_list": [
                {
                    "lease": null,
                    "price": 222300
                }
            ],
            "unit": 826
        },
        {
            "area": 67.0,
            "floor": 13,
            "is_repurchased": true,
            "lease_price_list": [
                {
                    "lease": null,
                    "price": 227000
                }
            ],
            "unit": 838
        }
    ],
    "block_code": {
        "block_num": "474",
        "contract": "C18",
        "neighbourhood": "N4"
    },
    "dpd_date": "NA (Keys Available)",
    "flat_type": "3-Room",
    "lcd_date": "01 Feb 1984",
    "pcd_date": "-",
    "quota_chinese": 0,
    "quota_malay": 2,
    "quota_other": 2,
    "street": "ANG MO KIO AVE 10",
    "town": "Ang Mo Kio"
},
{
    "apartments": [
        {
            "area": 68.0,
            "floor": 5,
            "is_repurchased": true,
            "lease_price_list": [
                {
                    "lease": null,
                    "price": 238400
                }
            ],
            "unit": 2504
        }
    ],
    "block_code": {
        "block_num": "512",
        "contract": "C22",
        "neighbourhood": "N5"
    },
    "dpd_date": "NA (Keys Available)",
    "flat_type": "3-Room",
    "lcd_date": "01 Aug 1980",
    "pcd_date": "-",
    "quota_chinese": 0,
    "quota_malay": 1,
    "quota_other": 1,
    "street": "ANG MO KIO AVE 8",
    "town": "Ang Mo Kio"
},
{
    "apartments": [
        {
            "area": 68.0,
            "floor": 12,
            "is_repurchased": true,
            "lease_price_list": [
                {
                    "lease": null,
                    "price": 227000
                }
            ],
            "unit": 4158
        }
    ],
    "block_code": {
        "block_num": "524",
        "contract": "C11A",
        "neighbourhood": "N5"
    },
    "dpd_date": "NA (Keys Available)",
    "flat_type": "3-Room",
    "lcd_date": "01 Aug 1980",
    "pcd_date": "-",
    "quota_chinese": 0,
    "quota_malay": 1,
    "quota_other": 1,
    "street": "ANG MO KIO AVE 5",
    "town": "Ang Mo Kio"
},
{
    "apartments": [
        {
            "area": 82.0,
            "floor": 3,
            "is_repurchased": true,
            "lease_price_list": [
                {
                    "lease": null,
                    "price": 297300
                }
            ],
            "unit": 2551
        }
    ],
    "block_code": {
        "block_num": "536",
        "contract": "C11",
        "neighbourhood": "N5"
    },
    "dpd_date": "NA (Keys Available)",
    "flat_type": "3-Room",
    "lcd_date": "01 Feb 1980",
    "pcd_date": "-",
    "quota_chinese": 0,
    "quota_malay": 1,
    "quota_other": 1,
    "street": "ANG MO KIO AVE 10",
    "town": "Ang Mo Kio"
},
{
    "apartments": [
        {
            "area": 68.0,
            "floor": 6,
            "is_repurchased": true,
            "lease_price_list": [
                {
                    "lease": null,
                    "price": 222300
                }
            ],
            "unit": 2428
        }
    ],
    "block_code": {
        "block_num": "540",
        "contract": "C15A",
        "neighbourhood": "N5"
    },
    "dpd_date": "NA (Keys Available)",
    "flat_type": "3-Room",
    "lcd_date": "01 Jan 1981",
    "pcd_date": "-",
    "quota_chinese": 0,
    "quota_malay": 1,
    "quota_other": 1,
    "street": "ANG MO KIO AVE 10",
    "town": "Ang Mo Kio"
},
{
    "apartments": [
        {
            "area": 68.0,
            "floor": 3,
            "is_repurchased": true,
            "lease_price_list": [
                {
                    "lease": null,
                    "price": 215600
                }
            ],
            "unit": 2038
        }
    ],
    "block_code": {
        "block_num": "554",
        "contract": "C15B",
        "neighbourhood": "N5"
    },
    "dpd_date": "NA (Keys Available)",
    "flat_type": "3-Room",
    "lcd_date": "01 Jan 1981",
    "pcd_date": "-",
    "quota_chinese": 0,
    "quota_malay": 1,
    "quota_other": 1,
    "street": "ANG MO KIO AVE 10",
    "town": "Ang Mo Kio"
},
{
    "apartments": [
        {
            "area": 68.0,
            "floor": 6,
            "is_repurchased": true,
            "lease_price_list": [
                {
                    "lease": null,
                    "price": 218500
                }
            ],
            "unit": 1918
        }
    ],
    "block_code": {
        "block_num": "556",
        "contract": "C3",
        "neighbourhood": "N5"
    },
    "dpd_date": "NA (Keys Available)",
    "flat_type": "3-Room",
    "lcd_date": "01 Jan 1980",
    "pcd_date": "-",
    "quota_chinese": 0,
    "quota_malay": 1,
    "quota_other": 1,
    "street": "ANG MO KIO AVE 10",
    "town": "Ang Mo Kio"
},
{
    "apartments": [
        {
            "area": 67.0,
            "floor": 2,
            "is_repurchased": true,
            "lease_price_list": [
                {
                    "lease": null,
                    "price": 213700
                }
            ],
            "unit": 1764
        }
    ],
    "block_code": {
        "block_num": "560",
        "contract": "C2",
        "neighbourhood": "N5"
    },
    "dpd_date": "NA (Keys Available)",
    "flat_type": "3-Room",
    "lcd_date": "01 Feb 1980",
    "pcd_date": "-",
    "quota_chinese": 0,
    "quota_malay": 1,
    "quota_other": 1,
    "street": "ANG MO KIO AVE 10",
    "town": "Ang Mo Kio"
},
{
    "apartments": [
        {
            "area": 68.0,
            "floor": 2,
            "is_repurchased": false,
            "lease_price_list": [
                {
                    "lease": null,
                    "price": 317700
                }
            ],
            "unit": 3
        },
        {
            "area": 68.0,
            "floor": 4,
            "is_repurchased": false,
            "lease_price_list": [
                {
                    "lease": null,
                    "price": 323700
                }
            ],
            "unit": 3
        },
        {
            "area": 68.0,
            "floor": 5,
            "is_repurchased": false,
            "lease_price_list": [
                {
                    "lease": null,
                    "price": 326700
                }
            ],
            "unit": 3
        },
        {
            "area": 68.0,
            "floor": 2,
            "is_repurchased": false,
            "lease_price_list": [
                {
                    "lease": null,
                    "price": 317700
                }
            ],
            "unit": 5
        },
        {
            "area": 68.0,
            "floor": 4,
            "is_repurchased": false,
            "lease_price_list": [
                {
                    "lease": null,
                    "price": 323700
                }
            ],
            "unit": 5
        },
        {
            "area": 68.0,
            "floor": 12,
            "is_repurchased": false,
            "lease_price_list": [
                {
                    "lease": null,
                    "price": 338200
                }
            ],
            "unit": 5
        },
        {
            "area": 68.0,
            "floor": 13,
            "is_repurchased": false,
            "lease_price_list": [
                {
                    "lease": null,
                    "price": 339200
                }
            ],
            "unit": 5
        },
        {
            "area": 68.0,
            "floor": 14,
            "is_repurchased": false,
            "lease_price_list": [
                {
                    "lease": null,
                    "price": 340200
                }
            ],
            "unit": 5
        }
    ],
    "block_code": {
        "block_num": "590A",
        "contract": "C26",
        "neighbourhood": "N5"
    },
    "dpd_date": "31 Jan 2019",
    "flat_type": "3-Room",
    "lcd_date": "-",
    "pcd_date": "07/2017",
    "quota_chinese": 0,
    "quota_malay": 8,
    "quota_other": 8,
    "street": "ANG MO KIO ST 51",
    "town": "Ang Mo Kio"
},
{
    "apartments": [
        {
            "area": 68.0,
            "floor": 2,
            "is_repurchased": false,
            "lease_price_list": [
                {
                    "lease": null,
                    "price": 306700
                }
            ],
            "unit": 19
        },
        {
            "area": 68.0,
            "floor": 3,
            "is_repurchased": false,
            "lease_price_list": [
                {
                    "lease": null,
                    "price": 315200
                }
            ],
            "unit": 19
        },
        {
            "area": 68.0,
            "floor": 5,
            "is_repurchased": false,
            "lease_price_list": [
                {
                    "lease": null,
                    "price": 326700
                }
            ],
            "unit": 19
        },
        {
            "area": 68.0,
            "floor": 32,
            "is_repurchased": false,
            "lease_price_list": [
                {
                    "lease": null,
                    "price": 371500
                }
            ],
            "unit": 19
        }
    ],
    "block_code": {
        "block_num": "590B",
        "contract": "C26",
        "neighbourhood": "N5"
    },
    "dpd_date": "31 Jan 2019",
    "flat_type": "3-Room",
    "lcd_date": "-",
    "pcd_date": "09/2017",
    "quota_chinese": 0,
    "quota_malay": 4,
    "quota_other": 4,
    "street": "ANG MO KIO ST 51",
    "town": "Ang Mo Kio"
},
{
    "apartments": [
        {
            "area": 68.0,
            "floor": 3,
            "is_repurchased": false,
            "lease_price_list": [
                {
                    "lease": null,
                    "price": 320700
                }
            ],
            "unit": 33
        },
        {
            "area": 68.0,
            "floor": 4,
            "is_repurchased": false,
            "lease_price_list": [
                {
                    "lease": null,
                    "price": 323700
                }
            ],
            "unit": 33
        },
        {
            "area": 68.0,
            "floor": 20,
            "is_repurchased": false,
            "lease_price_list": [
                {
                    "lease": null,
                    "price": 351700
                }
            ],
            "unit": 33
        },
        {
            "area": 68.0,
            "floor": 21,
            "is_repurchased": false,
            "lease_price_list": [
                {
                    "lease": null,
                    "price": 356000
                }
            ],
            "unit": 33
        },
        {
            "area": 68.0,
            "floor": 3,
            "is_repurchased": false,
            "lease_price_list": [
                {
                    "lease": null,
                    "price": 320700
                }
            ],
            "unit": 39
        },
        {
            "area": 68.0,
            "floor": 8,
            "is_repurchased": false,
            "lease_price_list": [
                {
                    "lease": null,
                    "price": 337500
                }
            ],
            "unit": 39
        },
        {
            "area": 68.0,
            "floor": 13,
            "is_repurchased": false,
            "lease_price_list": [
                {
                    "lease": null,
                    "price": 348000
                }
            ],
            "unit": 39
        },
        {
            "area": 68.0,
            "floor": 28,
            "is_repurchased": false,
            "lease_price_list": [
                {
                    "lease": null,
                    "price": 365800
                }
            ],
            "unit": 39
        },
        {
            "area": 68.0,
            "floor": 32,
            "is_repurchased": false,
            "lease_price_list": [
                {
                    "lease": null,
                    "price": 368200
                }
            ],
            "unit": 39
        }
    ],
    "block_code": {
        "block_num": "591A",
        "contract": "C26",
        "neighbourhood": "N5"
    },
    "dpd_date": "31 Jan 2019",
    "flat_type": "3-Room",
    "lcd_date": "-",
    "pcd_date": "4Q/2017",
    "quota_chinese": 4,
    "quota_malay": 9,
    "quota_other": 9,
    "street": "ANG MO KIO ST 51",
    "town": "Ang Mo Kio"
},
{
    "apartments": [
        {
            "area": 67.0,
            "floor": 10,
            "is_repurchased": true,
            "lease_price_list": [
                {
                    "lease": null,
                    "price": 229000
                }
            ],
            "unit": 2619
        }
    ],
    "block_code": {
        "block_num": "601",
        "contract": "C1",
        "neighbourhood": "N6"
    },
    "dpd_date": "NA (Keys Available)",
    "flat_type": "3-Room",
    "lcd_date": "01 Jun 1980",
    "pcd_date": "-",
    "quota_chinese": 1,
    "quota_malay": 1,
    "quota_other": 1,
    "street": "ANG MO KIO AVE 5",
    "town": "Ang Mo Kio"
},
{
    "apartments": [
        {
            "area": 67.0,
            "floor": 2,
            "is_repurchased": true,
            "lease_price_list": [
                {
                    "lease": null,
                    "price": 209000
                }
            ],
            "unit": 2807
        }
    ],
    "block_code": {
        "block_num": "611",
        "contract": "C3",
        "neighbourhood": "N6"
    },
    "dpd_date": "NA (Keys Available)",
    "flat_type": "3-Room",
    "lcd_date": "01 Jun 1980",
    "pcd_date": "-",
    "quota_chinese": 1,
    "quota_malay": 1,
    "quota_other": 1,
    "street": "ANG MO KIO AVE 5",
    "town": "Ang Mo Kio"
},
{
    "apartments": [
        {
            "area": 67.0,
            "floor": 15,
            "is_repurchased": false,
            "lease_price_list": [
                {
                    "lease": null,
                    "price": 284800
                }
            ],
            "unit": 17
        },
        {
            "area": 67.0,
            "floor": 14,
            "is_repurchased": true,
            "lease_price_list": [
                {
                    "lease": null,
                    "price": 289000
                }
            ],
            "unit": 21
        }
    ],
    "block_code": {
        "block_num": "650",
        "contract": "C28",
        "neighbourhood": "N6"
    },
    "dpd_date": "NA (Keys Available)",
    "flat_type": "3-Room",
    "lcd_date": "01 Dec 2015",
    "pcd_date": "-",
    "quota_chinese": 2,
    "quota_malay": 2,
    "quota_other": 2,
    "street": "ANG MO KIO ST 61",
    "town": "Ang Mo Kio"
},
{
    "apartments": [
        {
            "area": 68.0,
            "floor": 3,
            "is_repurchased": true,
            "lease_price_list": [
                {
                    "lease": null,
                    "price": 236500
                }
            ],
            "unit": 4036
        }
    ],
    "block_code": {
        "block_num": "713",
        "contract": "C2",
        "neighbourhood": "N7"
    },
    "dpd_date": "NA (Keys Available)",
    "flat_type": "3-Room",
    "lcd_date": "01 Jul 1980",
    "pcd_date": "-",
    "quota_chinese": 0,
    "quota_malay": 1,
    "quota_other": 1,
    "street": "ANG MO KIO AVE 6",
    "town": "Ang Mo Kio"
},
{
    "apartments": [
        {
            "area": 67.0,
            "floor": 3,
            "is_repurchased": false,
            "lease_price_list": [
                {
                    "lease": null,
                    "price": 236500
                }
            ],
            "unit": 4228
        }
    ],
    "block_code": {
        "block_num": "728",
        "contract": "C3",
        "neighbourhood": "N7"
    },
    "dpd_date": "NA (Keys Available)",
    "flat_type": "3-Room",
    "lcd_date": "01 Oct 1980",
    "pcd_date": "-",
    "quota_chinese": 0,
    "quota_malay": 1,
    "quota_other": 1,
    "street": "ANG MO KIO AVE 6",
    "town": "Ang Mo Kio"
}]
