[{
    "apartments": [
        {
            "area": 88.0,
            "floor": 10,
            "is_repurchased": true,
            "lease_price_list": [
                {
                    "lease": null,
                    "price": 331500
                }
            ],
            "unit": 877
        }
    ],
    "block_code": {
        "block_num": "215",
        "contract": "C1",
        "neighbourhood": "N2"
    },
    "dpd_date": "NA (Keys Available)",
    "flat_type": "4-Room",
    "lcd_date": "01 Apr 1976",
    "pcd_date": "-",
    "quota_chinese": 0,
    "quota_malay": 1,
    "quota_other": 1,
    "street": "ANG MO KIO AVE 1",
    "town": "Ang Mo Kio"
},
{
    "apartments": [
        {
            "area": 92.0,
            "floor": 6,
            "is_repurchased": false,
            "lease_price_list": [
                {
                    "lease": null,
                    "price": 436800
                }
            ],
            "unit": 149
        },
        {
            "area": 92.0,
            "floor": 14,
            "is_repurchased": false,
            "lease_price_list": [
                {
                    "lease": null,
                    "price": 459400
                }
            ],
            "unit": 149
        }
    ],
    "block_code": {
        "block_num": "260A",
        "contract": "C32",
        "neighbourhood": "N2"
    },
    "dpd_date": "NA (Keys Available)",
    "flat_type": "4-Room",
    "lcd_date": "01 Jun 2018",
    "pcd_date": "-",
    "quota_chinese": 1,
    "quota_malay": 2,
    "quota_other": 2,
    "street": "ANG MO KIO ST 21",
    "town": "Ang Mo Kio"
},
{
    "apartments": [
        {
            "area": 93.0,
            "floor": 13,
            "is_repurchased": false,
            "lease_price_list": [
                {
                    "lease": null,
                    "price": 459400
                }
            ],
            "unit": 153
        },
        {
            "area": 93.0,
            "floor": 7,
            "is_repurchased": false,
            "lease_price_list": [
                {
                    "lease": null,
                    "price": 436700
                }
            ],
            "unit": 161
        },
        {
            "area": 93.0,
            "floor": 13,
            "is_repurchased": false,
            "lease_price_list": [
                {
                    "lease": null,
                    "price": 447200
                }
            ],
            "unit": 161
        }
    ],
    "block_code": {
        "block_num": "260B",
        "contract": "C32",
        "neighbourhood": "N2"
    },
    "dpd_date": "NA (Keys Available)",
    "flat_type": "4-Room",
    "lcd_date": "01 Jun 2018",
    "pcd_date": "-",
    "quota_chinese": 3,
    "quota_malay": 3,
    "quota_other": 3,
    "street": "ANG MO KIO ST 21",
    "town": "Ang Mo Kio"
},
{
    "apartments": [
        {
            "area": 95.0,
            "floor": 8,
            "is_repurchased": true,
            "lease_price_list": [
                {
                    "lease": null,
                    "price": 471200
                }
            ],
            "unit": 353
        }
    ],
    "block_code": {
        "block_num": "309A",
        "contract": "RC9",
        "neighbourhood": "N3"
    },
    "dpd_date": "NA (Keys Available)",
    "flat_type": "4-Room",
    "lcd_date": "01 Apr 2006",
    "pcd_date": "-",
    "quota_chinese": 0,
    "quota_malay": 1,
    "quota_other": 1,
    "street": "ANG MO KIO ST 31",
    "town": "Ang Mo Kio"
},
{
    "apartments": [
        {
            "area": 93.0,
            "floor": 3,
            "is_repurchased": false,
            "lease_price_list": [
                {
                    "lease": null,
                    "price": 402600
                }
            ],
            "unit": 1
        },
        {
            "area": 93.0,
            "floor": 6,
            "is_repurchased": false,
            "lease_price_list": [
                {
                    "lease": null,
                    "price": 412400
                }
            ],
            "unit": 3
        }
    ],
    "block_code": {
        "block_num": "455A",
        "contract": "C25",
        "neighbourhood": "N4"
    },
    "dpd_date": "NA (Keys Available)",
    "flat_type": "4-Room",
    "lcd_date": "01 Mar 2018",
    "pcd_date": "-",
    "quota_chinese": 0,
    "quota_malay": 2,
    "quota_other": 2,
    "street": "ANG MO KIO ST 44",
    "town": "Ang Mo Kio"
},
{
    "apartments": [
        {
            "area": 93.0,
            "floor": 17,
            "is_repurchased": false,
            "lease_price_list": [
                {
                    "lease": null,
                    "price": 434700
                }
            ],
            "unit": 19
        }
    ],
    "block_code": {
        "block_num": "455B",
        "contract": "C25",
        "neighbourhood": "N4"
    },
    "dpd_date": "NA (Keys Available)",
    "flat_type": "4-Room",
    "lcd_date": "01 Mar 2018",
    "pcd_date": "-",
    "quota_chinese": 0,
    "quota_malay": 1,
    "quota_other": 1,
    "street": "ANG MO KIO ST 44",
    "town": "Ang Mo Kio"
},
{
    "apartments": [
        {
            "area": 93.0,
            "floor": 8,
            "is_repurchased": false,
            "lease_price_list": [
                {
                    "lease": null,
                    "price": 425800
                }
            ],
            "unit": 27
        },
        {
            "area": 93.0,
            "floor": 17,
            "is_repurchased": false,
            "lease_price_list": [
                {
                    "lease": null,
                    "price": 437800
                }
            ],
            "unit": 27
        },
        {
            "area": 93.0,
            "floor": 7,
            "is_repurchased": false,
            "lease_price_list": [
                {
                    "lease": null,
                    "price": 422900
                }
            ],
            "unit": 33
        },
        {
            "area": 93.0,
            "floor": 8,
            "is_repurchased": false,
            "lease_price_list": [
                {
                    "lease": null,
                    "price": 431000
                }
            ],
            "unit": 33
        },
        {
            "area": 93.0,
            "floor": 24,
            "is_repurchased": false,
            "lease_price_list": [
                {
                    "lease": null,
                    "price": 447500
                }
            ],
            "unit": 35
        }
    ],
    "block_code": {
        "block_num": "455C",
        "contract": "C25",
        "neighbourhood": "N4"
    },
    "dpd_date": "NA (Keys Available)",
    "flat_type": "4-Room",
    "lcd_date": "01 Mar 2018",
    "pcd_date": "-",
    "quota_chinese": 0,
    "quota_malay": 5,
    "quota_other": 5,
    "street": "ANG MO KIO ST 44",
    "town": "Ang Mo Kio"
},
{
    "apartments": [
        {
            "area": 92.0,
            "floor": 8,
            "is_repurchased": true,
            "lease_price_list": [
                {
                    "lease": null,
                    "price": 342000
                }
            ],
            "unit": 910
        }
    ],
    "block_code": {
        "block_num": "470",
        "contract": "C16",
        "neighbourhood": "N4"
    },
    "dpd_date": "NA (Keys Available)",
    "flat_type": "4-Room",
    "lcd_date": "01 Nov 1979",
    "pcd_date": "-",
    "quota_chinese": 0,
    "quota_malay": 1,
    "quota_other": 1,
    "street": "ANG MO KIO AVE 10",
    "town": "Ang Mo Kio"
},
{
    "apartments": [
        {
            "area": 93.0,
            "floor": 11,
            "is_repurchased": false,
            "lease_price_list": [
                {
                    "lease": null,
                    "price": 515400
                }
            ],
            "unit": 11
        },
        {
            "area": 93.0,
            "floor": 7,
            "is_repurchased": false,
            "lease_price_list": [
                {
                    "lease": null,
                    "price": 507700
                }
            ],
            "unit": 15
        }
    ],
    "block_code": {
        "block_num": "590A",
        "contract": "C26",
        "neighbourhood": "N5"
    },
    "dpd_date": "31 Jan 2019",
    "flat_type": "4-Room",
    "lcd_date": "-",
    "pcd_date": "07/2017",
    "quota_chinese": 0,
    "quota_malay": 2,
    "quota_other": 2,
    "street": "ANG MO KIO ST 51",
    "town": "Ang Mo Kio"
},
{
    "apartments": [
        {
            "area": 93.0,
            "floor": 8,
            "is_repurchased": false,
            "lease_price_list": [
                {
                    "lease": null,
                    "price": 506200
                }
            ],
            "unit": 31
        }
    ],
    "block_code": {
        "block_num": "590B",
        "contract": "C26",
        "neighbourhood": "N5"
    },
    "dpd_date": "31 Jan 2019",
    "flat_type": "4-Room",
    "lcd_date": "-",
    "pcd_date": "09/2017",
    "quota_chinese": 0,
    "quota_malay": 1,
    "quota_other": 1,
    "street": "ANG MO KIO ST 51",
    "town": "Ang Mo Kio"
},
{
    "apartments": [
        {
            "area": 93.0,
            "floor": 2,
            "is_repurchased": false,
            "lease_price_list": [
                {
                    "lease": null,
                    "price": 473800
                }
            ],
            "unit": 35
        },
        {
            "area": 93.0,
            "floor": 3,
            "is_repurchased": false,
            "lease_price_list": [
                {
                    "lease": null,
                    "price": 478300
                }
            ],
            "unit": 35
        },
        {
            "area": 93.0,
            "floor": 2,
            "is_repurchased": false,
            "lease_price_list": [
                {
                    "lease": null,
                    "price": 473800
                }
            ],
            "unit": 37
        },
        {
            "area": 93.0,
            "floor": 3,
            "is_repurchased": false,
            "lease_price_list": [
                {
                    "lease": null,
                    "price": 478300
                }
            ],
            "unit": 37
        },
        {
            "area": 93.0,
            "floor": 4,
            "is_repurchased": false,
            "lease_price_list": [
                {
                    "lease": null,
                    "price": 482800
                }
            ],
            "unit": 37
        },
        {
            "area": 93.0,
            "floor": 2,
            "is_repurchased": false,
            "lease_price_list": [
                {
                    "lease": null,
                    "price": 490600
                }
            ],
            "unit": 41
        },
        {
            "area": 93.0,
            "floor": 9,
            "is_repurchased": false,
            "lease_price_list": [
                {
                    "lease": null,
                    "price": 516000
                }
            ],
            "unit": 41
        },
        {
            "area": 93.0,
            "floor": 2,
            "is_repurchased": false,
            "lease_price_list": [
                {
                    "lease": null,
                    "price": 482200
                }
            ],
            "unit": 45
        },
        {
            "area": 93.0,
            "floor": 2,
            "is_repurchased": false,
            "lease_price_list": [
                {
                    "lease": null,
                    "price": 482200
                }
            ],
            "unit": 47
        },
        {
            "area": 93.0,
            "floor": 3,
            "is_repurchased": false,
            "lease_price_list": [
                {
                    "lease": null,
                    "price": 486700
                }
            ],
            "unit": 47
        },
        {
            "area": 93.0,
            "floor": 16,
            "is_repurchased": false,
            "lease_price_list": [
                {
                    "lease": null,
                    "price": 521600
                }
            ],
            "unit": 47
        },
        {
            "area": 93.0,
            "floor": 27,
            "is_repurchased": false,
            "lease_price_list": [
                {
                    "lease": null,
                    "price": 541200
                }
            ],
            "unit": 47
        }
    ],
    "block_code": {
        "block_num": "591A",
        "contract": "C26",
        "neighbourhood": "N5"
    },
    "dpd_date": "31 Jan 2019",
    "flat_type": "4-Room",
    "lcd_date": "-",
    "pcd_date": "4Q/2017",
    "quota_chinese": 0,
    "quota_malay": 12,
    "quota_other": 12,
    "street": "ANG MO KIO ST 51",
    "town": "Ang Mo Kio"
},
{
    "apartments": [
        {
            "area": 91.0,
            "floor": 2,
            "is_repurchased": true,
            "lease_price_list": [
                {
                    "lease": null,
                    "price": 328700
                }
            ],
            "unit": 1119
        }
    ],
    "block_code": {
        "block_num": "612",
        "contract": "C2",
        "neighbourhood": "N6"
    },
    "dpd_date": "NA (Keys Available)",
    "flat_type": "4-Room",
    "lcd_date": "01 Aug 1980",
    "pcd_date": "-",
    "quota_chinese": 0,
    "quota_malay": 1,
    "quota_other": 1,
    "street": "ANG MO KIO AVE 4",
    "town": "Ang Mo Kio"
}]
