[{
    "apartments": [
        {
            "area": 113.0,
            "floor": 15,
            "is_repurchased": false,
            "lease_price_list": [
                {
                    "lease": null,
                    "price": 569700
                }
            ],
            "unit": 141
        },
        {
            "area": 113.0,
            "floor": 16,
            "is_repurchased": false,
            "lease_price_list": [
                {
                    "lease": null,
                    "price": 571300
                }
            ],
            "unit": 141
        },
        {
            "area": 113.0,
            "floor": 13,
            "is_repurchased": false,
            "lease_price_list": [
                {
                    "lease": null,
                    "price": 566500
                }
            ],
            "unit": 147
        }
    ],
    "block_code": {
        "block_num": "260A",
        "contract": "C32",
        "neighbourhood": "N2"
    },
    "dpd_date": "NA (Keys Available)",
    "flat_type": "5-Room",
    "lcd_date": "01 Jun 2018",
    "pcd_date": "-",
    "quota_chinese": 3,
    "quota_malay": 3,
    "quota_other": 3,
    "street": "ANG MO KIO ST 21",
    "town": "Ang Mo Kio"
},
{
    "apartments": [
        {
            "area": 113.0,
            "floor": 3,
            "is_repurchased": false,
            "lease_price_list": [
                {
                    "lease": null,
                    "price": 520900
                }
            ],
            "unit": 151
        }
    ],
    "block_code": {
        "block_num": "260B",
        "contract": "C32",
        "neighbourhood": "N2"
    },
    "dpd_date": "NA (Keys Available)",
    "flat_type": "5-Room",
    "lcd_date": "01 Jun 2018",
    "pcd_date": "-",
    "quota_chinese": 1,
    "quota_malay": 1,
    "quota_other": 1,
    "street": "ANG MO KIO ST 21",
    "town": "Ang Mo Kio"
},
{
    "apartments": [
        {
            "area": 110.0,
            "floor": 2,
            "is_repurchased": true,
            "lease_price_list": [
                {
                    "lease": null,
                    "price": 571900
                }
            ],
            "unit": 315
        }
    ],
    "block_code": {
        "block_num": "315B",
        "contract": "RC9",
        "neighbourhood": "N3"
    },
    "dpd_date": "NA (Keys Available)",
    "flat_type": "5-Room",
    "lcd_date": "01 Jan 2006",
    "pcd_date": "-",
    "quota_chinese": 0,
    "quota_malay": 1,
    "quota_other": 1,
    "street": "ANG MO KIO ST 31",
    "town": "Ang Mo Kio"
},
{
    "apartments": [
        {
            "area": 113.0,
            "floor": 18,
            "is_repurchased": false,
            "lease_price_list": [
                {
                    "lease": null,
                    "price": 543800
                }
            ],
            "unit": 9
        },
        {
            "area": 113.0,
            "floor": 2,
            "is_repurchased": false,
            "lease_price_list": [
                {
                    "lease": null,
                    "price": 484000
                }
            ],
            "unit": 11
        }
    ],
    "block_code": {
        "block_num": "455A",
        "contract": "C25",
        "neighbourhood": "N4"
    },
    "dpd_date": "NA (Keys Available)",
    "flat_type": "5-Room",
    "lcd_date": "01 Mar 2018",
    "pcd_date": "-",
    "quota_chinese": 0,
    "quota_malay": 2,
    "quota_other": 2,
    "street": "ANG MO KIO ST 44",
    "town": "Ang Mo Kio"
},
{
    "apartments": [
        {
            "area": 113.0,
            "floor": 14,
            "is_repurchased": false,
            "lease_price_list": [
                {
                    "lease": null,
                    "price": 555600
                }
            ],
            "unit": 13
        },
        {
            "area": 113.0,
            "floor": 32,
            "is_repurchased": false,
            "lease_price_list": [
                {
                    "lease": null,
                    "price": 573600
                }
            ],
            "unit": 13
        },
        {
            "area": 113.0,
            "floor": 31,
            "is_repurchased": false,
            "lease_price_list": [
                {
                    "lease": null,
                    "price": 573600
                }
            ],
            "unit": 15
        }
    ],
    "block_code": {
        "block_num": "455B",
        "contract": "C25",
        "neighbourhood": "N4"
    },
    "dpd_date": "NA (Keys Available)",
    "flat_type": "5-Room",
    "lcd_date": "01 Mar 2018",
    "pcd_date": "-",
    "quota_chinese": 0,
    "quota_malay": 3,
    "quota_other": 3,
    "street": "ANG MO KIO ST 44",
    "town": "Ang Mo Kio"
},
{
    "apartments": [
        {
            "area": 120.0,
            "floor": 9,
            "is_repurchased": true,
            "lease_price_list": [
                {
                    "lease": null,
                    "price": 520600
                }
            ],
            "unit": 1582
        }
    ],
    "block_code": {
        "block_num": "460",
        "contract": "C14",
        "neighbourhood": "N4"
    },
    "dpd_date": "NA (Keys Available)",
    "flat_type": "5-Room",
    "lcd_date": "01 Jan 1980",
    "pcd_date": "-",
    "quota_chinese": 0,
    "quota_malay": 1,
    "quota_other": 1,
    "street": "ANG MO KIO AVE 10",
    "town": "Ang Mo Kio"
},
{
    "apartments": [
        {
            "area": 121.0,
            "floor": 3,
            "is_repurchased": true,
            "lease_price_list": [
                {
                    "lease": null,
                    "price": 460700
                }
            ],
            "unit": 3706
        }
    ],
    "block_code": {
        "block_num": "501",
        "contract": "C13",
        "neighbourhood": "N5"
    },
    "dpd_date": "NA (Keys Available)",
    "flat_type": "5-Room",
    "lcd_date": "01 Jan 1981",
    "pcd_date": "-",
    "quota_chinese": 0,
    "quota_malay": 1,
    "quota_other": 1,
    "street": "ANG MO KIO AVE 5",
    "town": "Ang Mo Kio"
},
{
    "apartments": [
        {
            "area": 118.0,
            "floor": 5,
            "is_repurchased": true,
            "lease_price_list": [
                {
                    "lease": null,
                    "price": 466400
                }
            ],
            "unit": 2222
        }
    ],
    "block_code": {
        "block_num": "551",
        "contract": "C15B",
        "neighbourhood": "N5"
    },
    "dpd_date": "NA (Keys Available)",
    "flat_type": "5-Room",
    "lcd_date": "01 Jan 1981",
    "pcd_date": "-",
    "quota_chinese": 0,
    "quota_malay": 1,
    "quota_other": 1,
    "street": "ANG MO KIO AVE 10",
    "town": "Ang Mo Kio"
}]
