{
    "blocks": [
        {
            "apartments": [
                {
                    "area": 45,
                    "floor": 12,
                    "is_repurchased": true,
                    "lease_price_list": [
                        {
                            "lease": 15,
                            "price": 86100
                        },
                        {
                            "lease": 20,
                            "price": 102200
                        },
                        {
                            "lease": 25,
                            "price": 115500
                        },
                        {
                            "lease": 30,
                            "price": 126400
                        },
                        {
                            "lease": 35,
                            "price": 135700
                        },
                        {
                            "lease": 40,
                            "price": 143500
                        },
                        {
                            "lease": 45,
                            "price": 150200
                        }
                    ],
                    "unit": 121
                },
                {
                    "area": 45,
                    "floor": 4,
                    "is_repurchased": true,
                    "lease_price_list": [
                        {
                            "lease": 15,
                            "price": 85100
                        },
                        {
                            "lease": 20,
                            "price": 101000
                        },
                        {
                            "lease": 25,
                            "price": 114100
                        },
                        {
                            "lease": 30,
                            "price": 124800
                        },
                        {
                            "lease": 35,
                            "price": 133900
                        },
                        {
                            "lease": 40,
                            "price": 141700
                        },
                        {
                            "lease": 45,
                            "price": 148200
                        }
                    ],
                    "unit": 131
                },
                {
                    "area": 45,
                    "floor": 7,
                    "is_repurchased": true,
                    "lease_price_list": [
                        {
                            "lease": 15,
                            "price": 85500
                        },
                        {
                            "lease": 20,
                            "price": 101400
                        },
                        {
                            "lease": 25,
                            "price": 114600
                        },
                        {
                            "lease": 30,
                            "price": 125400
                        },
                        {
                            "lease": 35,
                            "price": 134600
                        },
                        {
                            "lease": 40,
                            "price": 142400
                        },
                        {
                            "lease": 45,
                            "price": 149000
                        }
                    ],
                    "unit": 131
                },
                {
                    "area": 45,
                    "floor": 8,
                    "is_repurchased": true,
                    "lease_price_list": [
                        {
                            "lease": 15,
                            "price": 85600
                        },
                        {
                            "lease": 20,
                            "price": 101600
                        },
                        {
                            "lease": 25,
                            "price": 114800
                        },
                        {
                            "lease": 30,
                            "price": 125600
                        },
                        {
                            "lease": 35,
                            "price": 134800
                        },
                        {
                            "lease": 40,
                            "price": 142600
                        },
                        {
                            "lease": 45,
                            "price": 149200
                        }
                    ],
                    "unit": 131
                },
                {
                    "area": 45,
                    "floor": 11,
                    "is_repurchased": true,
                    "lease_price_list": [
                        {
                            "lease": 15,
                            "price": 86000
                        },
                        {
                            "lease": 20,
                            "price": 102100
                        },
                        {
                            "lease": 25,
                            "price": 115300
                        },
                        {
                            "lease": 30,
                            "price": 126200
                        },
                        {
                            "lease": 35,
                            "price": 135400
                        },
                        {
                            "lease": 40,
                            "price": 143300
                        },
                        {
                            "lease": 45,
                            "price": 149900
                        }
                    ],
                    "unit": 133
                },
                {
                    "area": 45,
                    "floor": 11,
                    "is_repurchased": true,
                    "lease_price_list": [
                        {
                            "lease": 15,
                            "price": 86000
                        },
                        {
                            "lease": 20,
                            "price": 102100
                        },
                        {
                            "lease": 25,
                            "price": 115300
                        },
                        {
                            "lease": 30,
                            "price": 126200
                        },
                        {
                            "lease": 35,
                            "price": 135400
                        },
                        {
                            "lease": 40,
                            "price": 143300
                        },
                        {
                            "lease": 45,
                            "price": 149900
                        }
                    ],
                    "unit": 141
                }
            ],
            "block_code": {
                "block_num": "62B",
                "contract": "RC32",
                "neighbourhood": "N2"
            },
            "dpd_date": null,
            "flat_type": "2-Room Flexi (Short Lease)",
            "lcd_date": null,
            "pcd_date": null,
            "quota_chinese": 6,
            "quota_malay": 4,
            "quota_other": 6,
            "street": "LORONG 4 TOA PAYOH",
            "town": "Toa Payoh",
            "title": "HDB-TOA PAYOH",
            "lat": 1.33583993428392,
            "long": 103.851278326324,
            "postal": 312062
        },
        {
            "apartments": [
                {
                    "area": 37,
                    "floor": 33,
                    "is_repurchased": false,
                    "lease_price_list": [
                        {
                            "lease": 15,
                            "price": 80800
                        },
                        {
                            "lease": 20,
                            "price": 94600
                        },
                        {
                            "lease": 25,
                            "price": 106100
                        },
                        {
                            "lease": 30,
                            "price": 115400
                        },
                        {
                            "lease": 35,
                            "price": 123400
                        },
                        {
                            "lease": 40,
                            "price": 130100
                        },
                        {
                            "lease": 45,
                            "price": 135800
                        }
                    ],
                    "unit": 528
                },
                {
                    "area": 37,
                    "floor": 25,
                    "is_repurchased": false,
                    "lease_price_list": [
                        {
                            "lease": 15,
                            "price": 78700
                        },
                        {
                            "lease": 20,
                            "price": 92100
                        },
                        {
                            "lease": 25,
                            "price": 103100
                        },
                        {
                            "lease": 30,
                            "price": 112200
                        },
                        {
                            "lease": 35,
                            "price": 119900
                        },
                        {
                            "lease": 40,
                            "price": 126500
                        },
                        {
                            "lease": 45,
                            "price": 132000
                        }
                    ],
                    "unit": 530
                },
                {
                    "area": 37,
                    "floor": 26,
                    "is_repurchased": false,
                    "lease_price_list": [
                        {
                            "lease": 15,
                            "price": 78900
                        },
                        {
                            "lease": 20,
                            "price": 92400
                        },
                        {
                            "lease": 25,
                            "price": 103500
                        },
                        {
                            "lease": 30,
                            "price": 112600
                        },
                        {
                            "lease": 35,
                            "price": 120300
                        },
                        {
                            "lease": 40,
                            "price": 126900
                        },
                        {
                            "lease": 45,
                            "price": 132500
                        }
                    ],
                    "unit": 530
                },
                {
                    "area": 37,
                    "floor": 31,
                    "is_repurchased": false,
                    "lease_price_list": [
                        {
                            "lease": 15,
                            "price": 80300
                        },
                        {
                            "lease": 20,
                            "price": 94000
                        },
                        {
                            "lease": 25,
                            "price": 105300
                        },
                        {
                            "lease": 30,
                            "price": 114600
                        },
                        {
                            "lease": 35,
                            "price": 122500
                        },
                        {
                            "lease": 40,
                            "price": 129200
                        },
                        {
                            "lease": 45,
                            "price": 134900
                        }
                    ],
                    "unit": 530
                },
                {
                    "area": 37,
                    "floor": 33,
                    "is_repurchased": false,
                    "lease_price_list": [
                        {
                            "lease": 15,
                            "price": 80800
                        },
                        {
                            "lease": 20,
                            "price": 94600
                        },
                        {
                            "lease": 25,
                            "price": 106100
                        },
                        {
                            "lease": 30,
                            "price": 115400
                        },
                        {
                            "lease": 35,
                            "price": 123400
                        },
                        {
                            "lease": 40,
                            "price": 130100
                        },
                        {
                            "lease": 45,
                            "price": 135800
                        }
                    ],
                    "unit": 530
                },
                {
                    "area": 37,
                    "floor": 34,
                    "is_repurchased": false,
                    "lease_price_list": [
                        {
                            "lease": 15,
                            "price": 81100
                        },
                        {
                            "lease": 20,
                            "price": 95000
                        },
                        {
                            "lease": 25,
                            "price": 106400
                        },
                        {
                            "lease": 30,
                            "price": 115800
                        },
                        {
                            "lease": 35,
                            "price": 123800
                        },
                        {
                            "lease": 40,
                            "price": 130600
                        },
                        {
                            "lease": 45,
                            "price": 136300
                        }
                    ],
                    "unit": 530
                },
                {
                    "area": 37,
                    "floor": 35,
                    "is_repurchased": false,
                    "lease_price_list": [
                        {
                            "lease": 15,
                            "price": 81300
                        },
                        {
                            "lease": 20,
                            "price": 95300
                        },
                        {
                            "lease": 25,
                            "price": 106800
                        },
                        {
                            "lease": 30,
                            "price": 116200
                        },
                        {
                            "lease": 35,
                            "price": 124200
                        },
                        {
                            "lease": 40,
                            "price": 131000
                        },
                        {
                            "lease": 45,
                            "price": 136800
                        }
                    ],
                    "unit": 530
                },
                {
                    "area": 37,
                    "floor": 36,
                    "is_repurchased": false,
                    "lease_price_list": [
                        {
                            "lease": 15,
                            "price": 81600
                        },
                        {
                            "lease": 20,
                            "price": 95600
                        },
                        {
                            "lease": 25,
                            "price": 107200
                        },
                        {
                            "lease": 30,
                            "price": 116600
                        },
                        {
                            "lease": 35,
                            "price": 124700
                        },
                        {
                            "lease": 40,
                            "price": 131500
                        },
                        {
                            "lease": 45,
                            "price": 137300
                        }
                    ],
                    "unit": 530
                },
                {
                    "area": 37,
                    "floor": 37,
                    "is_repurchased": false,
                    "lease_price_list": [
                        {
                            "lease": 15,
                            "price": 81900
                        },
                        {
                            "lease": 20,
                            "price": 95900
                        },
                        {
                            "lease": 25,
                            "price": 107500
                        },
                        {
                            "lease": 30,
                            "price": 117000
                        },
                        {
                            "lease": 35,
                            "price": 125100
                        },
                        {
                            "lease": 40,
                            "price": 131900
                        },
                        {
                            "lease": 45,
                            "price": 137700
                        }
                    ],
                    "unit": 530
                },
                {
                    "area": 47,
                    "floor": 24,
                    "is_repurchased": false,
                    "lease_price_list": [
                        {
                            "lease": 15,
                            "price": 97600
                        },
                        {
                            "lease": 20,
                            "price": 114600
                        },
                        {
                            "lease": 25,
                            "price": 128600
                        },
                        {
                            "lease": 30,
                            "price": 140100
                        },
                        {
                            "lease": 35,
                            "price": 149900
                        },
                        {
                            "lease": 40,
                            "price": 158200
                        },
                        {
                            "lease": 45,
                            "price": 165200
                        }
                    ],
                    "unit": 536
                }
            ],
            "block_code": {
                "block_num": "131A",
                "contract": "C28",
                "neighbourhood": "N4"
            },
            "dpd_date": {
                "year": 2018,
                "month": 7,
                "day": 31,
                "quarter": null,
                "months_since": 14
            },
            "flat_type": "2-Room Flexi (Short Lease)",
            "lcd_date": null,
            "pcd_date": {
                "year": 2017,
                "month": 7,
                "day": null,
                "quarter": null,
                "months_since": 2
            },
            "quota_chinese": 6,
            "quota_malay": 10,
            "quota_other": 10,
            "street": "LORONG 1 TOA PAYOH",
            "town": "Toa Payoh",
            "title": "TOA PAYOH CREST",
            "lat": 1.33844074404188,
            "long": 103.843388798524,
            "postal": 311131
        },
        {
            "apartments": [
                {
                    "area": 47,
                    "floor": 32,
                    "is_repurchased": false,
                    "lease_price_list": [
                        {
                            "lease": 15,
                            "price": 99700
                        },
                        {
                            "lease": 20,
                            "price": 117200
                        },
                        {
                            "lease": 25,
                            "price": 131500
                        },
                        {
                            "lease": 30,
                            "price": 143300
                        },
                        {
                            "lease": 35,
                            "price": 153300
                        },
                        {
                            "lease": 40,
                            "price": 161800
                        },
                        {
                            "lease": 45,
                            "price": 169000
                        }
                    ],
                    "unit": 540
                },
                {
                    "area": 47,
                    "floor": 6,
                    "is_repurchased": false,
                    "lease_price_list": [
                        {
                            "lease": 15,
                            "price": 92000
                        },
                        {
                            "lease": 20,
                            "price": 107900
                        },
                        {
                            "lease": 25,
                            "price": 121000
                        },
                        {
                            "lease": 30,
                            "price": 131700
                        },
                        {
                            "lease": 35,
                            "price": 140800
                        },
                        {
                            "lease": 40,
                            "price": 148600
                        },
                        {
                            "lease": 45,
                            "price": 155100
                        }
                    ],
                    "unit": 542
                },
                {
                    "area": 47,
                    "floor": 33,
                    "is_repurchased": false,
                    "lease_price_list": [
                        {
                            "lease": 15,
                            "price": 100000
                        },
                        {
                            "lease": 20,
                            "price": 117500
                        },
                        {
                            "lease": 25,
                            "price": 131900
                        },
                        {
                            "lease": 30,
                            "price": 143700
                        },
                        {
                            "lease": 35,
                            "price": 153800
                        },
                        {
                            "lease": 40,
                            "price": 162300
                        },
                        {
                            "lease": 45,
                            "price": 169500
                        }
                    ],
                    "unit": 542
                },
                {
                    "area": 37,
                    "floor": 12,
                    "is_repurchased": false,
                    "lease_price_list": [
                        {
                            "lease": 15,
                            "price": 78300
                        },
                        {
                            "lease": 20,
                            "price": 91600
                        },
                        {
                            "lease": 25,
                            "price": 102600
                        },
                        {
                            "lease": 30,
                            "price": 111600
                        },
                        {
                            "lease": 35,
                            "price": 119300
                        },
                        {
                            "lease": 40,
                            "price": 125800
                        },
                        {
                            "lease": 45,
                            "price": 131300
                        }
                    ],
                    "unit": 544
                },
                {
                    "area": 37,
                    "floor": 19,
                    "is_repurchased": false,
                    "lease_price_list": [
                        {
                            "lease": 15,
                            "price": 80100
                        },
                        {
                            "lease": 20,
                            "price": 93800
                        },
                        {
                            "lease": 25,
                            "price": 105100
                        },
                        {
                            "lease": 30,
                            "price": 114400
                        },
                        {
                            "lease": 35,
                            "price": 122300
                        },
                        {
                            "lease": 40,
                            "price": 129000
                        },
                        {
                            "lease": 45,
                            "price": 134600
                        }
                    ],
                    "unit": 544
                },
                {
                    "area": 37,
                    "floor": 21,
                    "is_repurchased": false,
                    "lease_price_list": [
                        {
                            "lease": 15,
                            "price": 80700
                        },
                        {
                            "lease": 20,
                            "price": 94500
                        },
                        {
                            "lease": 25,
                            "price": 105900
                        },
                        {
                            "lease": 30,
                            "price": 115200
                        },
                        {
                            "lease": 35,
                            "price": 123100
                        },
                        {
                            "lease": 40,
                            "price": 129900
                        },
                        {
                            "lease": 45,
                            "price": 135600
                        }
                    ],
                    "unit": 544
                },
                {
                    "area": 37,
                    "floor": 22,
                    "is_repurchased": false,
                    "lease_price_list": [
                        {
                            "lease": 15,
                            "price": 80900
                        },
                        {
                            "lease": 20,
                            "price": 94800
                        },
                        {
                            "lease": 25,
                            "price": 106200
                        },
                        {
                            "lease": 30,
                            "price": 115600
                        },
                        {
                            "lease": 35,
                            "price": 123600
                        },
                        {
                            "lease": 40,
                            "price": 130300
                        },
                        {
                            "lease": 45,
                            "price": 136100
                        }
                    ],
                    "unit": 544
                },
                {
                    "area": 37,
                    "floor": 26,
                    "is_repurchased": false,
                    "lease_price_list": [
                        {
                            "lease": 15,
                            "price": 82000
                        },
                        {
                            "lease": 20,
                            "price": 96100
                        },
                        {
                            "lease": 25,
                            "price": 107700
                        },
                        {
                            "lease": 30,
                            "price": 117200
                        },
                        {
                            "lease": 35,
                            "price": 125300
                        },
                        {
                            "lease": 40,
                            "price": 132200
                        },
                        {
                            "lease": 45,
                            "price": 138000
                        }
                    ],
                    "unit": 544
                },
                {
                    "area": 37,
                    "floor": 27,
                    "is_repurchased": false,
                    "lease_price_list": [
                        {
                            "lease": 15,
                            "price": 82300
                        },
                        {
                            "lease": 20,
                            "price": 96400
                        },
                        {
                            "lease": 25,
                            "price": 108100
                        },
                        {
                            "lease": 30,
                            "price": 117600
                        },
                        {
                            "lease": 35,
                            "price": 125700
                        },
                        {
                            "lease": 40,
                            "price": 132600
                        },
                        {
                            "lease": 45,
                            "price": 138400
                        }
                    ],
                    "unit": 544
                },
                {
                    "area": 37,
                    "floor": 31,
                    "is_repurchased": false,
                    "lease_price_list": [
                        {
                            "lease": 15,
                            "price": 83300
                        },
                        {
                            "lease": 20,
                            "price": 97700
                        },
                        {
                            "lease": 25,
                            "price": 109500
                        },
                        {
                            "lease": 30,
                            "price": 119200
                        },
                        {
                            "lease": 35,
                            "price": 127400
                        },
                        {
                            "lease": 40,
                            "price": 134400
                        },
                        {
                            "lease": 45,
                            "price": 140400
                        }
                    ],
                    "unit": 544
                },
                {
                    "area": 37,
                    "floor": 34,
                    "is_repurchased": false,
                    "lease_price_list": [
                        {
                            "lease": 15,
                            "price": 84100
                        },
                        {
                            "lease": 20,
                            "price": 98600
                        },
                        {
                            "lease": 25,
                            "price": 110600
                        },
                        {
                            "lease": 30,
                            "price": 120400
                        },
                        {
                            "lease": 35,
                            "price": 128700
                        },
                        {
                            "lease": 40,
                            "price": 135800
                        },
                        {
                            "lease": 45,
                            "price": 141800
                        }
                    ],
                    "unit": 544
                },
                {
                    "area": 37,
                    "floor": 35,
                    "is_repurchased": false,
                    "lease_price_list": [
                        {
                            "lease": 15,
                            "price": 84400
                        },
                        {
                            "lease": 20,
                            "price": 99000
                        },
                        {
                            "lease": 25,
                            "price": 111000
                        },
                        {
                            "lease": 30,
                            "price": 120800
                        },
                        {
                            "lease": 35,
                            "price": 129200
                        },
                        {
                            "lease": 40,
                            "price": 136300
                        },
                        {
                            "lease": 45,
                            "price": 142300
                        }
                    ],
                    "unit": 544
                },
                {
                    "area": 37,
                    "floor": 36,
                    "is_repurchased": false,
                    "lease_price_list": [
                        {
                            "lease": 15,
                            "price": 84700
                        },
                        {
                            "lease": 20,
                            "price": 99300
                        },
                        {
                            "lease": 25,
                            "price": 111300
                        },
                        {
                            "lease": 30,
                            "price": 121200
                        },
                        {
                            "lease": 35,
                            "price": 129600
                        },
                        {
                            "lease": 40,
                            "price": 136700
                        },
                        {
                            "lease": 45,
                            "price": 142800
                        }
                    ],
                    "unit": 544
                },
                {
                    "area": 37,
                    "floor": 37,
                    "is_repurchased": false,
                    "lease_price_list": [
                        {
                            "lease": 15,
                            "price": 84900
                        },
                        {
                            "lease": 20,
                            "price": 99600
                        },
                        {
                            "lease": 25,
                            "price": 111700
                        },
                        {
                            "lease": 30,
                            "price": 121600
                        },
                        {
                            "lease": 35,
                            "price": 130000
                        },
                        {
                            "lease": 40,
                            "price": 137200
                        },
                        {
                            "lease": 45,
                            "price": 143200
                        }
                    ],
                    "unit": 544
                },
                {
                    "area": 37,
                    "floor": 39,
                    "is_repurchased": false,
                    "lease_price_list": [
                        {
                            "lease": 15,
                            "price": 85500
                        },
                        {
                            "lease": 20,
                            "price": 100200
                        },
                        {
                            "lease": 25,
                            "price": 112400
                        },
                        {
                            "lease": 30,
                            "price": 122400
                        },
                        {
                            "lease": 35,
                            "price": 130900
                        },
                        {
                            "lease": 40,
                            "price": 138100
                        },
                        {
                            "lease": 45,
                            "price": 144200
                        }
                    ],
                    "unit": 544
                }
            ],
            "block_code": {
                "block_num": "131B",
                "contract": "C28",
                "neighbourhood": "N4"
            },
            "dpd_date": {
                "year": 2018,
                "month": 7,
                "day": 31,
                "quarter": null,
                "months_since": 14
            },
            "flat_type": "2-Room Flexi (Short Lease)",
            "lcd_date": null,
            "pcd_date": {
                "year": 2017,
                "month": 7,
                "day": null,
                "quarter": null,
                "months_since": 2
            },
            "quota_chinese": 4,
            "quota_malay": 15,
            "quota_other": 15,
            "street": "LORONG 1 TOA PAYOH",
            "town": "Toa Payoh",
            "title": "TOA PAYOH CREST",
            "lat": 1.33830495965698,
            "long": 103.84284315696,
            "postal": 312131
        },
        {
            "apartments": [
                {
                    "area": 47,
                    "floor": 24,
                    "is_repurchased": false,
                    "lease_price_list": [
                        {
                            "lease": 15,
                            "price": 78000
                        },
                        {
                            "lease": 20,
                            "price": 91100
                        },
                        {
                            "lease": 25,
                            "price": 101900
                        },
                        {
                            "lease": 30,
                            "price": 110800
                        },
                        {
                            "lease": 35,
                            "price": 118300
                        },
                        {
                            "lease": 40,
                            "price": 124700
                        },
                        {
                            "lease": 45,
                            "price": 130100
                        }
                    ],
                    "unit": 508
                }
            ],
            "block_code": {
                "block_num": "196",
                "contract": "C24",
                "neighbourhood": "N1"
            },
            "dpd_date": null,
            "flat_type": "2-Room Flexi (Short Lease)",
            "lcd_date": null,
            "pcd_date": null,
            "quota_chinese": 1,
            "quota_malay": 1,
            "quota_other": 1,
            "street": "KIM KEAT AVENUE",
            "town": "Toa Payoh",
            "title": "GOLDEN CLOVER",
            "lat": 1.33130492413521,
            "long": 103.859019241044,
            "postal": 310196
        }
    ]
}