{
    "blocks": [
        {
            "apartments": [
                {
                    "area": 47,
                    "floor": 14,
                    "is_repurchased": false,
                    "lease_price_list": [
                        {
                            "lease": 15,
                            "price": 37400
                        },
                        {
                            "lease": 20,
                            "price": 44300
                        },
                        {
                            "lease": 25,
                            "price": 49900
                        },
                        {
                            "lease": 30,
                            "price": 54600
                        },
                        {
                            "lease": 35,
                            "price": 58500
                        },
                        {
                            "lease": 40,
                            "price": 61800
                        },
                        {
                            "lease": 45,
                            "price": 64700
                        },
                        {
                            "lease": 99,
                            "price": 106000
                        }
                    ],
                    "unit": 559
                }
            ],
            "block_code": {
                "block_num": "104D",
                "contract": "C2",
                "neighbourhood": "N1"
            },
            "dpd_date": null,
            "flat_type": "2-Room Flexi (Short Lease/99-Year Lease)",
            "lcd_date": {
                "year": 2018,
                "month": 7,
                "day": 1,
                "quarter": null,
                "months_since": 14
            },
            "pcd_date": null,
            "quota_chinese": 1,
            "quota_malay": 1,
            "quota_other": 0,
            "street": "CANBERRA STREET",
            "town": "Sembawang",
            "title": "EASTBROOK @ CANBERRA",
            "lat": 1.44986411375676,
            "long": 103.832472736521,
            "postal": 754104
        },
        {
            "apartments": [
                {
                    "area": 47,
                    "floor": 11,
                    "is_repurchased": false,
                    "lease_price_list": [
                        {
                            "lease": 15,
                            "price": 38500
                        },
                        {
                            "lease": 20,
                            "price": 45600
                        },
                        {
                            "lease": 25,
                            "price": 51400
                        },
                        {
                            "lease": 30,
                            "price": 56200
                        },
                        {
                            "lease": 35,
                            "price": 60200
                        },
                        {
                            "lease": 40,
                            "price": 63700
                        },
                        {
                            "lease": 45,
                            "price": 66600
                        },
                        {
                            "lease": 99,
                            "price": 109100
                        }
                    ],
                    "unit": 117
                }
            ],
            "block_code": {
                "block_num": "115A",
                "contract": "C5",
                "neighbourhood": "N1"
            },
            "dpd_date": {
                "year": 2018,
                "month": 6,
                "day": 30,
                "quarter": null,
                "months_since": 13
            },
            "flat_type": "2-Room Flexi (Short Lease/99-Year Lease)",
            "lcd_date": null,
            "pcd_date": {
                "year": 2017,
                "month": 7,
                "day": null,
                "quarter": null,
                "months_since": 2
            },
            "quota_chinese": 1,
            "quota_malay": 1,
            "quota_other": 0,
            "street": "CANBERRA WALK",
            "town": "Sembawang",
            "title": "EASTLACE @ CANBERRA",
            "lat": 1.44662215217978,
            "long": 103.829140768756,
            "postal": 751115
        },
        {
            "apartments": [
                {
                    "area": 47,
                    "floor": 9,
                    "is_repurchased": false,
                    "lease_price_list": [
                        {
                            "lease": 15,
                            "price": 42700
                        },
                        {
                            "lease": 20,
                            "price": 50700
                        },
                        {
                            "lease": 25,
                            "price": 57300
                        },
                        {
                            "lease": 30,
                            "price": 62700
                        },
                        {
                            "lease": 35,
                            "price": 67200
                        },
                        {
                            "lease": 40,
                            "price": 71100
                        },
                        {
                            "lease": 45,
                            "price": 74400
                        },
                        {
                            "lease": 99,
                            "price": 122500
                        }
                    ],
                    "unit": 308
                }
            ],
            "block_code": {
                "block_num": "116A",
                "contract": "C6",
                "neighbourhood": "N1"
            },
            "dpd_date": {
                "year": 2020,
                "month": 4,
                "day": 30,
                "quarter": null,
                "months_since": 35
            },
            "flat_type": "2-Room Flexi (Short Lease/99-Year Lease)",
            "lcd_date": null,
            "pcd_date": {
                "year": 2019,
                "month": null,
                "day": null,
                "quarter": 2,
                "months_since": 25
            },
            "quota_chinese": 1,
            "quota_malay": 1,
            "quota_other": 1,
            "street": "CANBERRA CRESCENT",
            "town": "Sembawang",
            "title": "EASTLINK II @ CANBERRA",
            "lat": 1.44538508707197,
            "long": 103.830023269172,
            "postal": 751116
        },
        {
            "apartments": [
                {
                    "area": 47,
                    "floor": 8,
                    "is_repurchased": false,
                    "lease_price_list": [
                        {
                            "lease": 15,
                            "price": 42400
                        },
                        {
                            "lease": 20,
                            "price": 50400
                        },
                        {
                            "lease": 25,
                            "price": 56900
                        },
                        {
                            "lease": 30,
                            "price": 62300
                        },
                        {
                            "lease": 35,
                            "price": 66800
                        },
                        {
                            "lease": 40,
                            "price": 70700
                        },
                        {
                            "lease": 45,
                            "price": 73900
                        },
                        {
                            "lease": 99,
                            "price": 121700
                        }
                    ],
                    "unit": 362
                }
            ],
            "block_code": {
                "block_num": "117B",
                "contract": "C6",
                "neighbourhood": "N1"
            },
            "dpd_date": {
                "year": 2020,
                "month": 4,
                "day": 30,
                "quarter": null,
                "months_since": 35
            },
            "flat_type": "2-Room Flexi (Short Lease/99-Year Lease)",
            "lcd_date": null,
            "pcd_date": {
                "year": 2019,
                "month": null,
                "day": null,
                "quarter": 2,
                "months_since": 25
            },
            "quota_chinese": 1,
            "quota_malay": 1,
            "quota_other": 1,
            "street": "CANBERRA CRESCENT",
            "town": "Sembawang",
            "title": "EASTLINK II @ CANBERRA",
            "lat": 1.44477386962725,
            "long": 103.830166979441,
            "postal": 752117
        },
        {
            "apartments": [
                {
                    "area": 38,
                    "floor": 9,
                    "is_repurchased": false,
                    "lease_price_list": [
                        {
                            "lease": 15,
                            "price": 32600
                        },
                        {
                            "lease": 20,
                            "price": 38700
                        },
                        {
                            "lease": 25,
                            "price": 43700
                        },
                        {
                            "lease": 30,
                            "price": 47800
                        },
                        {
                            "lease": 35,
                            "price": 51200
                        },
                        {
                            "lease": 40,
                            "price": 54200
                        },
                        {
                            "lease": 45,
                            "price": 56700
                        },
                        {
                            "lease": 99,
                            "price": 93100
                        }
                    ],
                    "unit": 348
                },
                {
                    "area": 47,
                    "floor": 5,
                    "is_repurchased": false,
                    "lease_price_list": [
                        {
                            "lease": 15,
                            "price": 38600
                        },
                        {
                            "lease": 20,
                            "price": 45700
                        },
                        {
                            "lease": 25,
                            "price": 51600
                        },
                        {
                            "lease": 30,
                            "price": 56500
                        },
                        {
                            "lease": 35,
                            "price": 60600
                        },
                        {
                            "lease": 40,
                            "price": 64100
                        },
                        {
                            "lease": 45,
                            "price": 67000
                        },
                        {
                            "lease": 99,
                            "price": 110100
                        }
                    ],
                    "unit": 352
                }
            ],
            "block_code": {
                "block_num": "118A",
                "contract": "C6",
                "neighbourhood": "N1"
            },
            "dpd_date": {
                "year": 2020,
                "month": 4,
                "day": 30,
                "quarter": null,
                "months_since": 35
            },
            "flat_type": "2-Room Flexi (Short Lease/99-Year Lease)",
            "lcd_date": null,
            "pcd_date": {
                "year": 2019,
                "month": null,
                "day": null,
                "quarter": 2,
                "months_since": 25
            },
            "quota_chinese": 2,
            "quota_malay": 2,
            "quota_other": 2,
            "street": "CANBERRA CRESCENT",
            "town": "Sembawang",
            "title": "EASTLINK II @ CANBERRA",
            "lat": 1.44451237003369,
            "long": 103.829598426337,
            "postal": 751118
        },
        {
            "apartments": [
                {
                    "area": 47,
                    "floor": 5,
                    "is_repurchased": false,
                    "lease_price_list": [
                        {
                            "lease": 15,
                            "price": 39200
                        },
                        {
                            "lease": 20,
                            "price": 46400
                        },
                        {
                            "lease": 25,
                            "price": 52400
                        },
                        {
                            "lease": 30,
                            "price": 57400
                        },
                        {
                            "lease": 35,
                            "price": 61500
                        },
                        {
                            "lease": 40,
                            "price": 65100
                        },
                        {
                            "lease": 45,
                            "price": 68100
                        },
                        {
                            "lease": 99,
                            "price": 111900
                        }
                    ],
                    "unit": 326
                }
            ],
            "block_code": {
                "block_num": "118B",
                "contract": "C6",
                "neighbourhood": "N1"
            },
            "dpd_date": {
                "year": 2020,
                "month": 4,
                "day": 30,
                "quarter": null,
                "months_since": 35
            },
            "flat_type": "2-Room Flexi (Short Lease/99-Year Lease)",
            "lcd_date": null,
            "pcd_date": {
                "year": 2019,
                "month": null,
                "day": null,
                "quarter": 2,
                "months_since": 25
            },
            "quota_chinese": 1,
            "quota_malay": 1,
            "quota_other": 1,
            "street": "CANBERRA CRESCENT",
            "town": "Sembawang",
            "title": "EASTLINK II @ CANBERRA",
            "lat": 1.44501703505424,
            "long": 103.829433767066,
            "postal": 752118
        },
        {
            "apartments": [
                {
                    "area": 47,
                    "floor": 8,
                    "is_repurchased": false,
                    "lease_price_list": [
                        {
                            "lease": 15,
                            "price": 43700
                        },
                        {
                            "lease": 20,
                            "price": 51900
                        },
                        {
                            "lease": 25,
                            "price": 58700
                        },
                        {
                            "lease": 30,
                            "price": 64200
                        },
                        {
                            "lease": 35,
                            "price": 68900
                        },
                        {
                            "lease": 40,
                            "price": 72900
                        },
                        {
                            "lease": 45,
                            "price": 76300
                        },
                        {
                            "lease": 99,
                            "price": 125600
                        }
                    ],
                    "unit": 546
                }
            ],
            "block_code": {
                "block_num": "131A",
                "contract": "C12",
                "neighbourhood": "N1"
            },
            "dpd_date": {
                "year": 2020,
                "month": 8,
                "day": 31,
                "quarter": null,
                "months_since": 39
            },
            "flat_type": "2-Room Flexi (Short Lease/99-Year Lease)",
            "lcd_date": null,
            "pcd_date": {
                "year": 2019,
                "month": null,
                "day": null,
                "quarter": 3,
                "months_since": 28
            },
            "quota_chinese": 1,
            "quota_malay": 1,
            "quota_other": 1,
            "street": "CANBERRA CRESCENT",
            "town": "Sembawang",
            "title": "EASTLINK I @ CANBERRA",
            "lat": 1.44372340899626,
            "long": 103.831027075319,
            "postal": 751131
        },
        {
            "apartments": [
                {
                    "area": 47,
                    "floor": 4,
                    "is_repurchased": false,
                    "lease_price_list": [
                        {
                            "lease": 15,
                            "price": 40200
                        },
                        {
                            "lease": 20,
                            "price": 47700
                        },
                        {
                            "lease": 25,
                            "price": 53900
                        },
                        {
                            "lease": 30,
                            "price": 59000
                        },
                        {
                            "lease": 35,
                            "price": 63300
                        },
                        {
                            "lease": 40,
                            "price": 66900
                        },
                        {
                            "lease": 45,
                            "price": 70000
                        },
                        {
                            "lease": 99,
                            "price": 115100
                        }
                    ],
                    "unit": 554
                }
            ],
            "block_code": {
                "block_num": "131B",
                "contract": "C12",
                "neighbourhood": "N1"
            },
            "dpd_date": {
                "year": 2020,
                "month": 8,
                "day": 31,
                "quarter": null,
                "months_since": 39
            },
            "flat_type": "2-Room Flexi (Short Lease/99-Year Lease)",
            "lcd_date": null,
            "pcd_date": {
                "year": 2019,
                "month": null,
                "day": null,
                "quarter": 3,
                "months_since": 28
            },
            "quota_chinese": 1,
            "quota_malay": 1,
            "quota_other": 1,
            "street": "CANBERRA CRESCENT",
            "town": "Sembawang",
            "title": "EASTLINK I @ CANBERRA",
            "lat": 1.44414801416241,
            "long": 103.83085950107,
            "postal": 752131
        },
        {
            "apartments": [
                {
                    "area": 38,
                    "floor": 7,
                    "is_repurchased": false,
                    "lease_price_list": [
                        {
                            "lease": 15,
                            "price": 33500
                        },
                        {
                            "lease": 20,
                            "price": 39700
                        },
                        {
                            "lease": 25,
                            "price": 44900
                        },
                        {
                            "lease": 30,
                            "price": 49100
                        },
                        {
                            "lease": 35,
                            "price": 52600
                        },
                        {
                            "lease": 40,
                            "price": 55700
                        },
                        {
                            "lease": 45,
                            "price": 58200
                        },
                        {
                            "lease": 99,
                            "price": 95700
                        }
                    ],
                    "unit": 514
                }
            ],
            "block_code": {
                "block_num": "132A",
                "contract": "C12",
                "neighbourhood": "N1"
            },
            "dpd_date": {
                "year": 2020,
                "month": 8,
                "day": 31,
                "quarter": null,
                "months_since": 39
            },
            "flat_type": "2-Room Flexi (Short Lease/99-Year Lease)",
            "lcd_date": null,
            "pcd_date": {
                "year": 2019,
                "month": null,
                "day": null,
                "quarter": 3,
                "months_since": 28
            },
            "quota_chinese": 1,
            "quota_malay": 1,
            "quota_other": 1,
            "street": "CANBERRA CRESCENT",
            "town": "Sembawang",
            "title": "EASTLINK I @ CANBERRA",
            "lat": 1.44343727702649,
            "long": 103.831268697471,
            "postal": 751132
        },
        {
            "apartments": [
                {
                    "area": 47,
                    "floor": 3,
                    "is_repurchased": false,
                    "lease_price_list": [
                        {
                            "lease": 15,
                            "price": 35000
                        },
                        {
                            "lease": 20,
                            "price": 42000
                        },
                        {
                            "lease": 25,
                            "price": 47700
                        },
                        {
                            "lease": 30,
                            "price": 52400
                        },
                        {
                            "lease": 35,
                            "price": 56300
                        },
                        {
                            "lease": 40,
                            "price": 59700
                        },
                        {
                            "lease": 45,
                            "price": 62600
                        },
                        {
                            "lease": 99,
                            "price": 104300
                        }
                    ],
                    "unit": 81
                }
            ],
            "block_code": {
                "block_num": "132C",
                "contract": "C12",
                "neighbourhood": "N1"
            },
            "dpd_date": {
                "year": 2020,
                "month": 8,
                "day": 31,
                "quarter": null,
                "months_since": 39
            },
            "flat_type": "2-Room Flexi (Short Lease/99-Year Lease)",
            "lcd_date": null,
            "pcd_date": {
                "year": 2019,
                "month": null,
                "day": null,
                "quarter": 3,
                "months_since": 28
            },
            "quota_chinese": 1,
            "quota_malay": 1,
            "quota_other": 1,
            "street": "CANBERRA VIEW",
            "town": "Sembawang",
            "title": "EASTLINK I @ CANBERRA",
            "lat": 1.44267309971104,
            "long": 103.830958251012,
            "postal": 753132
        },
        {
            "apartments": [
                {
                    "area": 47,
                    "floor": 7,
                    "is_repurchased": false,
                    "lease_price_list": [
                        {
                            "lease": 15,
                            "price": 38900
                        },
                        {
                            "lease": 20,
                            "price": 46100
                        },
                        {
                            "lease": 25,
                            "price": 52100
                        },
                        {
                            "lease": 30,
                            "price": 57000
                        },
                        {
                            "lease": 35,
                            "price": 61200
                        },
                        {
                            "lease": 40,
                            "price": 64700
                        },
                        {
                            "lease": 45,
                            "price": 67700
                        },
                        {
                            "lease": 99,
                            "price": 111300
                        }
                    ],
                    "unit": 707
                }
            ],
            "block_code": {
                "block_num": "363A",
                "contract": "C8",
                "neighbourhood": "N3"
            },
            "dpd_date": {
                "year": 2019,
                "month": 4,
                "day": 30,
                "quarter": null,
                "months_since": 23
            },
            "flat_type": "2-Room Flexi (Short Lease/99-Year Lease)",
            "lcd_date": null,
            "pcd_date": {
                "year": 2018,
                "month": null,
                "day": null,
                "quarter": 2,
                "months_since": 13
            },
            "quota_chinese": 1,
            "quota_malay": 1,
            "quota_other": 1,
            "street": "SEMBAWANG CRESCENT",
            "town": "Sembawang",
            "title": "SUN NATURA",
            "lat": 1.44576016585331,
            "long": 103.814267716736,
            "postal": 751363
        },
        {
            "apartments": [
                {
                    "area": 47,
                    "floor": 3,
                    "is_repurchased": false,
                    "lease_price_list": [
                        {
                            "lease": 15,
                            "price": 35300
                        },
                        {
                            "lease": 20,
                            "price": 41800
                        },
                        {
                            "lease": 25,
                            "price": 47200
                        },
                        {
                            "lease": 30,
                            "price": 51600
                        },
                        {
                            "lease": 35,
                            "price": 55300
                        },
                        {
                            "lease": 40,
                            "price": 58500
                        },
                        {
                            "lease": 45,
                            "price": 61200
                        },
                        {
                            "lease": 99,
                            "price": 100400
                        }
                    ],
                    "unit": 725
                }
            ],
            "block_code": {
                "block_num": "363B",
                "contract": "C8",
                "neighbourhood": "N3"
            },
            "dpd_date": {
                "year": 2019,
                "month": 4,
                "day": 30,
                "quarter": null,
                "months_since": 23
            },
            "flat_type": "2-Room Flexi (Short Lease/99-Year Lease)",
            "lcd_date": null,
            "pcd_date": {
                "year": 2018,
                "month": null,
                "day": null,
                "quarter": 2,
                "months_since": 13
            },
            "quota_chinese": 1,
            "quota_malay": 1,
            "quota_other": 1,
            "street": "SEMBAWANG CRESCENT",
            "town": "Sembawang",
            "title": "SUN NATURA",
            "lat": 1.44575590718726,
            "long": 103.813638043808,
            "postal": 752363
        },
        {
            "apartments": [
                {
                    "area": 48,
                    "floor": 9,
                    "is_repurchased": false,
                    "lease_price_list": [
                        {
                            "lease": 15,
                            "price": 39100
                        },
                        {
                            "lease": 20,
                            "price": 46400
                        },
                        {
                            "lease": 25,
                            "price": 52400
                        },
                        {
                            "lease": 30,
                            "price": 57300
                        },
                        {
                            "lease": 35,
                            "price": 61500
                        },
                        {
                            "lease": 40,
                            "price": 65000
                        },
                        {
                            "lease": 45,
                            "price": 68000
                        },
                        {
                            "lease": 99,
                            "price": 111900
                        }
                    ],
                    "unit": 169
                },
                {
                    "area": 48,
                    "floor": 6,
                    "is_repurchased": false,
                    "lease_price_list": [
                        {
                            "lease": 15,
                            "price": 37500
                        },
                        {
                            "lease": 20,
                            "price": 44500
                        },
                        {
                            "lease": 25,
                            "price": 50200
                        },
                        {
                            "lease": 30,
                            "price": 54900
                        },
                        {
                            "lease": 35,
                            "price": 58900
                        },
                        {
                            "lease": 40,
                            "price": 62300
                        },
                        {
                            "lease": 45,
                            "price": 65200
                        },
                        {
                            "lease": 99,
                            "price": 107100
                        }
                    ],
                    "unit": 171
                }
            ],
            "block_code": {
                "block_num": "366A",
                "contract": "C7",
                "neighbourhood": "N3"
            },
            "dpd_date": {
                "year": 2019,
                "month": 3,
                "day": 31,
                "quarter": null,
                "months_since": 22
            },
            "flat_type": "2-Room Flexi (Short Lease/99-Year Lease)",
            "lcd_date": null,
            "pcd_date": {
                "year": 2018,
                "month": null,
                "day": null,
                "quarter": 1,
                "months_since": 10
            },
            "quota_chinese": 2,
            "quota_malay": 2,
            "quota_other": 2,
            "street": "SEMBAWANG CRESCENT",
            "town": "Sembawang",
            "title": "SUN BREEZE",
            "lat": 1.44380050698252,
            "long": 103.816211984803,
            "postal": 751366
        },
        {
            "apartments": [
                {
                    "area": 47,
                    "floor": 13,
                    "is_repurchased": false,
                    "lease_price_list": [
                        {
                            "lease": 15,
                            "price": 40700
                        },
                        {
                            "lease": 20,
                            "price": 48800
                        },
                        {
                            "lease": 25,
                            "price": 55400
                        },
                        {
                            "lease": 30,
                            "price": 60800
                        },
                        {
                            "lease": 35,
                            "price": 65400
                        },
                        {
                            "lease": 40,
                            "price": 69300
                        },
                        {
                            "lease": 45,
                            "price": 72600
                        },
                        {
                            "lease": 97,
                            "price": 120600
                        }
                    ],
                    "unit": 56
                }
            ],
            "block_code": {
                "block_num": "593B",
                "contract": "C1B",
                "neighbourhood": "N5"
            },
            "dpd_date": null,
            "flat_type": "2-Room Flexi (Short Lease/99-Year Lease)",
            "lcd_date": {
                "year": 2015,
                "month": 4,
                "day": 1,
                "quarter": null,
                "months_since": -25
            },
            "pcd_date": null,
            "quota_chinese": 1,
            "quota_malay": 0,
            "quota_other": 1,
            "street": "MONTREAL LINK",
            "town": "Sembawang",
            "title": "MONTREAL VILLE",
            "lat": 1.45136997019675,
            "long": 103.828324578002,
            "postal": 752593
        }
    ]
}