[{
    "apartments": [
        {
            "area": 59.0,
            "floor": 3,
            "is_repurchased": true,
            "lease_price_list": [
                {
                    "lease": null,
                    "price": 259000
                }
            ],
            "unit": 246
        }
    ],
    "block_code": {
        "block_num": "7",
        "contract": "C5",
        "neighbourhood": "N2"
    },
    "dpd_date": "NA (Keys Available)",
    "flat_type": "3-Room",
    "lcd_date": "01 Jan 1975",
    "pcd_date": "-",
    "quota_chinese": 1,
    "quota_malay": 1,
    "quota_other": 1,
    "street": "MARINE TER",
    "town": "Marine Parade"
},
{
    "apartments": [
        {
            "area": 65.0,
            "floor": 8,
            "is_repurchased": true,
            "lease_price_list": [
                {
                    "lease": null,
                    "price": 304000
                }
            ],
            "unit": 202
        }
    ],
    "block_code": {
        "block_num": "66",
        "contract": "C11",
        "neighbourhood": "N2"
    },
    "dpd_date": "NA (Keys Available)",
    "flat_type": "3-Room",
    "lcd_date": "01 Mar 1976",
    "pcd_date": "-",
    "quota_chinese": 1,
    "quota_malay": 1,
    "quota_other": 1,
    "street": "MARINE DR",
    "town": "Marine Parade"
}]
