[{
    "apartments": [
        {
            "area": 120.0,
            "floor": 18,
            "is_repurchased": true,
            "lease_price_list": [
                {
                    "lease": null,
                    "price": 738000
                }
            ],
            "unit": 178
        }
    ],
    "block_code": {
        "block_num": "14",
        "contract": "C2",
        "neighbourhood": "N2"
    },
    "dpd_date": "NA (Keys Available)",
    "flat_type": "5-Room",
    "lcd_date": "01 Jan 1975",
    "pcd_date": "-",
    "quota_chinese": 1,
    "quota_malay": 1,
    "quota_other": 1,
    "street": "MARINE TER",
    "town": "Marine Parade"
}]
